<?xml version="1.0" encoding="utf-8" standalone="no"?>
<article id="11" type="standard" filename="result" version="2.1.1.1">
    <title>附录 B（规范性）验车相关要求</title>
    <body>
        <p id="1">B.1用于改装的国产底盘应是通过国家鉴定的定型产品，并有产品合格证、产品一致性证明、3C证书及环保清单；进口底盘应有进口货物证明、检疫证明、产品一致性清单、环保清单。生产企业应对所用底盘装配质量进行检验，合格后方可进行装车，车身使用年限应大于十年。</p>
        <p id="2">B.2未经底盘生产企业许可不应更改汽车底盘的发动机、传动系、制动系、行驶系和转向系等关键总成。</p>
        <p id="3">B.3数字电视转播车车体改装完成后的检测，在指定的国家检测机构进行整车检验，并出具产品合格报告，包括定型、外廓、侧翻、制动、ABS等方可申报整车公告，申请整车合格证、3C证书、一致性证书、环保清单、特种车免征购置税等完成后，即可进入上牌流程。</p>
        <p id="4">B.4数字电视转播车VIN号应该符合GB 16735—2019的相关规定。</p>
    </body>
    <prolog>
        <metadata>
            <cataloglink/>
            <phypage>40</phypage>
            <pubpage>34</pubpage>
        </metadata>
    </prolog>
    <bibliography/>
</article>
