<?xml version="1.0" encoding="utf-8" standalone="no"?>
<article id="23" type="book" filename="result" version="2.1.1.1">
    <title>第1节||学科化服务的背景与内涵</title>
    <body>
        <p id="1">如今的图书馆所面临的挑战是前所未有的：网络资源呈指数级增长，搜索引擎大行其道，以Google为代表的新兴信息网关冲击着图书馆传统信息服务中心的地位。伴随着信息资源的数字化和服务模式的多样化，用户的信息查询行为和使用习惯也发生了巨大的变化。2005年OCLC用户对“图书馆和信息资源的认知”报告提供了一个明确的结论：用户已经将搜索引擎作为信息获取的首选。不容回避的是，用户与搜索引擎的关系日渐亲近和密切，与图书馆则变得愈加疏远和陌生。图书馆将因此失去越来越多赖以生存和发展的用户，进而逐步失去信息社会和网络化时代的竞争力。于是，如何适应信息时代的发展，改变传统的服务方式和手段，为教学科研提供主动、深层次的学科化、知识化服务，成为目前高校图书馆发展的一个核心问题。</p>
        <p id="2">学科化服务是网络环境和信息环境下，大学图书馆面对用户信息需求和信息行为变化而采取的一种新的服务模式。它突破了传统的基于图书馆管理的服务理念和方式，逐渐成为大学图书馆占据主导的服务形式。</p>
        <section id="3">
            <title>1 开展学科化服务的必要性</title>
            <p id="4">国内外近些年的实践证明，学科馆员制度使大学图书馆真正融入了学校的教学科研当中，使各种形式、各种载体的文献信息资源得以较为充分的揭示和有效的利用，为教学、科研提供了更为有效的支撑，从而改善了图书馆的形象，增强了图书馆的功能定位，深刻体现出图书馆服务的意义和价值所在。可以说，开展学科化服务，尤其对高校和研究型图书馆而言，是适应未来生存与发展的必然选择。</p>
            <section id="5">
                <title>1.1 用户信息环境和信息需求的变化促使图书馆服务方式的改革</title>
                <p id="6">20 世纪末以来，网络技术、数字技术的发展给图书馆带来了前所未有的冲击。首先，网络资源的膨胀发展需要学科馆员的导航，而基于网络的新型学术出版与交流要求学科馆员发挥更重要的作用；第二，数字图书馆的建设在经历信息资源数字化、分布式互操作系统之后，开始向基于用户信息活动环境的方向发展，使数字图书馆的服务定制嵌入到科研环境中成为可能；第三，在E-science环境下，使创新学习机制的建立、研究机构数字资源的保存，以及基于开放存取机制的学术交流模式的建立成为科研领域的热门话题，这些方面的研究与建设也给学科馆员提供了新的发展机会。</p>
                <p id="7">同时，网络化、数字化技术的发展使用户需求不断发生变化，对图书馆信息服务要求也越来越高。一方面，网络化、数字化获取科技信息已逐步成为前沿科研人员的一种基本要求和行为习惯，并且希望这种获取服务直接“到桌面、进现场”，有机地融入科研过程；另一方面，随着研究任务的复杂化，科研人员要实现跨越国家、跨地区、跨学科领域界限的交流合作，希望学科服务人员能从提供一般性文献服务转变为提供学科化的知识服务，以帮助解决科研活动过程中遇到的实际问题。</p>
            </section>
            <section id="8">
                <title>1.2 图书馆提升服务能力和增强竞争力的需要</title>
                <p id="9">大学及研究型图书馆一直被认为是高质量学术信息的集散地和可靠检索入口，这也成为图书馆能与良莠不齐的网络信息抗衡的重要理由，但Google Scholar的出现打破了这一平衡。以Google为代表的新兴信息网关冲击着图书馆传统信息服务中心的地位，为了增强行业竞争力和影响力，提高图书馆的地位，必须加强服务宣传和自我形象塑造，增强服务的渗透力和辐射功能。张晓林提出要从以具体资源和具体机构为基础的服务转移到以能力为基础的知识化服务，利用虚拟信息服务体系的广泛和可持续发展的信息能力，促进专业化、课题化、个人化信息服务，有效解放图书馆员的生产力，实现图书馆服务功能再造。</p>
                <p id="10">目前，创新型图书馆愈来愈受到广泛关注。创新型图书馆有两层基本含义：其一是引入内部创新机制，使图书馆首先成为具有主动创新意识和较强适应能力的知识服务保障体系，推动研究型综合性大学的发展；其二是创建有吸引力的学习研究环境和智能化设施，积极融入科研和创新过程，为创新主体提供高质量的服务支撑平台。学科化服务可以说是内部创新机制的全面体现。不仅主动深入院系为读者开展专业资源和辅导，依托图书馆和院系实体开展学科服务，还主动将学科化服务融入用户的虚拟社区中，与BBS,Blog,Mailing List,Folksonomy上的用户紧密互动，提供及时有效的服务，使图书馆的服务渗透到用户的学习、科研中，将图书馆“泛在化”。这对于改变图书馆服务形象、提升图书馆服务能力、增强图书馆的竞争力而言，无疑走出了跨越式的一步。与此同时，开展学科化服务有利于建立科学的管理体系，完善图书馆馆藏和资源结构，推动学科馆员主动进行在职培训，提高图书馆的整体服务质量。因此，加强学科化服务建设成为了图书馆提升服务能力、改变服务效果、重塑自身形象的重要手段。</p>
            </section>
            <section id="11">
                <title>1.3 学科馆员制度自身的优势</title>
                <p id="12">资源和服务是图书馆的两大支柱，学科馆员工作的意义在于以学科化服务促进资源建设与挖掘利用。在网络技术和数字化技术迅猛发展的时代，研究型大学图书馆若要体现出不可替代的价值，就必须在传统服务的基础上，将重心转向深层次的、个性化的学科化知识服务。</p>
                <p id="13">学科化服务的出现为图书馆注入了新的生机，其意义主要表现在三个方面：①学科化服务是图书馆为高校学科建设所提供的最有针对性的信息服务；②学科化服务是网络时代开展知识服务的有效途径。如目前图书馆开展的学科导航服务、学科知识门户建设等；③学科化服务是与用户进行沟通，并不断改进资源建设、完善图书馆服务的较为理想的模式。</p>
                <p id="14">图书馆的学科化服务没有优劣之分，最重要的是适应用户的需要。通过学科馆员的服务，建立一种真正面向用户的全馆服务机制，推动全馆面向用户、面向服务的业务重组，为一线的用户服务，为服务的效果负责。如果说，学科化服务模式今天只适用于学科馆员的话，那么，很可能，图书馆服务的未来发展也必然遵从这样一种轨迹。</p>
                <p id="15">总而言之，学科化服务模式有助于图书馆更好地融入学校的教学和科研活动中，加速信息资源的传递与交流，解除师生在利用文献资源过程中的疑虑和困难，为其教学和科研提供深层次信息服务支持，促进教学科研活动的顺利开展，深化图书馆信息服务的内容和层次。</p>
            </section>
        </section>
        <section id="16">
            <title>2 学科化服务的内涵</title>
            <p id="17">所谓学科化服务，就是按照科学研究例如学科、专业、项目而不再是按照文献工作流程来组织科技信息工作，使信息服务学科化而不是阵地化，使服务内容知识化而不是简单的文献检索与传递，从而提高信息服务对用户需求和用户任务的支持力度。学科化服务是为了满足特定用户群体的个性化信息需求而开展的深层次信息服务，其主要目标是使信息服务从基于图书馆端系统过渡到基于用户端系统，从作为第三方系统过渡到成为具体科研活动的有机组成部分，保证信息服务的出发点和考核目标能够被定位在科学研究上，通过建立科技信息人员与科研人员之间的紧密合作伙伴关系，促使信息服务对科学研究负责而不单单对信息服务机构负责，从而扩大图书馆在科研活动中的影响力。学科化服务的出现是信息传递服务全面发展的结果。</p>
            <p id="18">学科化服务是一种处于不断发展和探索中的服务模式。目前各种类型图书馆学科化服务的内容都不尽相同，但基本涵盖了针对不同学科用户群体的需求，提供个性化和有参考价值的信息资源推荐、过滤、导航、建设，学科咨询、学科情报追踪与研究以及信息素养教育等。学科化服务是高校图书馆较具优势的一种新型服务模式。它以学科为基础，采用先进的信息技术和网络技术，为高校图书馆用户提供深层次、知识化、专业化、个性化的集成服务，能够适应科技自主创新的要求，最大限度地满足高校师生的个性化信息与知识需求。</p>
            <p id="19">从理想的模式与机制而言，学科化服务不仅仅是一种服务，也不仅仅是用户联络、参考咨询、用户培训、学科资源建设，它不是众多图书馆服务中的一种，而是站在用户的角度，从用户的利益出发，从用户的需求出发，顺应用户的行为，调动全馆以及所有可能的人力、物力、财力资源，融入用户物理或虚拟社区，以知识服务为手段，为用户构建一个适应其个性化信息需要、适应其学术交流需要的信息保障环境。它要求图书馆不再是以前那样简单地传递用户的所需资源，而是参与到具体学科的研究中去，成为学科研究的一分子，更好地把握该学科的内容知识，从信息服务提升到知识服务。</p>
        </section>
    </body>
    <bibliography/>
    <footnote/>
</article>
