<?xml version="1.0" encoding="utf-8" standalone="no"?>
<article id="7" type="standard" filename="result" version="2.1.1.1">
    <title>5 概述</title>
    <body>
        <p id="1">数字电视转播车是一种独立的、完整的、可机动运行的视音频制作单元，由“车体部分和视音频系统”组成，用于体育赛事、综艺节目和时政新闻活动等节目的现场制作。</p>
        <p id="2">车体部分由车头、车辆底盘、车厢、支撑及驱动系统、配电系统、空调系统、照明系统等组成。数字电视转播车内可包括主制作区、副制作区、技术区、音频区等，不同配置的数字电视转播车可能有所区别。数字电视转播车车内布局示意图见图1。</p>
        <figure id="3">
            <title>图1 数字电视转播车车内布局示意图</title>
            <image href="images/result_00300.jpg" placement="break">
                <alt>图1 数字电视转播车车内布局示意图</alt>
            </image>
        </figure>
        <p id="4">主制作区主要包括导演、助理导演、切换、视觉工程师、字幕及包装、编辑、通用等工位，能够监看节目制作的所有图像信号，满足节目审看、信号编辑、素材播放、慢动作制作等技术需求，具备信号的选择切换、声音信号的监听、各相关工种之间的通话和时钟显示功能。</p>
        <p id="5">副制作区（可根据需求设置）主要包括素材播放、慢动作制作等工位，能够独立完成简单信号的制作，承担融媒体多平台分发功能，也可以为主制作区的制作提供工位补充，监看节目制作的所有图像信号，满足信号编辑、素材播放、慢动作制作等技术需求，具备信号的选择切换，声音信号的监听、各相关工种之间的通话和时钟显示功能。</p>
        <p id="6">技术区主要包括技术监制、系统工程师、摄像机调整控制、录制等工位，满足视音频设备调试、系统设置、输入输出信号监看、摄像机图像调整、节目质量控制等技术需求，具备对所有设备进行控制及设置，所有信号的选切、监看和调度和声音信号的监听、各相关工种之间的通话功能。</p>
        <p id="7">音频区主要包括调音师、助理调音师、音频技术等工位，满足节目的音频信号制作、音频信号的接入及混音输出、音频系统的设置等技术需求，具备监听和处理所有音频信号、播放音频介质、监看相关图像信号，以及各相关工种之间的通话功能。</p>
        <p id="8">车内视音频系统由视频系统、音频系统、监看系统、监听系统、信号管理系统、同步系统、通话系统、切换指示系统、时钟系统等组成。视频系统的实现方式可分为SDI或IP，以IP方式实现的视频系统示意图见图2，以SDI方式实现的视频系统示意图见图3，音频系统示意图见图4。</p>
        <figure id="9">
            <title>图2 以IP方式实现的视频系统示意图</title>
            <image href="images/result_00900.jpg" placement="break">
                <alt>图2 以IP方式实现的视频系统示意图</alt>
            </image>
        </figure>
        <figure id="10">
            <title>图3 以SDI方式实现的视频系统示意图</title>
            <image href="images/result_01000.jpg" placement="break">
                <alt>图3 以SDI方式实现的视频系统示意图</alt>
            </image>
        </figure>
        <figure id="11">
            <title>图4 音频系统示意图</title>
            <image href="images/result_01100.jpg" placement="break">
                <alt>图4 音频系统示意图</alt>
            </image>
        </figure>
    </body>
    <prolog>
        <metadata>
            <cataloglink/>
            <phypage>9-10-11</phypage>
            <pubpage>3-4-5</pubpage>
        </metadata>
    </prolog>
    <bibliography/>
</article>
