<?xml version="1.0" encoding="utf-8" standalone="no"?>
<article id="7" type="book" filename="result" version="2.1.1.1">
    <title>第3节||数字图书馆的特点</title>
    <body>
        <p id="1">数字图书馆与传统图书馆在基本的文献揭示和信息传递上所起的作用是相同的。从本质上讲，都是信息的有序化与增值传递，但在处理对象、工作程序、表现形态等方面却有极大的差异。数字图书馆建设使传统图书馆迈入了一个崭新的天地，数字图书馆及其组成部分虽然仍称为图书馆，但其与传统图书馆相比，具有独有的特征：即物理空间实体不再是特定标志。</p>
        <p id="2">数字图书馆是在科技知识呈几何级数增长的学习化社会背景下发展起来的。数字图书馆的服务内容和结构多元化形成的“即时生产”型的服务体系，使人们可以根据工作、生活、休闲等需要，在可能的场合随时随地自主进行学习，随时获取知识、提高能力，读者成了图书馆服务过程中的认知主体，图书馆员与读者在时空上处于准分离状态，读者的学习可以是灵活、多样、开放的，这些都构成了数字图书馆以下的显著特点。</p>
        <p id="3">(1）从图书馆类别来看，数字图书馆具有以下特点</p>
        <p id="4">①从对象来看，数字图书馆的对象可以是社会全体成员。数字图书馆对读者没有限制条件，为人们提供了多种可供选择的学习方式和内容，特别是给那些没有机会到图书馆读书的人们提供了良好的学习条件。</p>
        <p id="5">②从图书馆公共与否来看，数字图书馆可以是公共图书馆，也可以是非公共图书馆。为了满足社会和个人发展需求，数字图书馆的体制、办馆形式、服务设置必然朝着多层次、多形式、多规格方向发展。</p>
        <p id="6">③从图书馆的场地来看，只要具备上网的地方，就可以通过网络进行自主学习，突破了传统的图书馆和阅览室的限制。可以是在图书馆内学习，可以在图书馆外学习，可以在工作场所学习，也可以在家庭学习。网络技术的广泛应用，为进一步拓宽图书馆服务范围提供了条件。</p>
        <p id="7">④从接受图书馆服务的目的来看，可以是教学和科研的需要，可以是学历教育的需要，也可以是非学历教育的需要，比如符合个人兴趣爱好的各种报告会、讲演、讲习班、研讨班、培训班等。</p>
        <p id="8">(2）从图书馆功能来看，数字图书馆具有以下特点</p>
        <p id="9">①虚拟性。各种载体的数字化转换与藏取，虚拟性成为数字图书馆的最大特点。各种文献载体将被数字化，包括各种印刷型文本（古籍、善本）、地图、缩微资料、视听资料和动画片、电影片等。在数字图书馆中，将以多媒体数据为主。</p>
        <p id="10">②重复性。组织有效的访问和查询。数字图书馆的储存功能使图书馆资源重复使用不会被消耗，并无磨损，使数字图书馆资源成为一种取之不尽的资源，能够保存和积累。同时数字图书馆资源使用者又成为数字图书馆资源提供者。数字图书馆储存着丰富优质的资源，为人们长时间反复使用信息资源提供了可能性。分布式管理是数字图书馆发展的高级阶段，它意味着全球数字图书馆遵循统一的访问协议之后，数字图书馆可以实现“联机检索”。全球数字图书馆将像现在的Internet连接网站一样，把全球的数字化资源联为一体，成为一个巨大的图书馆。通过有效的文本数据库查询技术和多媒体资料的查询技术，直接对图像、声音建立索引，可以按照颜色、形状、纹理在图像中的位置对图像进行查找。</p>
        <p id="11">③替代性。数字图书馆可以代替人进行图书馆服务，即人—机图书馆服务；可以代替或演示事物的反应与发展过程，使服务内容更生动、直观、形象、具体。数字化图书馆大多采用客户机/服务器的模式，客户、图书馆服务器和对象服务器构成信息传递的核心结构。图书馆服务器主要管理数据的目录、索引和查询，而对象服务器用于管理数字化的对象（即各种类型载体的原文献）。海量数据的存储和管理显示了数字图书馆的规模与能力。</p>
        <p id="12">④隐蔽性。多媒体网络为数字化图书馆提供了一个资料的传输环境。今后的NII和CII就是最好的环境。可以说，宽带综合业务数字网（B—ISDN）将成为多媒体通讯的基本传输网络。数字图书馆通过现代网络信息技术提供给读者的是虚拟和虚拟化的空间。网络的隐蔽性使人们处于时空的隔离。只要有网络设施，人们就可以在任何地点、任何时间通过网络浏览数字图书馆看自己想看的东西，且很难被人察觉，这有利于保护个人隐私，也有利于个体的发展。</p>
        <p id="13">⑤开放性。开放性是指数字图书馆向任何人在任何地点、任何时候，以任何内容、任何方式提供学习机会。数字图书馆具有一般计算机网络系统的管理功能，要重视各种类型用户的权限管理，更重要的是用适当的技术确保版权人的资源不被滥用。开放性带来读者使用数字图书馆的自由性、灵活性、针对性和适应性；开放性也带来了人们思想价值观念的开放，使人们的视野更为开阔，思维方式更具全局性和整体性。</p>
        <p id="14">⑥平等性。数字图书馆的隐蔽性使人的身份隐蔽，人面对数字图书馆都是平等的。不论你是教授还是中小学生，你的使用权都是一样的。数字图书馆使以往的图书馆服务模式发生了深刻的、根本的变化，世界性的图书馆服务已成为一种现实，图书馆服务也由单向性向交互式转变。</p>
    </body>
    <bibliography/>
    <footnote/>
</article>
