<?xml version="1.0" encoding="utf-8" standalone="no"?>
<article id="17" type="book" filename="result" version="2.1.1.1">
    <title>第2节||数字图书馆信息服务的功能</title>
    <body>
        <section id="1">
            <title>1 文献传递功能</title>
            <p id="2">文献传递是人类社会知识交流的重要途径之一。图书馆工作是以文献为对象，向用户提供知识信息的过程。它的直接目的是通过文献传递和交流，把知识和信息传递给用户。</p>
            <p id="3">在科学技术迅速发展的今天，文献信息量急剧增长。为了使人们充分地获得文献，并有效地利用文献，解决文献数量庞大、分布无序与读者要求其有序化之间的矛盾，就要把数量众多的、散乱无序的文献，搜集、整理、加工成有序的知识系列，把一切社会知识纳入到一个有效的科学体系中，通过文献信息服务提供给读者，以便建立人与知识、信息之间的联系，发挥文献的最大效用。文献信息服务是人类知识信息交流系统的组成部分之一。</p>
            <p id="4">文献信息服务是通过两方面来进行交流的：一是纵向交流，它是通过文献信息的保存而实现的代际交流，把产生于不同时代的人类知识延续下去，传递给现代的人，也就是说，把不同时代的科学大脑连接起来。二是横向交流，它是通过文献信息的人际交流，把不同地区凝聚着人类知识的文献，在更大的空间范围连接起来。通过纵的和横的两方面的交流，文献信息得以在时间上长久地延续，在空间上广泛地传播开来，使得人类共同创造的知识财富代代相传，促使人类的知识、信息进一步沟通。</p>
            <p id="5">文献传递处于中介地位，它是文献信息的汇集点，又是文献信息的发送源。它以特定的文献信息开展信息传递活动，将个人知识与社会知识互相转化，将文献中凝聚的知识，活化为流动的知识，将文献中潜在的知识，转化为现实的知识，把前人留下的历史知识或综合性的知识，转化为现在人们所需要的实际知识或文化、科学、技术知识，从而促进用户的学习、研究或工作，达到沟通思想、传递信息、促进社会进步的作用。</p>
            <p id="6">文献信息服务的中介作用还表现在连接文献和用户。图书馆的一切活动都是围绕着用户开展的。它一方面要使大量的文献找到最需要利用它们的用户，另一方面要使广大用户找到他们最需要、最适用的文献，充分满足读者多样化的需求。信息服务就是要在读者与文献之间发挥中介作用，做到“为人找书”和“为书找人”，在用户与文献信息之间起纽带作用。</p>
        </section>
        <section id="7">
            <title>2 智力开发的功能</title>
            <p id="8">智力是人类特有的心理过程，是人们认识能力和实践能力的总和，智力的高低反映出一个人对客观世界认识的正确程度和深刻程度，以及解决实际问题的有效程度和水平高低。智力与一个人的知识水平和信息获取能力有很大的关系。图书馆是一个巨大的知识宝库，因为在它所收藏的或从其他渠道获得的文献里面蕴藏着人类所创造的全部知识。信息服务的职责就是将文献中的知识尽最大可能开发出来，使用户通过吸取其中的知识、信息，提高文化素养、道德素养、科学素养，在提高他们的智力水平方面发挥作用。</p>
            <p id="9">智力开发即通过一定的手段和方法，提高人们的知识和技能，充分发挥人的智慧、才能与创造性。文献信息服务在智力开发中占有特殊地位，因为智力是由知识激发而成，知识是开启智力的钥匙。用户通过知识信息的学习、利用、思考和诱导，可激发头脑中的潜能，将潜藏在大脑中的能力发展为思考能力、理解能力、分析综合能力、信息观察能力、社交能力、组织管理能力、动手能力、自我控制能力、自我发展能力等，这些能力都是反映个人智力水平的标志。</p>
            <p id="10">用户通过图书馆信息服务，可以提高自学能力，养成独立思考、独立钻研、独立探索问题的能力，促进思维意识的觉醒。用户通过自学和阅读，还可以提高口头表达能力和文字表达能力。自学能力的培养和提高也是智力开发的重要内容。</p>
        </section>
        <section id="11">
            <title>3 辅助科研的功能</title>
            <p id="12">文献信息服务在辅助和促进科研方面的功能是显而易见的。在科技迅速发展的今天，信息数量剧增。为了节省科研人员的时间，文献信息服务部门要根据读者的需要，对文献信息进行搜集、检索、筛选、分析和加工，其目的是帮助科研工作者高效率地、准确地获取文献、信息，不断扩大读者可资利用的文献信息量。这些工作已成为科研工作的重要组成部分，是科研的前期劳动。</p>
            <p id="13">其次要有针对性地为读者搜集、筛选、整序所需的文献。网上的文献多而杂，大量冗余信息泛滥，读者往往苦于找不到自己所需要的信息，查找和利用文献信息有不少麻烦和不便。图书馆应有针对性地搜集、筛选、整合有关的文献信息，确定文献信息的价值，按专题或专业组成信息导航资料系统，提供或推送给用户使用，给用户以必要的导读。这也是节省用户的时间与精力，提高为科研服务准确性的重要方面。</p>
            <p id="14">加快文献传递的速度也是提高为科研服务效率的重要方面，而现代化手段的应用，特别是因特网的开通，使得文献的快速传递成为可能。</p>
        </section>
        <section id="15">
            <title>4 进行教育的功能</title>
            <p id="16">文献信息服务在提高全民族的教育水平、思想品德、文化素质方面也发挥着重要作用。信息服务部门通过文献的流通和宣传辅导、解答咨询等活动来达到教育目的，这种教育不受年龄的限制，成人、儿童都能利用；没有年限的限制，可以长期在图书馆学习、研究；采取自学的方式，具有较大的灵活性、自主性和自选性，可以培养用户的独立性、创造性和开拓性。这种教育形式，涉及的人数众多，学科领域广泛，适用于不同职业、不同文化水平的用户广泛地、长时间地利用，因此是提高全民族科学、文化水平的重要基地。</p>
            <p id="17">图书馆向用户进行教育的范围很广，包括：思想品德教育、专业学习教育、信息意识和信息能力教育、终身教育等。</p>
            <p id="18">图书馆向用户，特别是青少年推荐优秀的书刊，开展各种读书指导活动，使他们从书刊中受到爱国主义精神的感染和熏陶，增强对国家、对社会、对民族的责任感和民族自尊心。通过对祖国悠久历史和灿烂文化的宣传，提高他们的自尊、自信、自强的观念，树立正确的人生观和世界观，要使图书馆成为德育教育的基地。</p>
            <p id="19">图书馆在专业教育方面，可配合教学活动向读者提供有关的参考书或国内外参考资料，补充专业方面的新理论、新观点、新成果，扩大相关的知识视野，为他们的自主学习创造条件，促进他们自我优势和创新精神的发展。</p>
            <p id="20">在用户信息教育方面，图书馆有着特殊的作用。信息教育首先是信息意识的教育，要帮助用户树立信息主体意识、信息传播意识、信息更新意识、信息守法意识等。使用户树立明确的信息价值观，提高对信息来源、信息价值的认识与开发。其次要进行信息能力的教育，包括：认识到信息有助于解决面临的问题，知道去哪里获取信息，能利用各种检索工具或搜索引擎去查找自己所需要的信息、资料，有分析、理解、评价信息的能力，有网络操作和处理信息的能力，有使用和交流信息的能力等。</p>
            <p id="21">现代科技知识更新很快，加快了知识老化的进程。人们要适应新形势、新的工作岗位，就必须随时依其需要，学习新的知识，终身教育成了当今世界生存的概念。终身教育是学校教育在时间及职能上的延伸，其宗旨是通过不断的学习，使人在价值观念、科技知识、生活能力等方面，都能适应社会，保持同步发展，以适应社会的变化。为了跟上形势发展的需要，接受继续教育、终身教育是非常必要的。除了参加和接受各种专业的业余教育外，利用文献进行自学，提高、充实和更新自己的知识是一种重要的途径。图书馆的丰富的文献和优良的学习环境是读者进行继续教育的良好场所。</p>
        </section>
        <section id="22">
            <title>5 文化娱乐的功能</title>
            <p id="23">文化教育功能也是图书馆的重要功能，是用户的客观需要，是精神文明建设的重要组成部分。人们在从事本职工作的同时，也需要业余文化娱乐方面的享受，以调节紧张的情绪，舒缓疲惫的身心，松弛神经，愉悦精神，得到精神享受和文化滋养。图书馆具有满足用户文化娱乐需求的各种条件：有数量众多的休闲读物，安静优美的读书环境，丰富多彩的宣传娱乐活动，可以丰富群众的业余文化生活。</p>
            <p id="24">业余文化可分为两类：一是高雅文化，反映时代特征和要求，高扬时代主旋律，具有探索性、经典性特征；另一类是通俗文化，能真实反映人们的生存状态、情感和心理，具有普及性、趣味性、娱乐性和实用性，从内容到形式都易于大众接受。用户在工作之余，抱着消遣、娱乐的目的到图书馆来，通过浏览通俗小说、童话故事、科普、旅游、保健、琴棋书画、花鸟虫鱼等方面的通俗读物，达到松弛精神，愉悦情绪，调剂生活的目的。这种文化休闲方式，可以增长知识，开阔眼界，陶冶情操，锻炼意志，增添生活情趣，使用户得到充分的业余文化享受。图书馆要对这种业余文化需要给予积极引导和支持，可以有针对性地开辟休闲书刊专架，开展导读活动等。</p>
            <p id="25">图书馆服务还可以提高用户的文化素养。通过图书馆组织的各种活动，将人类优秀的文化成果，如音乐、美术、影视、舞蹈、智力游戏等方面的文献信息传递给用户，或组织多种文化活动，如文艺沙龙、影视评论、音乐欣赏、诗歌朗诵、人文知识讲座、作家与读者见面会、读书座谈会等，为群众提供高雅的文化生活和文化活动，促使其内化为人们的人格、气质、修养等内在品格，在精神文明建设中发挥重要作用。</p>
        </section>
    </body>
    <bibliography/>
    <footnote/>
</article>
