<?xml version="1.0" encoding="utf-8" standalone="no"?>
<article id="5" type="standard" filename="result" version="2.1.1.1">
    <title>3 术语和定义</title>
    <body>
        <p id="1">下列术语和定义适用于本文件。</p>
        <p id="2">3.1</p>
        <p id="3">数字电视转播车digital television outside broadcasting van</p>
        <p id="4">基于数字视音频技术，用于电视节目拍摄、制作、记录、转播等的专用特种车辆。</p>
    </body>
    <prolog>
        <metadata>
            <cataloglink/>
            <phypage>8</phypage>
            <pubpage>2</pubpage>
        </metadata>
    </prolog>
    <bibliography/>
</article>
