<?xml version="1.0" encoding="utf-8" standalone="no"?>
<article id="35" type="book" filename="result" version="2.1.1.1">
    <title>第3节||数字图书馆用户管理的现行模式</title>
    <body>
        <p id="1">目前，数字图书馆用户管理的基本模式大体上有两种：</p>
        <p id="2">第一，IP验证加防火墙隔离的管理方式</p>
        <p id="3">所谓IP验证加防火墙隔离的方式，是指通过采用IP层加密技术来验证登录网站的计算机IP地址是否合法和用防火墙技术将Intranet与Internet隔开的方法，从而来保证信息安全和商用信息资源的知识产权。这种方式的优点是方便、简单，系统运行效率高，能有效解决商用信息资源的知识产权保护问题，缺点是受IP范围的限制，给一些IP范围以外的用户和图书馆的正式用户在IP限制的范围以外使用信息资源造成了障碍，不能最大限度地挖掘数字图书馆信息资源的利用潜力。</p>
        <p id="4">第二，用户认证加访问授权方式</p>
        <p id="5">用户认证是系统给每一个合法用户提供一个唯一的用户标识符，并提供一种验证手段来确认登录用户的合法性的技术。验证的手段一般有口令、密码、签名、指纹等等，其中口令认证是最常用的手段。访问授权是指用户的身份通过认证后，系统确定该用户可以访问网站的哪些资源以及可以通过何种方式进行访问操作的技术。系统一般是通过在数字化资源上附加访问控制表来处理访问授权问题的。用户认证机制最大的优点就是可以使数字图书馆网站的用户超越其Intranet网络的物理范围的限制，在Internet空间访问和获取数字图书馆的信息资源，从而较好地协调数字图书馆信息安全、知识产权与用户服务之间的关系。</p>
        <p id="6">从上述两种用户管理的基本模式中可以看出，对于数字图书馆来说，用户管理基本上是依靠Web服务器来完成。也就是说，Web服务器就是用户管理的唯一屏障，只要突破这一层障碍，数字化资源几乎就可以不受约束地得到访问。这显然不是用户管理的最终目的。</p>
        <p id="7">为此，在用户与Web服务器之间建立一个中间层，即用户管理服务器。由它来完成用户身份的认证和用户的增删等工作，则整个数字图书馆系统在用户管理方面的安全性将大大增强，从而也减轻了Web服务器的负担。数字图书馆的用户管理模型如图6-3-1所示。</p>
        <figure id="8">
            <title>图6 -3-1数字图书馆的用户管理模式</title>
            <image href="images/result_00800.jpg" placement="break">
                <alt>图6 -3-1数字图书馆的用户管理模式</alt>
            </image>
        </figure>
        <p id="9">在这个模型中，增加了一个专门用于用户管理的服务器，来实现用户管理中的各种功能，包括用户身份的认证、用户公钥私钥对的分发、用户数字证书的生成、用户的增加删除等。用户在与Web服务器进行查询之前，必须要先与中间层即用户管理服务器进行身份认证、合法性检查等工作，在检查、认证获得通过后，才能进行下一步的查询操作。</p>
        <p id="10">对于Web服务器而言，由于直接面对的对象并不是用户而是用户管理服务器，Web服务器的安全压力也会得到一定程度的减轻。而且，由于整个数据的传输、交换过程都可以得到用户管理服务器的支持，数据的安全性也可以得到保障。</p>
        <p id="11">这一模型的实现，增加了用户身份认证的准确性。由于用户的增加和删除、用户数字证书的生成与分发都是在用户管理服务器上来进行的，所以用户的合法性检查及认证过程可以得到用户管理服务器很好的控制，这样可以从最大限度上保证合法用户的利益。从而可以限制非法用户对系统的访问。</p>
        <p id="12">这一模型同时缓解了Web服务器的压力。首先可以缓解Web服务器在用户管理方面的压力。其次，也可以缓解web服务器在数据传输等方面的安全压力。</p>
        <p id="13">另外，对数字图书馆而言，在实现这一模型时，并不需要进行太多的硬件投入，只需要增加一台专门的服务器，便可以从整体上提高系统的安全性，最大限度地保障作者、图书馆及用户的合法权益。</p>
    </body>
    <bibliography/>
    <footnote/>
</article>
