<?xml version="1.0" encoding="utf-8" standalone="no"?>
<article id="19" type="book" filename="result" version="2.1.1.1">
    <title>第4节||数字图书馆信息服务的模式</title>
    <body>
        <p id="1">图书馆信息服务的模式概括起来，可分为：传统服务模式、自动化服务模式、数字时代的服务模式。</p>
        <section id="2">
            <title>1 传统服务模式</title>
            <p id="3">传统服务模式是藏与用相结合的模式。它以纸质印刷型文献为主，通过读者到馆借书、阅览或图书馆送书上门来传递文献，各种流程以手工操作为主。传统服务模式以阵地服务为主，注重文献的外借和阅览。它大多以整本书刊为传递的对象，忽视对文献中知识单元的开发和深加工。</p>
            <p id="4">传统服务模式从服务方式来划分，有外借服务、阅览服务、馆际互借、复制服务、文献报道服务、文献宣传服务、文献检索服务、文献开发服务、参考咨询服务、读者教育服务等。</p>
            <p id="5">传统服务模式从文献的级次来划分，可分为：</p>
            <p id="6">一次文献服务：主要是满足读者对整本书刊的外借、阅览等需要，这是最基本的，也是初级的服务工作。</p>
            <p id="7">二次文献服务：主要是为读者搜集、检索、通报特定的文献信息，满足读者科研工作中对二次文献的需要。服务方式有新书报道服务、定题检索服务、科技查新服务、参考咨询服务等。</p>
            <p id="8">三次文献服务：根据集体的或个人的需要，针对科研工作、技术攻关或领导决策中的重点问题、热点问题，搜集、筛选有关的文献信息，经过分析、综合、归纳、推理等一系列研究，提出具有重要情报价值的三次文献。这是一种高级水平的服务工作，其方式有情报调研、综述、述评等。</p>
        </section>
        <section id="9">
            <title>2 自动化服务模式</title>
            <p id="10">由于图书馆自动化的应用和发展，图书馆的采编、流通、典藏、检索及内部管理均实现了自动化。在自动化条件下，以印本文献传递为主导的服务，如外借、阅览、检索等服务，已不占主导地位，而以用户为中心的主动服务取而代之。自动化服务的最开始和最常用的服务方式是：公共目录查寻服务，联机数据库查寻或检索服务，光盘、数据库远程检索服务，文献传输服务等。自动化流通系统的运用，使得文献信息服务的效率大大提高。随着信息技术的发展和服务经验的积累，当前，自动化服务发展了下列一些服务模式：</p>
            <p id="11">一是集成化服务。集成化服务是根据某一特定领域或某一特定用户的需要，把各种信息资源，包括文字型、数值型、视频型、音频型、磁盘、光盘等，有机地链接成一个整体，使用户得到面向主题的信息服务。这种服务超出了传统图书馆的馆藏条件和技术能力，要求在检索文献线索，获取原始文献后，对信息内容进行深度分析、综合加工，为用户提供知识内容增值的信息产品。集成化信息服务有3个层次：信息资源的集成；信息内容的集成；信息技术的集成，实现检索、筛选、分析、加工和提供的链接，实现各种服务方式的有机结合。</p>
            <p id="12">二是一体化服务。传统图书馆的服务一般是多部门分块服务，外借部门只管书刊的外借，期刊部门只管期刊的借阅，咨询部门只管咨询，各部门之间缺乏协调，用户在图书馆内要跑好几个部门才能满足需要。一体化服务是目前许多图书馆追求的一种服务模式，它能集信息检索、信息查询、信息提供、信息发送、全文浏览、数据下载等多种功能为一体，使用户在一个地方即可获得全面服务，极大地方便了用户，是一种较理想的信息服务方式。开展一体化服务，要树立大服务的观念，做到横向联合、内外联合、资源共享，才能满足用户的要求。</p>
            <p id="13">三是个性化服务。是针对每一个用户独特的信息需求，进行独特的、有针对性的服务。图书馆根据用户不同的信息需求，进行信息过滤、信息分流，筛选出用户最需要的信息资源，并提供全文文献。然后通过数据下载、电子邮件、信息推送、个人网页等方式，将所需信息发送给用户使用。</p>
            <p id="14">四是精品服务。图书馆为了吸引用户，越来越重视信息的浓缩加工，加大信息的深度和知识含量，而不是数量的多少。精品信息服务以信息的内在质量为保证，提供高质量的信息资源服务。开展精品服务，要从内容着手，提高信息服务产品的知识含量和内在品质。精品服务包括3个层面：从大量信息中，去粗取精、去伪存真，挑选精品；对每一条有用的信息要挤出水分，留下精髓，即信息浓缩；对所有信息进行综合分析，提炼出对用户真正有用的知识信息。</p>
        </section>
        <section id="15">
            <title>3 数字时代图书馆服务模式</title>
            <p id="16">现代通信技术的发展，将众多的计算机联结在一起，单个的图书馆成为网络中的一个节点，图书馆信息服务的整体优势极大地加强了。网络提高了文献信息存储与传递的能力，使大规模、整体化开发和利用信息成为可能。我国图书馆的数字时代服务工作处于方兴未艾的阶段，各个图书馆都在不断摸索，不断创新，不断积累经验，以适应新技术、新形势发展的要求。</p>
            <p id="17">数字时代的图书馆服务模式主要有：</p>
            <p id="18">第一，图书馆主页服务。</p>
            <p id="19">目前，国内各图书馆的主页内容包括：本馆概况、机构设置、馆藏布局、服务项目、书目查寻、新书介绍、电子信息资源检索、网络信息导航等。国外图书馆的主页有的还包括：工作计划、工作进展、新闻发布、本馆各种信息产品的利用和检索、网上相关信息源的链接、网络信息导航系统等。通过图书馆主页，可向用户展示本馆所拥有的各种信息资源及各种服务内容、服务方式，还可以链接到国内外各大图书馆的网页，扩大用户获取信息资源的范围和渠道。对图书馆主页的要求有五个方面：图书馆主页要有友好、便捷的界面，方便用户进入主页，并利用主页中的各种服务项目；要能将书目文摘信息、全文电子图书、全文电子期刊和图像信息等，快速传递给用户；具有多种类、多检索点的检索工具，有先进的信息处理、信息分析系统；馆员可以通过网络帮助用户查询信息资源或解答用户提出的各种问题；可以全天候开展服务。</p>
            <p id="20">第二，专题信息导航服务。</p>
            <p id="21">图书馆利用各种搜索引擎，将网上与某一专题或主题相关的节点进行集中，按照方便用户检索的原则，向用户提供有关资源的分布情况，指引用户去查找和利用。这样建立起来的信息服务系统，称为专业信息资源导航库。建立专业信息资源导航库，可以节省用户查找信息线索的时间，使用户能够很方便地获得与自己有关的资料，有效地利用网上的信息资源。</p>
            <p id="22">第三，信息推送服务。</p>
            <p id="23">用户向某一个数字图书馆申请一个账户，并提交自己所需信息的对象、专业范围、时限、检索词及检索策略等，形成自己对信息需求的描述和要求。图书馆根据用户选定的专题和要求，按照指定的时间间隔，或根据科学技术的新进展、新成就、新情况，主动将网上的信息资源，通过固定的频道向用户推送。信息推送是利用计算机数据发布技术，将需要传递的信息内容，采用多点播送或多址发送的方式，将信息传递给用户。</p>
        </section>
    </body>
    <bibliography/>
    <footnote/>
</article>
