<?xml version="1.0" encoding="utf-8" standalone="no"?>
<article id="49" type="book" filename="result" version="2.1.1.1">
    <title>第3节||基于信息觅食理论的数字图书馆学科服务研究</title>
    <body>
        <p id="1">数字图书馆给人们在数据资源的搜索和利用上带来了极大的方便，同时也给图书馆的学科服务提出了新的挑战，如何提升图书馆的学科服务水平是本文的研究重点。当读者登录图书馆的数字资源平台查询资料或信息时，最期盼的就是在最短的时间内达到自己的领域，找到自己想要的信息，这种在网络环境中的信息搜寻行为被学者称之为信息觅食（InformationForaging）。</p>
        <p id="2">我们借鉴动物生态学中的最优觅食原理，将读者在图书馆数字资源平台上的学科信息搜索行为看做是动物的觅食过程，将读者在数字平台上的信息获得定义为信息收益，目标是实现读者信息收益的最大化。先对读者在数字资源平台上信息搜索行为进行采集，分析读者的信息需求规律，建立基于用户行为反馈的读者信息觅食模型。通过最优化分析模型预测读者在数字资源平台的觅食策略，以提高读者的信息搜寻能力，优化读者信息觅食行为，最终提升数字图书馆的学科服务水平。我们的研究思路是先采集读者在数字资源平台上的用户行为数据，将读者的行为数据作为训练集，采用相应的数据挖掘算法对其进行分析和挖掘，研究读者行为数据特征，分析影响读者信息收益率的关键因素。我们的研究可以为学科服务平台的设计提供参考，对不同的用户展示个性化学科信息，提升读者获取学科信息的能力。</p>
        <section id="3">
            <title>1 研究现状</title>
            <p id="4">随着Web2.0和云服务的发展及应用，各种商业的学科服务平台应运而生，如Lib Guides学科服务平台、维普的“LDSP图书馆学科服务平台”等，部分高校自己建设的学科服务平台。图书馆开展学科服务的重点已不再是代查代检等传统的服务，而是向着更深层的方向发展，由原来的基于图书馆资源的文献服务转变为以用户需求为中心，为学科用户提供基于学科需求的专业化和个性化的学科服务。20世纪后期，研究人员发现人们在互联网上积极寻找信息的行为与动物的觅食行为非常相似，动物在自然界寻找食物时，为了在不同的栖息地获取所需的物质和能量，会采用不同的战略权衡付出与收益之间的平衡。人们在互联网上搜寻信息时，为了在最短的时间内获取更多的信息，也会根据信息环境的变化，改变信息获取的策略。同样读者登录图书馆的数字资源平台搜寻学科资料时，也期待用最少的时间获得尽可能多的学科资料，这种学科信息搜寻的思路与信息觅食的研究思想是一致的。</p>
            <p id="5">近年来国内对信息觅食的研究很多，但是都集中在信息觅食在学科导航上的应用。学者柯青等详细介绍了动物的觅食行为与用户在Web上导航行为的相似性，徐芳等将信息觅食理论用于学科导航网站的性能优化，彭璧玉等提出了基于觅食原理的职业搜寻理论。信息觅食理论的研究，可以帮助人们在获取信息时根据信息环境的变化，通过预测信息收益来不断地修正人们的信息获取路线，达到最优的信息获取目标。研究信息觅食在学科服务中的应用，可以为学科用户构建优化的学科环境，更好地为读者服务。</p>
            <p id="6">读者在图书馆数字化平台上进行信息搜寻时，系统会记录读者的信息搜寻轨迹，读者的这些行为数据蕴藏了读者的真实学科信息需求。从大量的读者行为数据中，运用数据挖掘技术，从中提取出蕴藏在数据中的有用信息，分析读者的真实需求，能更好地为读者提供针对性的服务。对图书馆读者行为分析的研究也越来越多，如杨晶晶提出通过分析用户在信息搜寻过程中的行为轨迹对其信息收益的影响，建立基于用户隐性反馈的信息觅食模型。我们采用用户日志分析的方法来分析用户在图书馆数字化平台上的信息搜寻轨迹，获取用户隐性的行为反馈信息，建立基于信息觅食的数字图书馆学科服务模型。</p>
        </section>
        <section id="7">
            <title>2 信息觅食理论</title>
            <section id="8">
                <title>2.1 信息觅食理论介绍</title>
                <p id="9">觅食理论（Foraging Theory）是由生态学家和人类学家提出的，研究动物在觅食过程中的行为和策略。觅食行为是动物的本能行为，为了在自然界中生存与繁殖必须寻找足够的物质和能量，动物在觅食的过程中，会评估食物所包含的能量及要消耗的能量，评估不同的食物和环境之间的最优收益，从而决定是否继续留在该捕食区域还是继续寻找下一个捕食区域。同样人们在网络环境中进行信息搜寻时，也要衡量所花费的时间和精力与收到的信息收益之间关系，达到两者之间的平衡，人们把这种网络环境下的信息搜寻行为称作信息觅食。</p>
                <p id="10">信息觅食理论（Information Foraging）第一次由Pirolli公开提出，用来模拟和解释人们在网络环境中的信息搜寻行为。信息觅食理论假定人们在某种环境下的觅食行为的收益是可以计算的，通过计算将用户的信息收益与信息期望进行比较，在特定的信息环境中对用户信息搜寻过程进行模拟。信息觅食研究如何用最低的成本获取最高的信息量。信息获取的过程中人们倾向于采用效率高的获取方法，信息觅食原理假设人们使用效率最高的信息获取策略，而最佳信息觅食者则指的是那些在单位消耗成本下获取信息收益最高的人。</p>
            </section>
            <section id="11">
                <title>2.2 最佳觅食理论</title>
                <p id="12">信息觅食理论的基本模型有斑块模型和菜单模型，最佳觅食理论都是建立在这两个传统模型的基础上的。斑块模型假设动物所处的觅食环境中食物是以块状形式分布的，觅食者面临的是不平均分布资源，需要在不同的觅食点花费不同的觅食时间，在恰当的时间内结束觅食寻找新的觅食点。菜单模型用来解释动物在不同的环境中选择哪些食物资源的问题。两种模型在网络环境中研究最优觅食策略时同样适用，块内觅食收益率的提高意味着总收益率也得到提高。</p>
                <p id="13">读者在数字资源平台上搜寻的学科信息也是呈块状分布的，即读者所需要的学科资料分布在不同的学科网站中，学科资料搜寻时间的分配取决于每个学科网站对读者而言的获利程度、从一个网站转到另一个网站的成本以及整个学科网站的平均获利程度等。读者在每次检索的结果页面，需要点击每个链接，而每个链接的下面又有读者感兴趣的参考文献或者被引文献。有学者经过研究指出，在同一个觅食环境中如果用户的觅食过程是从能量由高到低的顺序进行，这个觅食策略将是最佳的觅食策略。我们如果将读者在数字资源平台上每条反馈信息的收益计算出来，并在检索平台上按照信息收益由高到低的顺序排列，那么读者将能在最短的时间内获得最多对自己有用的信息，达到最优的觅食效果。</p>
            </section>
            <section id="14">
                <title>2.3 基于用户行为反馈的信息觅食</title>
                <p id="15">读者在图书馆的数字资源平台上想查找某个学科的信息时，展示给读者的结果是按照某种算法给出的“权威”结果，有时候排序最前方的信息并不是读者需要的结果。然而目前大多数数字资源平台都是按照搜索文章的相关度或文章的被引量与下载量进行排序，很难满足不同读者的需求，并不能给读者提供针对性的服务。</p>
                <p id="16">大型的商业化购物网站，如亚马逊、京东等每天都有大量的用户检索或用户浏览轨迹，系统根据用户的访问页面进行需求分析，利用用户行为反馈给不同需求的用户呈现出不同商品信息，或者向用户进行需求相关的广告推送服务。用户行为信息记录的是用户在信息搜寻过程中的行为轨迹，能真实地反映出用户的搜索意图和需求。通过对用户的检索及浏览行为进行统计分析，利用用户的行为信息对用户的搜索行为进行优化，可以大大地提高用户的检索效率，体现个性化的需求。杨晶晶将用户隐性反馈结合信息觅食理论，应用到搜索引擎中从而改善现有的搜索页面结果排序，付特也提出了基于用户行为反馈的优化排序算法。诸多研究表明，用户的隐性反馈与用户的满意度密切相关，如何将用户的隐性行为信息定量转化，选取何种因素来衡量用户的满意度，并将收益率计算出来将是一个重点研究内容。</p>
                <p id="17">基于用户行为反馈的信息觅食策略，先对读者的历史访问数据进行数据挖掘，分析读者在数字资源平台上的检索信息和下载信息，计算读者当前的检索词与历史行为数据的相关性，来计算每条反馈结果的信息收益。通过此种方法计算的信息收益能真实地反映出读者的真实想法，使读者获得更好的用户体验。</p>
            </section>
        </section>
        <section id="18">
            <title>3 读者在数字图书馆的信息觅食行为介绍</title>
            <p id="19">为了满足读者的信息需求，很多高校都建设或购买了多个数字资源管理系统或学科服务平台，将图书馆的数字资源统一到一个统一的平台中管理，可以方便读者访问或下载。读者在数字图书馆搜索学科信息时考虑的问题是：如何花费最少的时间和成本来获得最大的信息收益？信息获取的极端行为会将遇到的所有相关或不相关的文章全部下载下来，再花费大量的时间慢慢浏览，这样读者将会花费大量的无用时间。如何找到平衡点？从信息觅食的角度来考虑，将读者已有的需求信息进行归类整理，利用最优化的模型可以帮助读者在信息搜寻时间与信息筛选之间寻找平衡点。将图书馆数字资源平台上的学科资源看作块状结构分布，借鉴信息觅食理论中的块状模型，假定读者在平台中的信息总收益G是可以度量的。读者在信息觅食中花费的总时间由两部分组成：①读者检索或寻找信息块的搜索时间TB；②块内花费在信息筛选时间TW。读者信息搜寻过程获取信息的平均效率用R表示，简称为信息的平均收益率，则R=G/TB+TW假定读者觅食块的数量与块间觅食活动所花费的时间是线性相关的，每个信息块的平均收益为g，寻找新的信息块所花费的平均时间为tB，花费在每个信息块内的平均信息筛选的时间为tW，单位时间内搜寻到新的信息块的效率定义为λ=1/tB，则读者在平台中的信息总收益G可以这样定义：G=λTBg，同样在信息块内花费在信息筛选时间也可以这样描述TW=λTBtW，基于此，上面的公式可以这样表示：R=G/TB+TW=λTBg/TB+λTBtW=λg/1+λtW。由上面的公式可以看出，如果信息块内包含价值更高的信息，则平均信息收益率会得到提高。如果用π=g/tW描述块内的信息收益的高低，其他条件不改变的情况下，则块内觅食活动收益率的提高会使总收益率得到提高。</p>
            <p id="20">根据最佳觅食原理，先预测信息块内每种信息的收益，然后将学科信息按照信息收益从高到低的顺序排列。例如CNKI将下载量和被引量作为预测信息收益率的大小，但是针对不同的读者，下载量和被引量并不能适合所有的读者。有大量的研究表明，用户的行为表现可以代表用户对信息搜集的满意度，因此我们引入了基于用户行为反馈的读者信息觅食。</p>
        </section>
        <section id="21">
            <title>4 基于读者行为反馈的读者信息觅食模型</title>
            <section id="22">
                <title>4.1 读者信息觅食模型基本思想</title>
                <p id="23">图书馆数字资源管理系统或数字资源整合平台类似于统一的学科信息检索平台，数字资源管理系统与数字化校园一卡通系统对接，读者进行实名认证访问，通过读者访问日志信息可以定位到每一位读者。读者在图书馆数字资源平台上进行学科信息搜索时，系统会记录读者在平台上的所有行为操作，包括读者的来源、搜索时间、查询关键字、点击的URL、下载文章内容，在服务器上生成读者行为日志文件，经过数据处理后均会保存到数据库中，为后面的数据分析及计算读者的信息收益做准备。读者在图书馆数字资源平台上的每种操作行为都代表不同的含义，比如在检索框输入的检索关键字代表读者的信息需求内容，对搜索结果的点击意味着页面显示结果满足读者的信息需求，读者下载动作表示信息的获取等，这些读者行为操作可以度量信息觅食中信息收益的高低。本文建立一种描述读者在数字资源平台上信息觅食行为的模型，将用户隐性反馈的信息模型用于读者在图书馆数字资源管理系统上的信息觅食。</p>
                <p id="24">基于读者行为反馈的读者信息觅食模型分为两个部分，如图9-4-1所示。第一部分是根据读者的历史行为记录分析影响信息收益的关键因素，包括读者行为日志的获取、采用相应的数据挖掘算法对数据进行分析、历史行为记录中信息收益率的计算，见图9-4-2右侧的粗线条部分。用户在平台上搜寻信息时，服务器记录下读者的行为记录，通过文本日志处理分析后，将读者的行为记录保存在用户行为数据库中，计算读者的历史行为的信息收益，通过相应的数据挖掘算法来分析影响信息收益的关键因素。第二部分是用户信息觅食的结果显示，是搜索引擎的通用构架。使用网络爬虫工具，抓取读者在网站上的搜索结果，运用上述训练出的最优参数来预测网站上每条信息对读者的信息收益，然后根据页面的收益率对读者在网站上的搜索结果重新排序。</p>
                <figure id="25">
                    <title>图9 -4-1读者行为和用户信息收益的关系分析</title>
                    <image href="images/result_02500.jpg" placement="break">
                        <alt>图9 -4-1读者行为和用户信息收益的关系分析</alt>
                    </image>
                </figure>
                <p id="26">我们主要考虑两个方面的工作，一是读者在数字平台上的行为数据采集，二是读者行为与信息收益率之间的关系分析。</p>
            </section>
            <section id="27">
                <title>4.2 读者在数字平台上的行为数据采集</title>
                <p id="28">杨晶晶提出的基于用户隐性反馈的搜索排序策略模型，利用用户的隐性反馈来衡量搜索引擎返回结果的好坏，用户隐性反馈数据的采集直接影响到算法的好坏。我们采用的是直接读取服务器上读者访问日志，先对原始日志数据数据预处理，保存在数据库中。当用户访问图书馆的数字资源访问系统时，系统会在后台记录下读者的每一步操作日志。例如读者选取的是哪个数据库、输入的检索词是什么、之后点击了那些链接、下载了那些文章或电子书，都可以读者的访问日志里面记录下来。我们数据抓取采用直接对服务器上的访问日志文件进行分析过滤。日志处理步骤如图9-4-2所示。</p>
                <figure id="29">
                    <title>图9 -4-2读者在数字平台上的行为数据获取</title>
                    <image href="images/result_02900.jpg" placement="break">
                        <alt>图9 -4-2读者在数字平台上的行为数据获取</alt>
                    </image>
                </figure>
                <p id="30">从系统中抓取的读者访问日志包括用户IP地址、用户ID、用户请求访问的URL页面、请求方法、访问时间、传输协议、传输的字节数、错误代码、用户代理等属性。电子资源访问系统的日志文件同时也记录了每个读者访问的页面、访问时间、检索词、检索内容、下载内容等。实验采用日志解析工具直接对Web日志文件进行解析，把解析到的数据存储到MySQL数据库中。数据库存储读者访问日志记录如表9-4-1所示，主要包括读者的访问、检索、下载记录等。</p>
                <figure id="31">
                    <title>表9 -4-1读者访问日志记录表</title>
                    <image type="table" href="images/result_03100.jpg" placement="break">
                        <alt>表9 -4-1读者访问日志记录表</alt>
                    </image>
                </figure>
            </section>
            <section id="32">
                <title>4.3 读者行为和信息收益的关系分析</title>
                <p id="33">有学者通过研究用户阅读新闻的行为，发现阅读时间是衡量用户的信息收益的关键性指标。杨晶晶在研究中用页面浏览时间、用户拖动垂直下拉条时间、外链的点击次数以及用户的主观评价来衡量用户的满意度，也有研究发现用户的综合行为更能准确的衡量其满意度。找到用户行为和G值之间的关系，从而得到各种行为对用户搜索满足的影响程度，将此与搜索结果页面上的用户行为相结合，作为搜索结果排序的依据。一般认为页面的信息收益g与用户信息收集的表现关系密切，因为用户收集的信息都来自于其浏览过的网页的贡献，而用户收集信息的表现又可以通过用户行为来表示。将用户行为中蕴含的信息收益情况释放到每个被浏览过的页面中，计算每个页面中发生的用户行为多少，以此代表每个页面的信息收益。数字资源平台上获取的读者行为数据包含的隐性指标有读者在每个链接页面的停留时间、是否下载、标页面（文章）的下载量和被引量等。选取读者的检索次数、页面停留时间、下载行为这三个隐性行为数据作为衡量读者收益率的关键因素，来分析读者行为和用户信息收益的关系，如图9-4-1所示。</p>
                <p id="34">借助SPSS分析软件对读者历史行为数据进行分析，采用相应的数据挖掘算法对其进行数据挖掘，来分析这三个指标与信息收益的关系，得到这三个参数与信息收益之间的关系函数。用训练出的关系函数来预测每个读者在未来页面上的信息收益，以页面的信息收益率来衡量用户应当查看页面的优先程度，将信息含量最丰富的模块排在最前面提供给查询请求的用户。当用户在此搜索平台检索信息时，平台的“排序”模块将页面按照信息收益率降序排列后展现给用户。</p>
            </section>
        </section>
    </body>
    <bibliography/>
    <footnote/>
</article>
