<?xml version="1.0" encoding="utf-8" standalone="no"?>
<article id="8" type="book" filename="result" version="2.1.1.1">
    <title>第4节||数字图书馆结构体系</title>
    <body>
        <p id="1">数字化图书馆的模型由三个部分和附加层组成：用户界面，网络和通讯，信息资源、数据库管理和检索系统以及附加的咨询系统。如图数字化图书馆的模型1-4-1所示：</p>
        <figure id="2">
            <title>图1 -4-1数字化图书馆的模型</title>
            <image href="images/result_00200.jpg" placement="break">
                <alt>图1 -4-1数字化图书馆的模型</alt>
            </image>
        </figure>
        <p id="3">(1）用户界面</p>
        <p id="4">数字化图书馆的资源被广大用户或读者使用，必须具备友好的用户界面。目的就是让用户访问资源时使用方便，所以人们非常重视用户界面的开发，例如近年来，在Internet上出现一些方便用户的网络化信息检索工具，它们使用的是浏览器和超文本等用户友好界面的技术，跨平台、跨语种的统一检索界面。使用者不必知道所要查找的信息在网络存放的位置，也不必掌握许多操作命令。这些界面使用者一看就懂、一学就会，掌握起来也没什么困难。</p>
        <p id="5">(2）网络和通讯系统</p>
        <p id="6">网络和通讯系统是数字化图书馆的重要基础。从宏观的数字化图书馆概念出发，它是一个整体化建设。包括一个单位内的区域网络以及地区、国家和国际网络和通讯系统的建设。因特网是目前数字化图书馆实现的网络环境。大量的信息资源均可通过它获得。特别是当前世界各国发展的宽带网是数字图书馆真正要求的运行环境。例如各国发展2.5GB～10GB带宽的主干网等。</p>
        <p id="7">(3）信息资源和检索、发布系统</p>
        <p id="8">读者的目的是以最快的速度得到满意的资料。一个现实的数字化图书馆，在今后一段时间内将同时存在三种资源：即本单位收藏或开发的数字化信息资源，传统图书馆的印刷型资料（有各种数字化的索引），外界数字化图书馆、信息中心和电子出版物数据库的资源等。就长远观点而言，还应有国家级的“知识银行”、“文献数据库系统”，供数字化图书馆共享。一大批对象数据库由智能软件进行数据检索和发布。</p>
        <p id="9">(4）数字化图书馆的咨询系统</p>
        <p id="10">数字化图书馆的咨询系统一般分为自我服务系统和请求帮助系统。这是数字化图书馆的重要组成部分，前者能在客户端上显示读者指南，能自动指引读者使用数字化图书馆。目前大多数电子信息中心均有自我服务系统。后者为请求帮助系统，数字化图书馆应有各种信息专家，随时接受读者的联机访问并提供咨询。已有数字化图书馆的示范单位，有的已使用专家系统来部分解决一些读者提出较疑难问题。请求帮助系统应能在读者不中断检索的情况下，一步一步地帮助用户解决问题；系统专家还能监控这些活动，知道信息专家解决问题的情况。</p>
    </body>
    <bibliography/>
    <footnote/>
</article>
