<?xml version="1.0" encoding="utf-8" standalone="no"?>
<article id="9" type="standard" filename="result" version="2.1.1.1">
    <title>7 测量方法</title>
    <body>
        <section id="1">
            <title>7.1 视音频系统测量方法</title>
            <section id="2">
                <title>7.1.1 高清晰度视频系统测量方法</title>
                <p id="268">7.1.1.1 输出接口</p>
                <p id="3">7.1.1.1.1 测量框图</p>
                <p id="4">测量框图见图9。</p>
                <figure id="5">
                    <title>图9 输出接口、视频参数、信号格式与数据格式测量框图</title>
                    <image href="images/result_00500.jpg" placement="break">
                        <alt>图9 输出接口、视频参数、信号格式与数据格式测量框图</alt>
                    </image>
                </figure>
                <p id="6">7.1.1.1.2 测量步骤</p>
                <p id="7">测量步骤如下：</p>
                <p id="8">a)按图9连接测量设备和被测视频通道；</p>
                <p id="9">b)将数字示波器的输入口用75电阻终接；</p>
                <p id="10">c)将滤波器设为100kHz，在数字示波器上读出SDI幅度、上升时间、下降时间、上冲、下冲、直流电平偏移、抖动等；</p>
                <p id="11">d)将滤波器设为10Hz，测量此时的抖动值。</p>
                <p id="12">7.1.1.2 视频参数、信号格式与数据格式</p>
                <p id="13">7.1.1.2.1 测量框图</p>
                <p id="14">测量框图见图9。</p>
                <p id="15">7.1.1.2.2 测量步骤</p>
                <p id="16">测量步骤如下：</p>
                <p id="17">a)按图9连接测量设备和被测视频通道；</p>
                <p id="18">b)高清晰度视频信号源输出彩条信号，经被测视频通道后，接入数字示波器；</p>
                <p id="19">c)用数字示波器检查信号数据字，确认视频参数、信号格式与数据格式。</p>
                <p id="20">7.1.1.3 CRC误码</p>
                <p id="21">7.1.1.3.1 测量框图</p>
                <p id="22">测量框图见图10。</p>
                <figure id="23">
                    <title>图10 CRC误码测量框图</title>
                    <image href="images/result_02300.jpg" placement="break">
                        <alt>图10 CRC误码测量框图</alt>
                    </image>
                </figure>
                <p id="24">7.1.1.3.2 测量步骤</p>
                <p id="25">测量步骤如下：</p>
                <p id="26">a)按图10连接测量设备和被测视频通道；</p>
                <p id="27">b)高清晰度视频信号源输出带有CRC的彩条信号，经被测视频通道后，接入CRC误码秒测量设备；</p>
                <p id="28">c)采用误码秒的方式对被测视频通道的CRC误码进行检测，24h（短期测量时可采用15min）内误码秒数为0，则被测视频通道的误码符合要求。</p>
            </section>
            <section id="29">
                <title>7.1.24 K超高清晰度视频系统测量方法</title>
                <p id="30">7.1.2.1 输出接口（4×3Gbps-SDI和12Gbps-SDI)</p>
                <p id="31">7.1.2.1.1 测量框图</p>
                <p id="32">测量框图见图11。</p>
                <figure id="33">
                    <title>图11 输出接口、视频参数、信号格式与数据格式测量框图</title>
                    <image href="images/result_03300.jpg" placement="break">
                        <alt>图11 输出接口、视频参数、信号格式与数据格式测量框图</alt>
                    </image>
                </figure>
                <p id="34">7.1.2.1.2 测量步骤</p>
                <p id="35">测量步骤如下：</p>
                <p id="36">a)按图11连接测量设备和被测视频通道；</p>
                <p id="37">b) 4K超高清晰度视频信号源输出超高清晰度彩条信号到被测视频通道的输入端，再将被测视频通道的SDI输出接口连接至4K波形示波器；</p>
                <p id="38">c)读取眼图信号幅度、上升时间、下降时间、上冲、下冲、直流电平偏移；</p>
                <p id="39">d)调节滤波器，读取100kHz和10Hz的抖动值；</p>
                <p id="40">e)读取Payload ID值；</p>
                <p id="41">f)输出类型为4×3Gbps-SDI时，读取四个3Gbps-SDI输出通道间的延时差。</p>
                <p id="42">7.1.2.2 视频参数、信号格式与数据格式</p>
                <p id="43">7.1.2.2.1 测量框图</p>
                <p id="44">测量框图见图11。</p>
                <p id="45">7.1.2.2.2 测量步骤</p>
                <p id="46">测量步骤如下：</p>
                <p id="47">a)按图11连接测量设备和被测视频通道；</p>
                <p id="48">b) 4K超高清晰度视频信号源输出符合GY/T 330—2020的HLG彩条信号，经被测视频通道后，接入4K波形示波器；</p>
                <p id="49">c)用4K波形示波器检查信号数据字，确认视频参数、信号格式与数据格式。</p>
                <p id="50">7.1.2.3 CRC误码</p>
                <p id="51">7.1.2.3.1 测量框图</p>
                <p id="52">测量框图见图12。</p>
                <figure id="53">
                    <title>图12 CRC误码测量框图</title>
                    <image href="images/result_05300.jpg" placement="break">
                        <alt>图12 CRC误码测量框图</alt>
                    </image>
                </figure>
                <p id="54">7.1.2.3.2 测量步骤</p>
                <p id="55">测量步骤如下：</p>
                <p id="56">a)按图12连接测量设备和被测视频通道；</p>
                <p id="57">b) 4K超高清晰度视频信号源输出带有CRC的彩条信号，经被测视频通道后，接入CRC误码秒测量设备；</p>
                <p id="58">c)采用误码秒的方式对被测视频通道的CRC误码进行检测，24h（短期测量时可采用15min）内误码秒数为0，则被测视频通道的误码符合要求。</p>
                <p id="59">7.1.2.4 视频指标</p>
                <p id="60">7.1.2.4.1 测量框图</p>
                <p id="61">测量框图见图13。</p>
                <figure id="62">
                    <title>图13 视频指标测量框图</title>
                    <image href="images/result_06200.jpg" placement="break">
                        <alt>图13 视频指标测量框图</alt>
                    </image>
                </figure>
                <p id="63">7.1.2.4.2 测量步骤</p>
                <p id="64">测量步骤如下。</p>
                <p id="65">a)按图13连接测量设备和被测视频通道。</p>
                <p id="66">b) 4K超高清晰度视频信号源输出符合GY/T 330—2020的超高清晰度彩条信号，以及超高清晰度多波群信号、超高清晰度五阶梯信号等。</p>
                <p id="67">c)上述信号直接送至4K波形示波器，波形显示选择Y、C                    <sub>B</sub>、C                    <sub>R</sub>模式，对测量仪器进行校准。</p>
                <p id="68">d)超高清晰度彩条信号经被测视频通道后，由4K波形示波器上读出Y、C                    <sub>B</sub>、C                    <sub>R</sub>分量输出幅度值和基准信号的幅度值L                    <sub>0</sub>，通过公式（1）计算出介入增益，单位为分贝（dB）。</p>
                <figure id="69">
                    <image type="formula" href="images/result_06900.jpg" placement="break">
                        <alt/>
                    </image>
                </figure>
                <p id="70">e)超高清晰度多波群信号经被测视频通道后，由4K波形示波器上读出各频率正弦波信号的Y、C                    <sub>B</sub>、C                    <sub>R</sub>分量的幅度值L和基准信号的幅度值                    <sub>0</sub>，通过公式（2）计算出幅频特性，单位为分贝（dB）。</p>
                <figure id="71">
                    <image type="formula" href="images/result_07100.jpg" placement="break">
                        <alt/>
                    </image>
                </figure>
                <p id="72">f)超高清晰度五阶梯信号经被测视频通道后，由4K波形示波器上分别读出五个阶梯波形的幅度最大值                    <sub>max</sub>和幅度最小值                    <sub>min</sub>，再通过公式（3）计算出非线性失真。</p>
                <figure id="73">
                    <image type="formula" href="images/result_07300.jpg" placement="break">
                        <alt/>
                    </image>
                </figure>
            </section>
            <section id="74">
                <title>7.1.3 音频系统测量方法</title>
                <p id="75">7.1.3.1 测量框图</p>
                <p id="76">测量框图见图14。</p>
                <figure id="77">
                    <title>图14 音频系统测量框图</title>
                    <image href="images/result_07700.jpg" placement="break">
                        <alt>图14 音频系统测量框图</alt>
                    </image>
                </figure>
                <p id="78">7.1.3.2 接口特性测量步骤</p>
                <p id="79">测量步骤如下：</p>
                <p id="80">a)按图14连接测量设备和被测音频通道</p>
                <p id="81">b)从音频分析仪直接读取被测音频通道输出端数字接口的输出电压；</p>
                <p id="82">c)开启音频分析仪700Hz～100kHz带通滤波器；</p>
                <p id="83">d)从音频分析仪读取数字输出端时基抖动的峰-峰幅度值。</p>
                <p id="84">7.1.3.3 等效输入噪声、信噪比测量步骤</p>
                <p id="85">测量步骤如下。</p>
                <p id="86">a)按图14连接测量设备和被测音频通道。</p>
                <p id="87">b)对通路I：将调音台话放（或单独话放）设备调至最大增益状态。调整音频信号源的输出阻抗，使之与被测音频通道的输入阻抗相匹配。音频信号源送出997Hz正弦波测量信号，调整音频信号源的输出电平，使被测音频通道的输出电平为-20dB FS左右，记录音频信号源的输出电平P                    <sub>MIC</sub>。</p>
                <p id="88">对通路Ⅱ和通路Ⅲ：音频信号源送出幅度为4dBu（通路Ⅱ）或-20dB FS（通路Ⅲ）的997Hz正弦波测量信号，调整音频信号源的输出阻抗，使之与被测音频通道的输入阻抗相匹配，调整被测音频通道至正常工作状态。</p>
                <p id="89">c)从音频分析仪读取输出信号电平P                    <sub>S</sub>。</p>
                <p id="90">d)断开被测音频通道的输入接线，在输入端加上等额匹配电阻，再从音频分析仪中读取额定带宽内的噪声电平P                    <sub>N</sub>。</p>
                <p id="91">e)按公式（4）和公式（5）分别计算信噪比S/N和等效输入噪声P                    <sub>EIN</sub>。</p>
                <figure id="92">
                    <image type="formula" href="images/result_09200.jpg" placement="break">
                        <alt/>
                    </image>
                </figure>
                <p id="93">公式（5）中，P                    <sub>满</sub>为按7.1.3.6测量的满度输入电平。</p>
                <p id="94">7.1.3.4 幅频特性测量步骤</p>
                <p id="95">测量步骤如下：</p>
                <p id="96">a)按图14连接测量设备和被测音频通道；</p>
                <p id="97">b)对通路I、通路Ⅱ和通路Ⅲ，音频信号源分别送出幅度为-50dBu（通路I）、4dBu（通路Ⅱ）或-20dBFS（通路Ⅲ）的997Hz正弦波测量信号，调整音频信号源的输出阻抗，使之与被测音频通道的输入阻抗相匹配，调整被测音频通道至正常工作状态；</p>
                <p id="98">c)记录输出端电平P                    <sub>0</sub>为参照电平；</p>
                <p id="99">d)在20Hz～20kHz范围内改变音频信号源输出信号频率（以倍频程间隔，取倍频带中心频率），输出信号幅度保持不变；</p>
                <p id="100">e)分别记录各频率下的输出端电平P;</p>
                <p id="101">f)分别计算输出电平值P与P                    <sub>0</sub>的差值，最小差值和最大差值的区间即为幅频特性。7.1.3.5总谐波失真加噪声、通道间电平差、通道间相位差测量步骤测量步骤如下：</p>
                <p id="102">a)按7.1.3.4中步骤a）和步骤b);</p>
                <p id="103">b)从音频分析仪读取左右声道电平、通道间相位差；</p>
                <p id="104">c)开启音频分析仪20Hz～20kHz的带通滤波器；</p>
                <p id="105">d)从音频分析仪读取总谐波失真加噪声。</p>
                <p id="106">7.1.3.6 满度输入电平测量步骤</p>
                <p id="107">测量步骤如下：</p>
                <p id="108">a)按图14连接测量设备和被测音频通道；</p>
                <p id="109">b)调整被测音频通道至正常工作状态；</p>
                <p id="110">c)音频信号源送出997Hz、4dBu的正弦波测量信号，逐步增大音频信号源的输出幅度，直至被测音频通道输出端产生1%的总谐波失真加噪声，此时的输入信号电平减去0.5记作满度输入电平P                    <sub>满</sub>。</p>
                <p id="111">7.1.3.7 通道间串音测量步骤</p>
                <p id="112">测量步骤如下：</p>
                <p id="113">a)按图14连接测量设备和被测音频通道；</p>
                <p id="114">b)对通路I、通路Ⅱ和通路Ⅲ，在被测音频通道的一个声道输入端加载幅度为-50dBu（通路I）、4dBu（通路Ⅱ）或-20dBFS（通路Ⅲ）的997Hz正弦波测量信号，另一个声道输入端不加载信号（通路I和通路Ⅱ测量时，不加载信号的输入端需加上等额匹配电阻）；</p>
                <p id="115">c)从音频分析仪读取通道间串音。</p>
            </section>
            <section id="116">
                <title>7.1.4 IP流数据格式测量方法</title>
                <p id="117">7.1.4.1 高清晰度IP流视频数据格式</p>
                <p id="118">7.1.4.1.1 测量框图</p>
                <p id="119">测量框图见图15。</p>
                <figure id="120">
                    <title>图15 高清晰度IP流视频数据格式测量框图</title>
                    <image href="images/result_12000.jpg" placement="break">
                        <alt>图15 高清晰度IP流视频数据格式测量框图</alt>
                    </image>
                </figure>
                <p id="121">7.1.4.1.2 测量步骤</p>
                <p id="122">测量步骤如下：</p>
                <p id="123">a)按图15连接测量设备和被测IP通道；</p>
                <p id="124">b)将被测IP通道IP输出接口连接到IP分析仪，观察15min，检查被测IP通道的高清晰度IP流视频数据格式是否符合6.4.4的规定。</p>
                <p id="125">7.1.4.2 4K超高清晰度IP流数据格式</p>
                <p id="126">7.1.4.2.1 测量框图</p>
                <p id="127">测量框图见图16。</p>
                <figure id="128">
                    <title>图16 4K超高清晰度IP流、音频IP流数据格式测量框图</title>
                    <image href="images/result_12800.jpg" placement="break">
                        <alt>图16 4K超高清晰度IP流、音频IP流数据格式测量框图</alt>
                    </image>
                </figure>
                <p id="129">7.1.4.2.2 测量步骤</p>
                <p id="130">测量步骤如下：</p>
                <p id="131">a)按图16连接测量设备和被测IP通道；</p>
                <p id="132">b)将被测IP通道IP输出接口连接到IP分析仪，观察15min，检查被测IP通道的4K超高清晰度IP流视频数据格式是否符合6.4.4规定。</p>
                <p id="133">7.1.4.3 音频IP流数据格式</p>
                <p id="134">7.1.4.3.1 测量框图</p>
                <p id="135">测量框图见图16。</p>
                <p id="136">7.1.4.3.2 测量步骤</p>
                <p id="137">测量步骤如下：</p>
                <p id="138">a)按图16连接测量设备和被测IP通道；</p>
                <p id="139">b)将被测IP通道IP输出接口连接到IP分析仪，观察15min，检查被测IP通道的音频IP流数据格式是否符合6.4.4的规定。</p>
            </section>
        </section>
        <section id="140">
            <title>7.2 同步特性测量方法</title>
            <section id="141">
                <title>7.2.1 三电平同步</title>
                <p id="142">7.2.1.1 测量框图</p>
                <p id="143">测量框图见图17。</p>
                <figure id="144">
                    <title>图17 三电平同步和黑场同步测量框图</title>
                    <image href="images/result_14400.jpg" placement="break">
                        <alt>图17 三电平同步和黑场同步测量框图</alt>
                    </image>
                </figure>
                <p id="145">7.2.1.2 测量步骤</p>
                <p id="146">测量步骤如下：</p>
                <p id="147">a)按图17连接示波器和被测系统（同步信号发生器和视频分配器）；</p>
                <p id="148">b)将示波器的输入口用75电阻终接；</p>
                <p id="149">c)在示波器上测量出负/正向行同步脉冲幅度、负/正向行同步宽度、升/降时间。</p>
            </section>
            <section id="150">
                <title>7.2.2 黑场同步</title>
                <p id="151">7.2.2.1 测量框图</p>
                <p id="152">测量框图见图17。</p>
                <p id="153">7.2.2.2 测量步骤</p>
                <p id="154">测量步骤如下：</p>
                <p id="155">a)按图17连接示波器和被测系统（同步信号发生器和视频分配器）；</p>
                <p id="156">b)将示波器的输入口用75电阻终接；</p>
                <p id="157">c)在示波器上测量行同步幅度、行同步脉冲宽度、行同步脉冲建立时间。</p>
            </section>
            <section id="158">
                <title>7.2.3 PTP同步</title>
                <p id="159">7.2.3.1 测量框图</p>
                <p id="160">测量框图见图18。</p>
                <figure id="161">
                    <title>图18 PTP同步测量框图</title>
                    <image href="images/result_16100.jpg" placement="break">
                        <alt>图18 PTP同步测量框图</alt>
                    </image>
                </figure>
                <p id="162">7.2.3.2 测量步骤</p>
                <p id="163">测量步骤如下：</p>
                <p id="164">a)按图18连接IP分析仪和被测系统（同步信号发生器和交换机）；</p>
                <p id="165">b)在IP分析仪上测量PTP同步特性。</p>
            </section>
        </section>
        <section id="166">
            <title>7.3 视音频相对延时测量方法</title>
            <section id="167">
                <title>7.3.1 测量框图</title>
                <p id="168">测量框图见图19。</p>
                <figure id="169">
                    <title>图19 视音频相对延时测量框图</title>
                    <image href="images/result_16900.jpg" placement="break">
                        <alt>图19 视音频相对延时测量框图</alt>
                    </image>
                </figure>
            </section>
            <section id="170">
                <title>7.3.2 测量步骤</title>
                <p id="171">测量步骤如下：</p>
                <p id="172">a)按图19连接测量设备和被测视音频通道；</p>
                <p id="173">b)视音频信号源输出视音频相对延时量为0的测量信号；</p>
                <p id="174">c)视音频相对延时测量信号经被测视音频通道后，由数字示波器测量出视音频相对延时。</p>
            </section>
        </section>
        <section id="175">
            <title>7.4 IP网络测量方法</title>
            <section id="176">
                <title>7.4.1 网络连通性</title>
                <p id="177">7.4.1.1 测量框图</p>
                <p id="178">测量框图见图20。</p>
                <figure id="179">
                    <title>图20 网络连通性测量框图</title>
                    <image href="images/result_17900.jpg" placement="break">
                        <alt>图20 网络连通性测量框图</alt>
                    </image>
                </figure>
                <p id="180">7.4.1.2 测量步骤</p>
                <p id="181">测量步骤如下：</p>
                <p id="182">a)按图20连接测量设备和被测网络（数字电视转播车IP网络）设备；</p>
                <p id="183">b)用测量设备对被测网络的关键设备（如切换台、调音台、IP调度系统、交换机等），进行10次Ping测量，每次间隔1s，以测量网络连通性；</p>
                <p id="184">c)重复步骤b），直到遍历所有网络测量点。</p>
            </section>
            <section id="185">
                <title>7.4.2 端口带宽利用率</title>
                <p id="186">7.4.2.1 测量框图</p>
                <p id="187">测量框图见图21。</p>
                <figure id="188">
                    <title>图21 端口带宽利用率测量框图</title>
                    <image href="images/result_18800.jpg" placement="break">
                        <alt>图21 端口带宽利用率测量框图</alt>
                    </image>
                </figure>
                <p id="189">7.4.2.2 测量步骤</p>
                <p id="190">测量步骤如下：</p>
                <p id="191">a)按图21连接测量设备和被测网络（数字电视转播车IP网络）设备；</p>
                <p id="192">b)用测量设备或通过SNMP流量检测功能，在被测网络连接设备全负荷工作的条件下，对被测网络进行流量统计（至少测量5min以上），测量端口带宽利用率；</p>
                <p id="193">c)移动测量设备到其他网络，重复步骤b），直到遍历完所有需要测量的网络。</p>
            </section>
            <section id="194">
                <title>7.4.3 端到端传输时延</title>
                <p id="195">7.4.3.1 测量框图</p>
                <p id="196">测量框图见图22。</p>
                <figure id="197">
                    <title>图22 端到端传输时延测量框图</title>
                    <image href="images/result_19700.jpg" placement="break">
                        <alt>图22 端到端传输时延测量框图</alt>
                    </image>
                </figure>
                <p id="198">7.4.3.2 测量步骤</p>
                <p id="199">测量步骤如下：</p>
                <p id="200">a)按图22将测量设备（端口）分别连接到被测网络（数字电视转播车IP网络）链路的源和目的交换机的端口上，其中测试设备1连接到摄像机对应的IP端口，测量设备2连接到系统末级PGM输出对应的IP端口；</p>
                <p id="201">b)先从测量设备1（发送端口）向测量设备2（接口端口）均匀地发送数据包，向被测网络发送一定数目的1518八位位组的数据帧，使网络达到标称的最大带宽；</p>
                <p id="202">c)由测量设备1通过被测网络向测量设备2发送特定的测量帧，在数据帧的发送和接收时刻都打上相应的时间标记，测试传输延时；</p>
                <p id="203">d)由测量设备2通过被测网络向测量设备1发送数据包，重复步骤b）～步骤c);</p>
                <p id="204">e)步骤c）与步骤d）所得到的时延之和是双向往返时延，单向时延可通过除以2计算获得；</p>
                <p id="205">f)重复步骤b）～步骤e)20次，传输时延取20次测量结果的平均值。</p>
            </section>
            <section id="206">
                <title>7.4.4 丢包率</title>
                <p id="207">7.4.4.1 测量框图</p>
                <p id="208">测量框图见图23。</p>
                <figure id="209">
                    <title>图23 丢包率、误码率测量框图</title>
                    <image href="images/result_20900.jpg" placement="break">
                        <alt>图23 丢包率、误码率测量框图</alt>
                    </image>
                </figure>
                <p id="210">7.4.4.2 测量步骤</p>
                <p id="211">测量步骤如下。</p>
                <p id="212">a)按图23将两台测量设备分别连接到被测网络（数字电视转播车IP网络）链路的源和目的交换机端口上，其中测量设备1连接到摄像机对应的IP端口，测量设备2连接到系统末级PGM输出对应的IP端口。</p>
                <p id="213">b)测量设备1作为主机向被测网络加载不同的流量负荷（超轻载10%、轻载25%、中载50%、重载75%、超重载95%），测量设备2作为远端接收负荷，测量数据帧丢失的比例；远端设备可为对等设备，或者为反射器均可。</p>
                <p id="214">c)测量需要遍历7种帧长：64八位位组、128八位位组、256八位位组、512八位位组、1024八位位组、1280八位位组、1518八位位组。</p>
            </section>
            <section id="215">
                <title>7.4.5 误码率</title>
                <p id="216">7.4.5.1 测量框图</p>
                <p id="217">测量框图见图23。</p>
                <p id="218">7.4.5.2 测量步骤</p>
                <p id="219">测量步骤如下。</p>
                <p id="220">a)按图23将两台测量设备分别连接到被测网络（数字电视转播车IP网络）交换机的源端口和目的端口上，其中测量设备1连接到摄像机对应的IP端口，测量设备2连接到系统末级PGM输出对应的IP端口。</p>
                <p id="221">b)测量设备1作为主机向被测网络加载不同的流量负荷（超轻载10%、轻载25%、中载50%、重载75%、超重载95%），测量设备2作为远端接收负荷，测量数据误码率；远端设备可为对等设备，或者为反射器均可。</p>
                <p id="222">c)测量需要遍历7种帧长：64八位位组、128八位位组、256八位位组、512八位位组、1024八位位组、1280八位位组、1518八位位组。</p>
            </section>
            <section id="223">
                <title>7.4.6 传输流量整形指标</title>
                <p id="224">7.4.6.1 测量框图</p>
                <p id="225">测量框图见图24。</p>
                <figure id="226">
                    <title>图24 传输流量整形指标测量框图</title>
                    <image href="images/result_22600.jpg" placement="break">
                        <alt>图24 传输流量整形指标测量框图</alt>
                    </image>
                </figure>
                <p id="227">7.4.6.2 测量步骤</p>
                <p id="228">测量步骤如下：</p>
                <p id="229">a)按图24连接IP信号分析仪与被测网络（数字电视转播车IP网络），并调通链路；</p>
                <p id="230">b)将被测网络IP输出接口连接到IP信号分析仪，观察15min，测量被测网络的传输流量整形指标C                    <sub>MAX</sub>和VRX Buffer;</p>
                <p id="231">c)对于被测网络中的摄像机信号、切换台信号等核心信号，重复步骤b）。</p>
            </section>
            <section id="232">
                <title>7.4.7 IP信号切换功能</title>
                <p id="233">7.4.7.1 测量框图</p>
                <p id="234">测量框图见图25。</p>
                <figure id="235">
                    <title>图25 IP信号切换功能测量框图</title>
                    <image href="images/result_23500.jpg" placement="break">
                        <alt>图25 IP信号切换功能测量框图</alt>
                    </image>
                </figure>
                <p id="236">7.4.7.2 测量步骤</p>
                <p id="237">测量步骤如下。</p>
                <p id="238">a)按图25连接测量设备并调通链路。</p>
                <p id="239">b)在IP信号切换设备上快速对不同IP信号源进行切换，用显示设备监看监听输出的信号是否出现黑场、花屏、静帧、爆音等现象。</p>
                <p id="240">c)必要时可用IP记录设备记录IP信号切换设备输出的IP信号，分析判断切换点。</p>
                <p id="241">d)对于数字电视转播车IP网络核心层的骨干链路，重复步骤b）和步骤c），直到遍历完所有需要测量的IP信号源；对于接入层到核心层的上联链路，以不低于10%的比例进行抽样测量。</p>
            </section>
            <section id="242">
                <title>7.4.8 冗余备份IP流倒换</title>
                <p id="243">7.4.8.1 测量框图</p>
                <p id="244">测量框图见图26。</p>
                <figure id="245">
                    <title>图26 冗余备份IP流倒换测量框图</title>
                    <image href="images/result_24500.jpg" placement="break">
                        <alt>图26 冗余备份IP流倒换测量框图</alt>
                    </image>
                </figure>
                <p id="246">7.4.8.2 测量步骤</p>
                <p id="247">测量步骤如下：</p>
                <p id="248">a)按图26连接测量设备并调通链路；</p>
                <p id="249">b)断开IP信号主链路，用显示设备监看监听输出的信号是否出现黑场、花屏、静帧、抖动、爆音等现象；</p>
                <p id="250">c)连接IP信号主链路，断开IP信号备链路，用显示设备监看监听输出的信号是否出现黑场、花屏、静帧、抖动、爆音等现象；</p>
                <p id="251">d)重复步骤b）和步骤c），直到遍历完所有需要测量的IP设备；</p>
                <p id="252">e)必要时可用IP记录设备记录IP设备输出的IP信号，分析是否存在丢包、乱序等。</p>
            </section>
            <section id="253">
                <title>7.4.9 双路信号时延差</title>
                <p id="254">7.4.9.1 测量框图</p>
                <p id="255">测量框图见图27。</p>
                <figure id="256">
                    <title>图27 双路信号时延差测量框图</title>
                    <image href="images/result_25600.jpg" placement="break">
                        <alt>图27 双路信号时延差测量框图</alt>
                    </image>
                </figure>
                <p id="257">7.4.9.2 测量步骤</p>
                <p id="258">测量步骤如下：</p>
                <p id="259">a)按图27连接测量设备并调通链路；</p>
                <p id="260">b)用IP信号分析仪测量双路信号时延差。</p>
            </section>
        </section>
        <section id="261">
            <title>7.5 音频区声学测量方法</title>
            <section id="262">
                <title>7.5.1 噪声</title>
                <p id="263">噪声测量方法按照GY/T 5086—2012中的规定。</p>
            </section>
            <section id="264">
                <title>7.5.2 混响时间</title>
                <p id="265">混响时间测量方法按照GY 5022—2007中的规定。</p>
            </section>
            <section id="266">
                <title>7.5.3 隔声量</title>
                <p id="267">隔声量测量方法按照GB/T 19889.5—2006中的规定。</p>
            </section>
        </section>
    </body>
    <prolog>
        <metadata>
            <cataloglink/>
            <phypage>25-26-27-28-29-30-31-32-33-34-35-36-37</phypage>
            <pubpage>19-20-21-22-23-24-25-26-27-28-29-30-31</pubpage>
        </metadata>
    </prolog>
    <bibliography/>
</article>
