<?xml version="1.0" encoding="utf-8" standalone="no"?>
<article id="53" type="book" filename="result" version="2.1.1.1">
    <title>第2节||数字图书馆信息安全管理</title>
    <body>
        <p id="1">随着数字图书馆信息量的增多、数字化资源管理和服务的深化，数字图书馆带给人们信息共享服务的同时，其安全问题也凸现出来，如数据丢失、信息泄密、系统瘫痪、网络堵塞等，严重影响着数字图书馆建设与发展。作为一个信息系统，信息是数字图书馆的支柱。信息安全是数字图书馆正常运行发展的关键，也是其顺利提供服务的保证。另外，信息安全还是保护数字图书馆相关各方权益的需要。信息安全问题伴随着数字图书馆建设和发展的始终，并有加重之势，所以如何保障数字图书馆信息安全已成为数字图书馆建设和发展的核心问题之一。</p>
        <p id="2">2000 年，党中央十五届五中全会关于“十五”计划的建议中明确提出了“信息化是关系现代化全局的战略举措”。2004年1月9日至10日召开了“国家信息安全保障工作会议”，告诫我们在信息化建设快速发展的同时，不能忽略信息安全的同步建设；2005年党的十六届四中全会把信息安全同政治安全、经济安全、文化安全放在同等重要的地位一并提出，这在党的历史上是前所未有的。“十一五”计划又再次强调“应健全信息化安全保障体系，完善信息化可持续发展的制度软环境，促进先进网络文化的传播”，国家明确提出了“以安全保发展、在发展中求安全”的重要原则，提出要一个并重，即“管理与技术并重”；要两手抓，即“一手抓信息化发展，一手抓信息安全建设”；要三同步，即“信息化发展与信息安全建设要同步规划、同步建设、同步发展”。</p>
        <p id="3">随着信息安全意识的提高及信息安全需求的落实，积极为各领域构建信息安全保障体系将成为信息安全产业必然和不可扭转的趋势。</p>
        <section id="4">
            <title>1 数字图书馆信息安全理论研究</title>
            <section id="5">
                <title>1.1 信息安全的内涵</title>
                <p id="6">信息安全有狭义与广义之分，狭义的信息安全专指信息本身的安全问题，包括对信息系统中所加工存储、网络中所传递的数据的泄漏、仿冒、篡改以及抵赖过程所涉及的安全问题，也称之为“数据安全”。</p>
                <p id="7">我们所要讨论的信息安全设定在广义层次上，采用国际化标准组织ISO对信息安全提出的建设定义：“为数据处理系统建立和采取的技术和管理的安全保护，保护计算机硬件、软件数据不因偶然的和恶意的原因而遭到破坏、更改和泄漏。”</p>
                <p id="8">由此可见信息安全问题应该是一个系统概念、综合性的课题，涉及立法、技术、管理等诸多的方面。</p>
                <section id="9">
                    <title>1.1.1 信息安全的层次性</title>
                    <p id="10">从信息安全的作用层面上来看，比较公认的有三个层面。</p>
                    <p id="11">(1）物理安全层</p>
                    <p id="12">保证计算机设备、网络通讯设备及各种媒体硬件自身的安全，就是信息系统硬件的稳定性运行，它是数字图书馆正常运行所必需的物质基础。</p>
                    <p id="13">(2）软件安全层</p>
                    <p id="14">保证计算机与网络设备运行过程中系统的安全，包括操作系统、应用程序系统和数据库系统的稳定性运行，它是数字图书馆安全的核心部分。</p>
                    <p id="15">(3）数据安全层</p>
                    <p id="16">对信息系统中所加工存储、网络中所传递的数据的泄漏、仿冒、篡改以及抵赖过程所涉及的安全问题，这些数据包括了元数据、对象数据和基本的用户数据。</p>
                </section>
                <section id="17">
                    <title>1.1.2 信息安全的需求</title>
                    <p id="18">(1）保密性。即确保数据的机密性，保证机密信息不被窃听，或窃听者不能了解信息的真实含义，防止未授权的访问即便被捕获也不会被解析。这是信息安全最重要的，也是最基本的要求，具体地讲，就是系统能否保证有价值的重要信息对己方的高可用性和对敌方的不可用性，同时可对信息的来源进行判断，能对伪造来源的信息予以鉴别。换句话说，保密性就是对抗对手的被动攻击，保证信息不被泄漏给未经授权的人。</p>
                    <p id="19">(2）完整性。指信息在存储、传输和使用过程中保持不被修改、不被破坏和不丢失。换句话说，完整性就是对抗对手主动攻击，防止信息被未经授权者篡改。保证信息的完整性是信息安全的基本要求，而破坏信息的完整性，则是对信息安全发动进攻的目的之一。</p>
                    <p id="20">(3）可靠性。是指对信息完整性的依赖程度，也就是对信息安全系统的信赖程度。</p>
                    <p id="21">(4）可用性。是指保障信息无论在何时、经过何种处理，当需要时能存取所需信息，即保证信息系统确实为授权使用者所用，防止由于计算机病毒或其他人为因素造成系统的拒绝使用。另外，可用性还包括具有在某种不正常条件下继续运行的能力。</p>
                    <p id="22">(5）可控性。即授权机构对信息及信息系统实施安全监控，对信息内容及传播具有控制能力，可以控制授权访问内的信息流向及方向。</p>
                    <p id="23">(6）不可否认性。确保参与方无法否认自己对数据的特定操作（如授权、发送、接收等），即建立有效的责任机制，防止用户否认其行为。信息安全需求的六要素如图10-2-1所示。</p>
                    <figure id="24">
                        <title>图10 -2-1信息安全需求的六要素</title>
                        <image href="images/result_02400.jpg" placement="break">
                            <alt>图10 -2-1信息安全需求的六要素</alt>
                        </image>
                    </figure>
                    <p id="25">数字图书馆安全保障的最终目的是要达到数字图书馆信息处理和传输过程中的保密性、完整性、可用性、可控性和不否认性。</p>
                </section>
            </section>
            <section id="26">
                <title>1.2 信息安全威胁因素分析</title>
                <section id="27">
                    <title>1.2.1 客观威胁</title>
                    <p id="28">数字图书馆信息安全客观威胁因素：</p>
                    <p id="29">(1）自然因素。自然因素可以分为可控因素和不可控因素。可控因素指可以预知的、通过一定的措施可以避免的威胁，例如水、火、静电等。不可控因素是指不能预知的，超出人力控制的因素，如地震、雷击等自然灾害，但是不可控因素造成的损失并不是绝对不可以控制的，只要措施得力，损失还是能够减少的。</p>
                    <p id="30">(2）硬件和软件因素。硬件因素是要考虑计算机配置是否合理，机器质量是否有保证等现象。著名的计算机芯片制造商Intel公司，曾公开其具备多媒体扩展技术的奔腾处理芯片存在缺陷，而在过去全球80%的PC机正在使用这种芯片；软件因素主要涉及操作系统和应用软件两个方面，软件上的漏洞普遍存在于服务器守护程序、应用程序、操作系统、网络协议等环节中。</p>
                </section>
                <section id="31">
                    <title>1.2.2 主观威胁</title>
                    <p id="32">(1）蓄意的侵犯或敌意的攻击。侵犯者可能来自图书馆员、用户、相关的利益群体如盗版商人、网络黑客等。尤其是网络的开放性所导致的计算机病毒和黑客及黑客程序，计算机网络技术的发展，计算机病毒扩散速度不断加快，破坏性也越来越大。同时，黑客攻击网络的手段越来越多，既可以针对整个数字图书馆计算机网络系统，也可以针对单个主机发起攻击。黑客不仅会窃取数据，非法使用信息资源，而且可能导致整个信息系统瘫痪。</p>
                    <p id="33">(2）管理因素。图书馆的网络信息系统没有建立完善的安全管理制度或执行力度不够、责权不明、缺乏可操作性等，都会引起管理安全的风险，造成安全漏洞，给攻击者留有机会。</p>
                    <p id="34">(3）人文因素。人文因素一方面来自工作人员，一方面来自于用户。工作人员安全意识淡薄，个别工作人员责任心不强，缺乏必要的专业知识等都可能对系统安全造成影响；用户是数字图书馆中最活跃、最具个性化的使用者，他们的计算机操作能力、使用需求等，都可能构成信息系统的安全隐患。</p>
                    <p id="35">(4）法规和政策因素。信息资源的安全与健全、完善的政策法规是密不可分的。但是，各国相关法律的制定和执行都存在不同程度的滞后现象。网络犯罪、网络侵权向传统法律提出了挑战。</p>
                    <p id="36">(5）资金投入不足。由于经费供给有限，许多图书馆都存在建设上重硬件、轻软件，重建设、轻维护的现象，很少认真考虑其信息安全问题。多数馆只是配个防火墙，安个杀毒软件定时升级而已。从其威胁因素来看，正是由于信息系统的开放性，软、硬件的脆弱性及法律法规的不完善性等，使图书馆的信息安全面临着许多安全漏洞与隐患，数字图书馆安全理论是涉及资源、技术、管理、法律等方面的现代图书馆学研究的新领域，也成了图书馆理论界，实践界关注的重点问题。</p>
                </section>
            </section>
        </section>
        <section id="37">
            <title>2 数字图书馆信息安全研究的历史</title>
            <section id="38">
                <title>2.1 数字图书馆信息安全研究的研究现状</title>
                <p id="39">对于数字图书馆的信息安全问题，国内外学者对此有不同程度的研究。20世纪末，部分学者有预见性地从理论层面上讨论了数字图书馆信息安全问题；本世纪以来，专家学者们开始从技术层面、物理层面、管理层面、社会环境层面等来研究探讨数字图书馆的安全问题。在理论方面，有对信息安全概念的界定，有对信息安全特点的描述，有对影响信息安全的威胁因素的总结及对信息安全的危害及其表现形式的探讨等。在技术层面，一些学者对数字图书馆的网络设计、数据保护、病毒防护、数据加密、登录控制等方面进行了研究，并指出随着信息技术的迅速发展，数字图书馆用户组成将出现越来越复杂的趋势，出于各种目的的入侵和攻击将越来越频繁，各种新计算机技术的应用是保障数字图书馆正常运行的必要条件。在物理层面，学者们从图书馆建筑安全、容错能力等方面进行研究，又从硬件设备安全、数据存储安全等方面进行初步探索。在管理层面，部分学者指出随意性或违章行为会直接威胁到数字图书馆的安全。但是，这方面的研究，以理论者居多，实践上不够深入，详尽有效的系统化解决方案还未出现。在社会环境层面，主要是从信息安全政策和法规人手，从国家标准出发，希望国家和社会可以建立一套完善的法律法规，为数字图书馆安全运行提供保障。</p>
            </section>
            <section id="40">
                <title>2.2 数字图书馆信息安全现存问题</title>
                <p id="41">分析数字图书馆诞生以来有关其信息安全问题的研究成果，可以看出，学者们对数字图书馆的信息安全问题仍侧重于其某一方面的研究，没有形成一个综合性的解决方案，原因是数字图书馆的信息安全问题是一个诸多因素影响下的系统问题。而且国内很多图书馆对待信息安全问题态度草率，仅仅采用单一的防病毒软件或被动的防护策略，已经无法满足数字图书馆的安全需要。因此，对数字图书馆信息安全问题进行全面研究，构建一个综合性的数字图书馆安全保障体系是非常必要的。</p>
            </section>
        </section>
        <section id="42">
            <title>3 数字图书馆信息安全策略</title>
            <p id="43">安全策略描述的是组织为保护信息系统要实现的安全目标，以及实现这些安全目标所运用的手段、采用的途径，保护对象的安全优先级等方面的内容。安全策略制定的目的在于减少信息安全事故的发生，将信息安全事故的影响与损失降到最低。</p>
            <section id="44">
                <title>3.1 信息安全策略的构成</title>
                <p id="45">信息安全策略包括信息安全内容等级、目标、任务和限制四个主要部分，其中安全内容等级描述保护对象的安全优先级，目标描述的是未来的安全状态，任务定义的是与信息安全有关的活动，限制定义了在执行任务所规定的活动时为保证信息安全必须遵守的规则。信息安全策略构成如图10-2-2所示。</p>
                <figure id="46">
                    <title>图10 -2-2信息安全策略构成</title>
                    <image href="images/result_04600.jpg" placement="break">
                        <alt>图10 -2-2信息安全策略构成</alt>
                    </image>
                </figure>
            </section>
            <section id="47">
                <title>3.2 信息安全策略的特征</title>
                <p id="48">信息安全策略有以下七个特征。</p>
                <p id="49">(1）现实可行性。衡量信息安全策略的尺度首先就是现实可行性，信息安全策略既要求符合现实业务状态，又要能包容未来一段时间内的业务发展要求。</p>
                <p id="50">(2）指导性。信息安全策略不是技术解决方案，尽管它对制定信息安全解决方案有指导作用，信息安全策略只是一个组织描述保证信息安全途径的指导性文件，对于整个组织的信息安全工作提供全局性指导。</p>
                <p id="51">(3）原则性。信息安全策略不涉及具体细节，只需要指出要完成的目标，并不涉及具体做什么和怎么做。</p>
                <p id="52">(4）可审核性。信息安全策略是可以被审核的，即能够对组织内各部门遵守信息安全的情况进行审核和评价。</p>
                <p id="53">(5）非技术性。信息安全策略的描述语言应该是非技术性的。</p>
                <p id="54">(6）动态性。信息安全是动态变化的，信息安全策略也需要不断动态变化、不断发展，信息安全策略应注意其运用的期限，避免因时间理解错误而造成混乱。</p>
                <p id="55">(7）文档化。信息安全策略应该有清晰和完全的文档描述。</p>
            </section>
            <section id="56">
                <title>3.3 数字图书馆信息安全策略等级</title>
                <section id="57">
                    <title>3.3.1 数字图书馆主要信息内容</title>
                    <p id="58">目前，大多数数字图书馆都包括了以下几个方面的信息内容。</p>
                    <p id="59">(1）图书馆概况。主要介绍图书馆的基本情况，如图书馆简介、历史沿革、馆长致词、行政工作、馆藏分布、图书馆风采、部门指南等内容，其目的是为了使广大读者对该图书馆有一个基本的了解和认识。</p>
                    <p id="60">(2）馆藏信息查询。包括中文图书目录查询、外文图书目录查询、中文期刊目录查询、外文期刊目录查询、特种文献目录查询、专题文献目录查询、联机公共书目查询、个人借阅情况查询等。其目的是为读者提供查询检索服务。</p>
                    <p id="61">(3）读者服务。主要为读者提供各类实用信息，目的是帮助读者更好地利用图书馆提供的各种信息资源和服务。具体包括联系方式、开放时间、图书馆规则、读者信息检索、科技查新、电子邮件、热门图书、视听服务、文献传递、新书报道等。</p>
                    <p id="62">(4）读者园地。这是一块图书馆与读者以及读者之间相互沟通的网上空间。读者可以在此发表自己对图书馆的看法和建议，可以提出一些疑难问题寻求帮助，甚至可以推荐一些好书、好作品，大家可以相互交流学习心得等；图书馆可以借此进行读者需求分析并帮助解决读者遇到的实际问题，加强图书馆与读者的联系，提高图书馆的服务质量等。</p>
                    <p id="63">(5）电子资源。这是图书馆网站建设的核心内容，是网上读者最关心、最需要的服务项目。电子资源包括中文数据库（如中文期刊网、超星数字图书馆、中文经济信息网等）、英文数据库、专题数据库、电子资源导航、光盘数据库检索、电子期刊等。</p>
                    <p id="64">(6）读者培训。其目的是为了帮助读者更好地利用图书馆网站上的数据库资源，查找所需要的信息。培训内容包括电子资源检索和利用、应用软件使用指南等。</p>
                    <p id="65">(7）网络导航。目的在于帮助读者更加有效地开发和利用广阔的网络资源。图书馆网站通过导航服务引导读者直接利用其链接的优秀网站，以最便利的方式获取所需要的信息。图书馆网站的导航内容主要包括国内上网图书馆、电子期刊、搜索引擎及全球图书馆服务等。</p>
                    <p id="66">(8）图书馆动态。主要发布馆内新闻、图书馆公告以及重点科研项目进展、出版发行及展览等方面的最新信息。</p>
                </section>
                <section id="67">
                    <title>3.3.2 数字图书馆信息内容等级划分</title>
                    <p id="68">内容分级为的是明确信息面临的风险程度，从而确定数字图书馆受损害的程度，据此确定保护的级别，确立其各自的安全需求。只有明确其信息需求，才能有针对性地构建安全体系，有效地保证信息安全。</p>
                    <p id="69">(1）划分依据</p>
                    <p id="70">数字图书馆管理人员应根据信息内容对用户的重要性和数字图书馆系统对其的依赖性确认关键信息，进行分级。例如文献资料信息是提供服务的支柱，有些用户隐私问题是非常敏感的，数据库光盘承载的信息是数字图书馆服务正常开展的必要条件，这些信息相对价值较大，比较容易受到侵害，是信息安全保护的重点，应处于保护的最高级别。</p>
                    <p id="71">本书根据国家秘密的密级划分，并结合数字图书馆信息自身的特点，将其划分为“核心级”、“内部级”和“公开级”三类。</p>
                    <p id="72">(2）数字图书馆信息内容三级划分</p>
                    <p id="73">核心级：该级别的信息是整个图书馆网站对外服务的核心，价值级别在三者中“最高”而且一旦遭到破坏或恶意篡改，将可能造成整个图书馆网站对外服务的中止。因此对这类信息的安全防护也是最为严密的，一般需要拥有最高权限的领导或极少数高级管理员才能对其相关信息进行修改或使用。这种类型的信息主要包括网站管理员密码、收费电子资源的管理与使用、读者个人资料与基本信息、借阅类型、借阅史、押金情况等。</p>
                    <p id="74">内部级：该级别的信息主要是为了实现对重点馆藏的长期保存而数字化的文献。由于该类文献为馆藏精品，故其信息价值级别“较高”，破坏或泄漏后造成的危害程度“严重”，因此只有拥有一定权限的图书馆工作人员才可以进行访问和使用，普通的读者没有权限进行访问。这种类型的信息主要包括数字化的国家级重点文献，独家馆藏的重点文献、孤本、善本等。</p>
                    <p id="75">公开级：该级别的信息主要是图书馆对外宣传的内容，其信息重要程度的级别属于“一般”，破坏后造成的危害“小或可以忽略”，普通的读者都可以随意进行访问。这种类型的信息主要包括图书馆概况、图书馆动态、馆藏信息、图书查询、读者服务、书刊外借信息、读者园地、网络导航等。</p>
                    <p id="76">根据以上的信息划分标准，笔者认为数字图书馆的信息安全保障应达到实时保护“核心级”内容不遭到破坏或篡改，定时检测确保“内部级”的信息不遭到泄漏，在发现“公开级”信息遭到篡改或破坏后能够即时地进行修复。</p>
                </section>
            </section>
            <section id="77">
                <title>3.4 数字图书馆信息安全的限制</title>
                <p id="78">(1）平衡信息共享和信息限制的原则</p>
                <p id="79">数字图书馆信息服务的目标就是最大限度进行信息共享，发挥信息的作用。而数据库的保密性和可用性之间存在着冲突，如为了提高数字图书馆信息的保密性要对其中的信息进行加密，而要访问经过加密的信息，访问效率会降低。因此针对具体应用，需要妥善解决保密性和可用性之间的矛盾，平衡信息共享和限制的关系。</p>
                <p id="80">(2）重点保护和经济效益原则</p>
                <p id="81">要保证数字图书馆的信息安全，需要在软、硬件以及时间精力上大量投入，保护越周密，投入越大。因此图书馆应在安全内容分类的基础上，确定保护的重点，将主要的人力、物力、财力放到重点保护对象上，避免不合理的成本支出。</p>
                <p id="82">(3）实时性和高效性原则</p>
                <p id="83">信息安全建设中应采用高处理能力的安全产品与技术，摒弃简单堆砌的做法，合理集成信息产品、信息技术以达到最优组合，真正保证实时性和高效性。</p>
                <p id="84">(4）规范化建设原则</p>
                <p id="85">当前存在着很多与信息安全相关的法律法规，图书馆在制定信息安全策略时，应参考现行的法律、标准、规范。一方面这可以为数字图书馆信息安全提供指导和借鉴，另一方面也避免这些规定违反法律、法规而失去效力。</p>
                <p id="86">(5）整体保障原则</p>
                <p id="87">信息安全符合木桶原理，即系统中最薄弱的环节决定了整个系统的安全性，从而体现出弱优先规律。信息安全涉及的是管理与技术的不同层面，任何层面的安全因素都不能偏废，必须同步整体发展，注重发现并解决信息安全的薄弱环节，形成整体的信息安全保障体系，以防止信息安全的问题因某个局部薄弱环节的存在而降低其系统整体的安全能力。</p>
                <p id="88">(6）持续改进原则</p>
                <p id="89">随着技术的不断进步，各种病毒和攻击手段也会不断地更新。现在看来比较安全的防护体系，在未来可能漏洞百出。因此信息安全是一个永恒的话题，需要不断地对数字图书馆的信息安全进行审核评估，持续地改进安全系统。</p>
                <p id="90">(7）充分保护投资原则</p>
                <p id="91">安全建设应充分考虑到保护投资的原则，确保随着将来业务的发展，可以通过平滑扩展的方式，充分利用已部署的安全产品，最大限度地利用网络的相关投资。</p>
            </section>
            <section id="92">
                <title>3.5 信息安全的目标和任务</title>
                <p id="93">数字图书馆安全保障的最终目标是要达到数字图书馆信息安全三个层次上的六个安全需求，即信息的保密性、完整性、可靠性、可用性、可控性和不可否认性。</p>
                <p id="94">信息安全的任务应该包括实现信息安全目标所运用的手段、采用的途径。拟构建以财力、物力、人力资源作为支撑后盾，以技术体系和管理体系为主体保障，以标准、法律规章为依据，全面、细致考虑每种因素与每个环节，从综合的角度出发，构建体系化的数字图书馆信息安全保障模型。</p>
            </section>
        </section>
        <section id="95">
            <title>4 数字图书馆信息安全技术体系</title>
            <p id="96">由于数字图书馆所面对的存储对象和技术领域远远超出了传统图书馆所涉及的范围，其安全需要大量的技术突破作为支撑。目前，国外较为成熟的安全技术有密码理论技术、安全协议理论与技术、信息对抗理论与技术。我国在密码学领域的研究以及反病毒、防火墙和入侵检测等安全产品的研究与开发方面已经较为成熟，这些技术理论为解决数字图书馆信息的安全问题提供了一定的支撑和依据。</p>
            <p id="97">从国际上来看，在将传统安全技术（如安全身份论证技术、主机入侵检测技术等）应用于数字图书馆方面已经取得进展。我国的数字图书馆也开始逐渐地采用一些国外的先进安全技术来解决其安全问题，但大多只是针对于有限的几种安全威胁，也很少进行针对数字图书馆的特定情况的有效的二次开发。因此，对于更多的安全问题力不从心。</p>
            <p id="98">我们从技术角度来考虑保障因素，并通过综合集成、二次开发等手段来构成建立在技术层面的信息安全保障体系。</p>
            <section id="99">
                <title>4.1 数字图书馆信息安全技术层次划分</title>
                <p id="100">信息安全作用的三个层面即物理安全层、软件安全层、数据安全层对应于技术体系的实体安全技术、运行安全技术、数据安全技术。数字图书馆的信息安全问题在物理安全、运行安全、数据安全不同层面上表现不一。针对不同的安全需求，应采用相关技术，建设配套的信息安全应用设施。</p>
                <p id="101">数字图书馆信息安全的层级需求与支持技术：</p>
                <p id="102">(1）实体安全。是数字图书馆网络正常运行的物质基础。围绕网络与信息系统的物理装备的安全，包括各类计算机设备（如终端、服务器、工作站等）和网络通讯设备（路由器、交换机、集线器、调制解调器）以及磁盘、磁带、硬盘和CD—ROM的安全。主要涉及信息及信息系统的电磁辐射、抗恶劣工作环境等方面的问题。面对的威胁主要有自然灾害、电磁泄漏、通信干扰等；主要的保护技术有数据和系统备份、电磁屏蔽、抗干扰、容错等。</p>
                <p id="103">(2）运行安全。围绕网络与信息系统的运行过程和运行状态的安全。包括操作系统、数据库系统和应用系统三大部分操作系统。主要涉及信息系统的正常运行与有效的访问控制等方面的问题；面对的威胁包括网络攻击、网络病毒、网络阻塞、系统安全漏洞利用等。主要的保护技术有访问控制、病毒防治、应急响应、风险分析、漏洞扫描、入侵检测、系统加固、安全审计等。</p>
                <p id="104">(3）数据安全。围绕着数据（信息）的生成、处理、传输、存储等环节中的安全。主要包括：元数据、对象数据和用户数据等，涉及数据（信息）的泄密、破坏、伪造、否认等方面的问题。面对的威胁主要包括对数据（信息）的窃取、篡改、冒充、抵赖、破译、越权访问等。主要的保护技术有加密、认证、访问控制、鉴别、签名等。</p>
            </section>
            <section id="105">
                <title>4.2 数字图书馆信息安全关键技术介绍</title>
                <section id="106">
                    <title>4.2.1 防护技术</title>
                    <p id="107">防护技术主要包括认证、访问控制和内容安全等方面。防护技术可以增加攻击者入侵所花费的时间、成本和所需要资源，以降低系统被攻击的危险，达到安全防护的目的。</p>
                    <p id="108">(1）数字签名技术</p>
                    <p id="109">数字签名指附加在数据单元上的一些数据，或是对数据单元所作的密码变换，这种数据或变换允许数据单元的接受者用以确认数据单元来源和数据单元的完整性，并保护数据，防止被人伪造。数字签名过程如图10-2-3所示。</p>
                    <figure id="110">
                        <title>图10 -2-3数字签名过程</title>
                        <image href="images/result_11000.jpg" placement="break">
                            <alt>图10 -2-3数字签名过程</alt>
                        </image>
                    </figure>
                    <p id="111">数字签名是解决网络通讯中特有安全问题的一种有效方法。</p>
                    <p id="112">(2）防火墙技术</p>
                    <p id="113">防火墙在某种意义上可以说是一种访问控制产品。它在内部网络与不安全的外部网络之间设置障碍，阻止外界对内部资源的非法访问，防止内部对外部的不安全访问。它是不同网络或网络安全域之间信息的唯一出入口，能控制出入网络的信息流且本身具有较强的抗攻击能力。防火墙能够较为有效地防止黑客利用不安全的服务对内部网络的攻击，并且能够实现数据流的监控、过滤、记录和报告功能，较好地隔断内部网络与外部网络的连接。</p>
                    <p id="114">(3）防病毒技术</p>
                    <p id="115">防病毒技术主要包括计算机病毒预警技术、已知病毒与未知病毒识别技术、病毒动态滤杀技术等。通过对计算机病毒的识别、预警以及防治能力，形成基于网络的多层防范、集中管理的病毒防治体系，以防范对图书资源的各种破坏。</p>
                    <p id="116">(4）信息过滤技术</p>
                    <p id="117">信息过滤一般分为基于内容的过滤和合作过滤。内容过滤一般是针对网上不良信息进行阻断，主要包括基于URL的站点过滤技术、基于内容关键字的过滤技术、基于URL内容关键字的过滤技术、基于图像识别的过滤技术、智能过滤技术和几种技术结合的组合过滤技术。</p>
                    <p id="118">网络内容过滤产品的研发起步非常早，目前已形成几家主流产品，国外已经有较系统的不良信息分类研究和完善的不良站点列表数据库，代表产品包括：Family Connect、SmartFilter、CyberSnoop、Surf Control、Surf Watch、Cyber Patrol等。</p>
                </section>
                <section id="119">
                    <title>4.2.2 检测技术</title>
                    <p id="120">由于信息系统的复杂性，安全防护技术只能做到尽量阻止攻击企图的得逞，或者延缓这个过程，系统漏洞的存在在所难免，检测技术的引入就是用来弥补漏洞的存在。</p>
                    <p id="121">(1）入侵检测技术</p>
                    <p id="122">入侵检测是一种主动保护网络和系统安全的技术，从计算机系统或网络中采集、分析数据，察看网络或主机系统中是否有违反安全策略的行为和遭到攻击的迹象并采取适当的相应措施阻断攻击，降低可能的损失，它能提供对内部攻击、外部攻击和误操作的保护。</p>
                    <p id="123">(2）内容审计技术</p>
                    <p id="124">内容审计主要指对与安全有关的活动的相关信息进行识别、记录、存储和分析；审计结果用于检查网络上发生了哪些与安全有关的活动。它通过记录用户访问的所有资源和所有访问过程，实现对网络的动态实时监控，为用户事后取证提供手段。网络内容审计技术一般以旁路方式捕获受控网段内的数据流，通过协议分析、模式匹配等技术手段对网络数据流进行审计，并对非法流量进行监控和取证。通常采用多级分布式体系结构，并提供数据检索功能和智能化统计分析能力，对部分非法网络行为（如Web页面浏览、QQ聊天、BBS等）可进行重放演示。目前已经有十多个信息内容审计产品。</p>
                </section>
                <section id="125">
                    <title>4.2.3 应急响应技术</title>
                    <p id="126">百密必有一疏，多方面的防护与检测也会出现小的漏洞，这些小的漏洞对信息的安全却会带来不可忽视的危害，因此就需要及时地补漏。应急响应技术包括控制阻断技术和隔离技术。</p>
                    <p id="127">控制阻断技术从阻断依据上分为基于IP地址的阻断和基于内容的阻断，从实现方式上分为软件阻断和硬件阻断，从阻断方法上分为数据包重定向和数据包丢弃。对识别出的非法信息内容，一般将阻止或中断用户对其访问，其中成功率和实时性是重要指标。控制阻断技术已成功用于垃圾邮件剔除、涉密内容过滤、著作权盗用的取证、有害色情内容的阻断和警告等，并有成熟产品出现，如McAfee WebShield设备。国内如哈尔滨工业大学、中科院计算所、国防科技大学、东北大学等单位在开展相关研究，并取得一定进展。</p>
                </section>
                <section id="128">
                    <title>4.2.4 备份恢复技术</title>
                    <p id="129">备份是保证数据安全的最后一道防线，数据备份是将系统全部或部分数据集合从应用主机的硬盘或阵列复制到其他的存储介质的过程。备份可以选择全备份、增量备份、差分备份。</p>
                    <p id="130">一般备份软件主要分两大类：</p>
                    <p id="131">一是各个操作系统厂商在软件内附带的，如NetWare操作系统的“Backup”功能、NT操作系统的“NTBackup”等；</p>
                    <p id="132">二是专业备份软件厂商提供的全面的专业备份软件，如Veritas或Legato的专业备份软件。</p>
                    <p id="133">恢复措施在整个备份中占有相当重要的地位，它关系到系统软件与数据在经历灾难后能否快速、准确恢复。全盘恢复一般应用在服务器发生意外灾难，导致数据全部丢失、系统崩溃或是有计划的系统升级，系统重组等情况，也称为系统恢复。</p>
                </section>
            </section>
            <section id="134">
                <title>4.3 数字图书馆信息安全技术整合与集成</title>
                <p id="135">技术是解决信息安全问题的基本要素之一。各种技术产品的简单堆砌或单独使用是无法全面确保数字图书馆安全性的。为此，提出了将各种技术整合，使各种技术相互补充、相互作用，从而建设数字图书馆的信息安全应用系统，达到技术最优组合、实现其效用最大化，真正从技术因素上提高信息安全的系数。</p>
                <section id="136">
                    <title>4.3.1 信息安全防御应用系统</title>
                    <p id="137">鉴于互联网的开放性，对自身的信息与信息系统进行必要的防护，事先采取各种技术措施对潜在的威胁进行预防。建设防御系统，可以在不同的层面来保障信息安全。通过整合加密技术、冗余机制、安全评估技术、信息过滤等技术，保证信息的机密性、完整性不被破坏，确定信息系统所面临的风险，限制有害信息不能任意在网络空间中任意漫延，通过建设PKI/PMI/KMI信任体系的基础设施来保证网络空间中的身份的真实性。</p>
                    <p id="138">上述种种技术的集合，使得信息系统形成防范、抵御各种已知的、针对信息与信息系统威胁的能力，以防范、抵御针对信息与信息系统安全属性的威胁，这种保护能力必须根据具体情况进行动态和持续的更新。</p>
                </section>
                <section id="139">
                    <title>4.3.2 信息安全监控系统</title>
                    <p id="140">在开放的网络空间环境中，即便有了很好的防御能力，也必须考虑到未能防御成功的威胁情况。因此需要采取手段及时发现对信息系统潜在的或事实上的攻击。建设信息安全监控系统，可以在不同的层面来保障信息安全的六个属性。通过整合审计技术、检测技术、身份认证技术、数字签名技术来对网络进行动态实时监控，从而及时发现各种威胁，如蠕虫的大范围扩散而破坏可用性的现象、伪造身份而破坏真实性的企图和网页内容篡改行为。</p>
                    <p id="141">上述种种措施的集合，形成针对各类潜在与未知威胁的发现能力，以发现针对信息与信息系统安全属性的各类威胁。</p>
                </section>
                <section id="142">
                    <title>4.3.3 应急响应系统</title>
                    <p id="143">采取各种技术手段与措施，使得信息系统针对所出现的各种突发事件，具备及时响应、处置信息系统所遭受的攻击，恢复信息系统基本服务的能力。</p>
                    <p id="144">网络空间中针对信息系统的攻击存在不可预见及不可抗拒的可能。安全事件的发现能力，为事件的发生提供了告警能力。因此，最重要措施就是建立应急响应体系，以便在事件出现时能够及时响应，针对攻击事件进行有效处置以防止事态的进一步恶化，面对所出现的损失确保恢复，从而将损失降低到最低限度。</p>
                    <p id="145">通过整合权限控制技术、阻断技术，重发机制、黑名单的方式来以保障系统的机密性、可控性，信息传递的完整性，将破坏真实性的用户排除在信息系统的合法使用集合之外。上述种种措施的集成，形成针对所处理的安全事件的应急能力，以及时响应、处置信息与信息系统安全属性所面对的威胁。</p>
                </section>
                <section id="146">
                    <title>4.3.4 备份恢复系统</title>
                    <p id="147">备份措施相当于为信息系统买保险，通过建立最小灾难备份系统来保证信息系统在受到灾难性攻击时的基本可用性。</p>
                    <p id="148">整个恢复体系应涵盖四项恢复机制：</p>
                    <p id="149">(1）网络的恢复，负责恢复整个网络基础设施，如线路、路由器、交换机等功能。</p>
                    <p id="150">(2）系统的恢复，负责所有主机的恢复，使主机重新稳定运行。</p>
                    <p id="151">(3）信息的恢复，负责信息系统（主要是数据库系统）的恢复、重启，通过完善的备份机制，使数据安全地恢复和加载，这是恢复工作的重点和难点。</p>
                    <p id="152">(4）应用的恢复，负责整个应用系统的恢复，包括对服务的恢复，为系统重新运行做最后的准备。</p>
                </section>
                <section id="153">
                    <title>4.3.5 信息安全产品二次开发举例</title>
                    <p id="154">数字图书馆是国家信息基础设施的一部分，目前国内外针对信息安全开发的产品种类繁多，如何将先进的信息安全产品应用到数字图书馆信息安全建设中，提高其信息安全系数，一个重要的途径就是有针对性地进行合理的二次开发。</p>
                    <p id="155">(1)SOC和UTM简述</p>
                    <p id="156">①安全运营中心（Security Operation Center,SOC)</p>
                    <p id="157">安全运营中心是另外一个典型的组合技术平台，是针对传统安全管理方式的一种重大变革。它将不同位置、不同资产（主机、网络设备和安全设备等）中分散且海量的安全信息进行范式化、汇总、过滤和关联分析形成基于资产领域的统一等级的威胁与风险管理并依托安全知识库和工作流程驱动对威胁与风险进行响应和处理。</p>
                    <p id="158">2005 年SOC已经突破了只在电信行业发展的市场边界辐射到了其他各个行业。其中一个重要标志是各种成熟而稳定的标书开始传承。无疑，它将会成为安全产业的一个新增长点，对数字图书馆的影响也只是时间早晚的问题。</p>
                    <p id="159">②统一威胁管理（United Threat Management,UTM)</p>
                    <p id="160">统一威胁管理概念的提出是在2004年9月。IDC首次提出将防病毒、入侵检测和防火墙安全设备命名为统一威胁管理。UTM系统平台具备综合功能，它将多种安全特性集成于一个硬件设备里，构成一个标准的统一管理平台。</p>
                    <p id="161">UTM设备具备固有的包括网络防火墙、网络入侵检测/防御和网关防病毒功能。UTM的存在降低了应用的复杂性，避免了软件安装工作和服务器的增加，并减少了维护量。另外还可以和高端软件解决方案协同工作，减少繁杂的操作过程，也使排错更加容易。</p>
                    <p id="162">同时根据IDC预测，UTM在短期内仍将以年均168%的速度递增，到2008年达到34.5亿美元，并在此预测期内占据安全市场份额的57.6%。</p>
                    <p id="163">(2)UTM和SOC在数字图书馆信息安全中的具体应用</p>
                    <p id="164">①实现数字图书馆的安全的整合和关联</p>
                    <p id="165">基于UTM（统一威胁管理）和SOC（安全运营中心）的数字图书馆安全管理体系可以将各种安全事件加以整合，并将数字图书馆安全事件以统一的格式集中上报给图书馆主管部门。通过事件关联，数字图书馆安全管理系统可以发现与某种特定攻击相关的关键事件甚至可以知道其所产生的实际危害，从而节省传统的查阅和分析大量的日志所耗费的时间，缩短真正安全事故响应的延迟，赢得安全防护的最佳时机。</p>
                    <p id="166">②实现数字图书馆信息安全的实时监控</p>
                    <p id="167">通过对安全事件的整合、关联及处理再结合其他的一些因素，UTM（统一威胁管理）和SOC（安全运营中心）可以实时地计算当前风险，即将数字图书馆系统、数字图书馆网络、数字图书馆应用中可能出现的各种风险进行量化分析，然后以图形化的方法将它表达出来，让数字图书馆管理人员在最短的时间感知到风险的程度，找出数字图书馆系统中存在的漏洞，分析数字图书馆网络存在的问题，查出数字图书馆应用中的安全隐患，提出并讨论安全运行组织体系的建设和安全度问题。实现风险感知的实时性，从而突破传统数字图书馆安全服务中所涉及的静态风险评估。高度的实时性正是数字图书馆安全管理技术所带来的突破。</p>
                    <p id="168">③实现数字图书馆安全动态响应</p>
                    <p id="169">优化安全策略分析：通过UTM和SOC的安全监控功能，数字图书馆部门可以实时掌握自身的安全态势、各个安全防护层面的网络系统和应用处理情况，并且能够输出正常和非法个性化的安全策略报表，然后直接通知对应的数字图书馆管理人员或厂商对其自身策略进行优化调整。</p>
                    <p id="170">动态响应策略调整：UTM和SOC通过自身对国内外标准安全响应协议的支持（如SNMP、TOPSEC联动协议等）能够自动地和相关的安全防护技术实现策略自动交互，同时通过安全运营中心的专家知识库能从全局的角度去响应数字图书馆系统安全事件，因此可以很好地解决安全误报的问题。</p>
                </section>
            </section>
        </section>
        <section id="171">
            <title>5 数字图书馆信息安全技术体系框架</title>
            <p id="172">数字图书馆信息安全技术体系是从技术角度来考虑保障因素的，并通过综合集成的技术策略来构建建立在技术层面的信息安全保障体系框架的。</p>
            <section id="173">
                <title>5.1 技术整合管理策略</title>
                <p id="174">(1）整合理论</p>
                <p id="175">整合是系统论的思维方式。就是要通过组织和协调，把企业内部彼此分离的职能，把企业外部既参与共同的使命又拥有独立经济利益的合作伙伴整合成一个为客户服务系统，取1+1大于2的效果。</p>
                <p id="176">整合管理策略是通过对自身面临的威胁进行风险评估，决定其所需要的安全服务种类，考虑技术上的可实现性，选择相应的安全技术，从而集成各种先进的安全技术，形成一个全方位的安全系统。</p>
                <p id="177">(2）技术整合管理的意义</p>
                <p id="178">先进的信息安全技术是系统安全的根本保证。在技术应用的层面上，技术整合就是优化技术效用的决策。根据组织的需求对有关的资源进行重新配置，寻求资源配置最佳结合点，以突显组织的竞争力。</p>
            </section>
            <section id="179">
                <title>5.2 技术体系框架简介</title>
                <p id="180">该框架以技术资源为支撑，技术资源根据信息安全的层级被划分为三类：实体安全技术、运行安全技术、数据安全技术，不同层级的安全需求配以相应的安全技术。各种技术产品单独使用是无法全面确保数字图书馆安全性的，为此，提出了以“技术整合管理策略”为指导核心，将各种技术加以整合以达到使各种技术相互补充、相互作用来建设数字图书馆信息安全动态保障应用系统，真正从技术因素上提高信息安全的系数。该体系框架结构如图10-2-4所示：</p>
                <figure id="181">
                    <title>图10 -2-4数字图书馆信息安全技术框架</title>
                    <image href="images/result_18100.jpg" placement="break">
                        <alt>图10 -2-4数字图书馆信息安全技术框架</alt>
                    </image>
                </figure>
            </section>
        </section>
        <section id="182">
            <title>6 数字图书馆信息安全管理体系</title>
            <p id="183">数字图书馆信息安全应从技术和管理两个方面来保证。数字图书馆信息安全不仅要靠技术，更重要的是要靠管理。信息安全“三分靠技术，七分靠管理”，尽管这种说法不太确切，但是它却指出了数字图书馆信息安全管理的重要性。</p>
            <p id="184">数字图书馆信息安全管理体系是数字图书馆信息安全各个环节有效实施的重要保障，数字图书馆信息安全管理包括：安全管理依据制定、人员安全管理、资产安全管理、安全技术管理几大部分。</p>
            <p id="185">安全管理主体根本上是人的因素，它由安全决策机构、人员安全管理机构、设备安全管理机构和技术安全管理机构构成。不同的安全需求所实施的管理手段要有相应的管理主体来进行。</p>
            <section id="186">
                <title>6.1 安全管理领导机构——安全决策机构</title>
                <p id="187">安全决策机构负责制定数字图书馆信息安全策略以及有关的安全原则及规章制度，并监督安全管理办法的执行情况。</p>
                <p id="188">(1）安全策略制定</p>
                <p id="189">已在前面有详细阐述。</p>
                <p id="190">(2）安全原则与规章制度</p>
                <p id="191">安全原则与规章制度使图书馆信息安全的管理做到有“法”可依，也起到约束和监督的作用。</p>
                <p id="192">①数字图书馆信息安全管理三原则</p>
                <p id="193">一是从不单独活动原则，在人员条件允许的情况下，由数字图书馆馆长指定两个或更多的，可靠且能胜任工作的专业人员，共同参与每项与安全有关的活动，并通过签字、记录、注册等方式来证明。二是限制使用期限原则，任何人都不能在一个与安全有关的岗位上工作太长的时间。三是责任分散原则，不集中于一人实施全部与安全有关的功能。</p>
                <p id="194">②规章与制度</p>
                <p id="195">规章与管理制度是为管理机构制定的管理依据。按照国家有关法律、法规制定。主要包括操作人员的管理制度、用户管理制度、设备管理制度、技术管理制度、安全责任制度等。</p>
                <p id="196">人员管理制度包括制定选人方案，遵守在实际操作中应按照“先评测、后上岗，先试用、后聘用”的原则，加强授权的管理。岗位考核制度应包括政治思想、保密观念、业务技术等几个方面。设备管理制度包括对所有设备应建立项目齐全、管理严格的购置、移交、使用、维护、维修和报废等登记制度；制定详细的安全责任制度，明确每个人在保证信息安全方面应负的责任，健全责任追究制度，同时加大监督力度，尽可能减少管理过程中出现的漏洞与疏忽。</p>
            </section>
            <section id="197">
                <title>6.2 人员管理机构</title>
                <p id="198">人是信息系统的主体因素，也是信息系统安全管理的对象，安全管理的效果取决于人的因素，人员的安全意识及对管理的重视程度等都会对安全产生极大的影响。因此，人员的安全管理尤为重要。</p>
                <p id="199">(1）安全人员的分类与职责</p>
                <p id="200">①硬件安全岗</p>
                <p id="201">机房安全员负责计算机机房的安全与管理，警卫保安员负责计算机机房周边环境良好。②软件安全岗</p>
                <p id="202">系统安全员负责信息网络操作系统及服务操作系统的安全与管理，网络安全员负责网络系统的安全保密工作，防病毒安全员负责网络系统的计算机病毒的防护。</p>
                <p id="203">③数据安全岗</p>
                <p id="204">信息安全员负责信息网络系统的信息安全和保密信息的管理，数据库安全员负责数据库管理系统的安全及维护管理工作，数据安全员负责网络中运行数据的安全。</p>
                <p id="205">(2）工作人员的安全管理手段</p>
                <p id="206">工作人员的聘用审核：工作人员的聘用必须经过严格的政审并且考核其业务能力，而且关键岗位人员不兼职。</p>
                <p id="207">工作人员的考核：根据考核制度规定，定期对不同岗位的人员进行考核，对于考核合格者应予以表扬和奖励，不合格应教育、批评或处罚。</p>
                <p id="208">工作人员培训：安全培训应该是多层次多方面的，根据组织建立的信息安全培训制度与培训计划，对不同的工作人员，有重点有针对性地进行培训，培训应达到全面提高人员的技术水平、道德品质、政治觉悟和安全意识的目的。</p>
                <p id="209">(3）用户的安全管理手段</p>
                <p id="210">通过用户安全培训，提高用户安全意识，使其自觉遵守安全制度与规章。达到帮助用户确立自我约束的价值准则，防止他们成为信息安全的受害者和新的传播者；提高用户的素质和信息识别能力，让用户掌握对付病毒和黑客攻击的知识。</p>
            </section>
            <section id="211">
                <title>6.3 设备管理机构</title>
                <p id="212">数字图书馆的设备管理主要是硬件及软件的安全管理。</p>
                <p id="213">(1）硬件安全管理手段</p>
                <p id="214">①环境安全管理</p>
                <p id="215">设备存放的环境监测依据：制定温度、湿度、静电防尘等一系列的安全环境要素的参数指标体系。</p>
                <p id="216">②设备自身的安全管理</p>
                <p id="217">硬件设备管理包括：选型、安装、登记、使用和维修管理几方面。</p>
                <p id="218">设备选型时应注意严禁采购和使用未经国家信息安全评测机构认可的信息产品，并尽量采用我国自主开发研制的信息安全设备。</p>
                <p id="219">对购置的设备按照使用手册进行正确的安装，并在正式使用前，先进行运行测试和兼容测试。</p>
                <p id="220">对每台设备的使用均应指定专人负责并建立详细的运行日志，设备负责人应负责设备的使用登记和维护、在出现故障时填写故障报告，并通知有关人员处理。</p>
                <p id="221">设备应有专人负责维修，并建立满足正常运行最低要求的易损件的备份库。</p>
                <p id="222">(2）软件安全管理手段</p>
                <p id="223">软件是信息系统开发和运行的环境，对软件的管理主要是系统的选型和购置，系统的选型和购置应考虑以下几方面。</p>
                <p id="224">①软件的适用性</p>
                <p id="225">考察软件是否适合本系统的技术需要，是否适合计算机系统的规模，是否适合系统信息传输、交换复杂程度的需要。</p>
                <p id="226">②软件的可靠性及可维护性</p>
                <p id="227">软件的安全性与可靠性和可维护性有着很大的关系。软件的可靠性指在特定的条件下和在规定的时间内不发生故障的性能。软件的可维护性指软件在使用阶段发生故障和缺陷时，用户可以对其进行修正的性能。一个可靠性和可维护性低的软件是无法谈及它的安全性的。</p>
            </section>
            <section id="228">
                <title>6.4 技术管理机构</title>
                <p id="229">技术管理机构主要的任务是跟踪、研发新技术，建立技术文档。</p>
                <p id="230">(1）建立技术研发小组</p>
                <p id="231">我国几乎没有拥有自主产权的信息安全技术，无论是目前使用的操作系统还是相关的防火墙和认证技术都来自于国外，不仅技术上受制于人，而且在将其应用于特定环境的过程中，也缺乏由专业人员组成的研发小组。研发小组通过关注行业发展动态，收集相关技术情报，结合自身特点为图书馆开发、研制新的安全产品。</p>
                <p id="232">(2）建立技术文档</p>
                <p id="233">技术文档是指对信息系统设计、研制、开发、运行和维护中的所有技术问题的文字描述，记录了系统各阶段的技术信息。</p>
                <p id="234">它的作用是为系统的维护、修改和进一步开发提供依据；为管理人员、开发人员、操作人员和用户之间的技术交流提供交互的媒体。技术文档管理涉及形成、处理、收集、积累、整理、归档、保管和利用等环节。</p>
            </section>
        </section>
        <section id="235">
            <title>7 数字图书馆信息安全管理体系框架</title>
            <p id="236">信息安全不仅仅需要采用技术措施，还需要更多的借助于技术以外的其他手段，如规范安全标准和进行信息安全管理，这一观点已被越来越多的人所接受。单纯的技术不能提供全面的信息安全保护，仅仅靠安全产品并不能完全解决信息安全问题，这已逐渐成为共识。</p>
            <p id="237">数字图书馆信息安全管理体系涉及的各个基本要素：管理目的、管理对象、管理手段、管理主体、管理依据和管理资源。</p>
            <p id="238">安全管理的主体因素是人，管理主体是一个安全组织机构，它包括了安全机构组织的领导——决策机构、人员管理机构、设备管理机构和技术管理机构；决策机构负责安全角色和职责划分，安全制度、管理原则及操作规程的制定，这些制度、原则、规程指导各个管理机构实施管理，也是明确保证信息安全责任的依据；管理机构通过管理手段（如人员的培训、考核，设备的选型、维护，研发技术、建立技术文档等）对管理对象进行监督、管理，以保障安全环节的有效实施。</p>
            <p id="239">安全管理的具体实施依赖于管理资源的支撑，管理资源包括管理人才、管理资金及管理技术等。</p>
            <p id="240">数字图书馆信息安全管理框架如图10-2-5所示。</p>
            <figure id="241">
                <title>图10 -2-5数字图书馆信息安全管理技术框架</title>
                <image href="images/result_24100.jpg" placement="break">
                    <alt>图10 -2-5数字图书馆信息安全管理技术框架</alt>
                </image>
            </figure>
        </section>
    </body>
    <bibliography/>
    <footnote/>
</article>
