<?xml version="1.0" encoding="utf-8" standalone="no"?>
<article id="54" type="book" filename="result" version="2.1.1.1">
    <title>第3节||数字图书馆知识产权保护</title>
    <body>
        <p id="1">随着数字技术和互联网技术的发展，数字图书馆已经成为传统图书馆的发展方向。数字图书馆的发展与知识经济、新经济和经济全球化的发展是相适应的，同时对于数字化和网络技术环境下建设数字图书馆所遇到的知识产权问题，阐述了其实质是网络环境下公众利益与著作权人利益的重新调整，为了促进数字图书馆的健康发展，也为了全社会利益，本节对数字图书馆知识产权保护问题进行了较深入的研究和探讨。</p>
        <section id="2">
            <title>1 数字化图书馆保护知识产权的重大意义</title>
            <p id="3">(1）保护知识产权，对人们从事科技研究和文艺创作具有积极的调动性。知识产权保护制度致力于保护权利人在科技和文化领域的智力成果。只有对权利人的智力成果及其合法权利给予及时全面的保护，才能从根本上调动起人们的创造主动性，促进社会资源的优化配置。</p>
            <p id="4">(2）保护知识产权，从企业的经济效益来看也具有很大的利益，可以有效增强经济实力。知识产权的专有性决定了企业只有拥有自主知识产权，才能在市场上立于不败之地。如今有越来越多的企业意识到技术、品牌、商业秘密等无形财产对企业所造成的巨大作用，而如何让这些无形资产逐步增值，有赖于对知识产权的合理保护。</p>
            <p id="5">(3）保护知识产权，有利于促进对外贸易，引进外商和外资投资。我国已于2001年12月1日已经加入世界贸易组织，开始履行《与贸易有关的知识产权协议》，保护国内外自然、法人或者其他组织的知识产权。试想，如果没有知识产权的保护，我国就不能参与世界贸易活动，可见保护知识产权的意义重大。</p>
        </section>
        <section id="6">
            <title>2 数字图书馆涉及的知识产权特点</title>
            <p id="7">当下，以资源数字化、传递网络化、信息共享化为特征的数字图书馆强烈地影响着传统图书馆的未来发展方向。在发展的过程中，如何保护自己的权益不受或少受侵犯，如何保证不对他人的知识产权产生侵犯，是数字图书馆面临的一个新问题。</p>
            <p id="8">知识产权是通过人的智力活动所创造的精神财富，也就是智力劳动成果所享有的一定权力。我国《民法通则》将知识产权确认为基本民事权利之一，将其归纳为著作权（版权）、专利权、发明权、商标权、发现权和其他科技成果权六种类型。数字图书馆的知识产权问题主要是针对著作权进行的研究。对于知识产权方面，从法律上认清图书馆馆藏数字化与网络传播行为的法律意义是非常重要的。</p>
            <p id="9">(1）数字化行为的法律性质</p>
            <p id="10">在法律界对数字化的法律性质有着多种不同的看法。1996年5月在国家版权局和世界知识产权组织的“数字技术版权保护研讨会”上，专家们一致认为数字化是一种技术上的转换，不具有版权法意义上的原创性，所以说数字化行为是一种可以进行复制的行为。而在1999年12月9日，我国国家版权局颁布的《关于制作数字化制品的著作权规定》的第二条明确了数字化行为的法律性质，“将已有作品制成数字化制品，不论已有作品以何种形式表现和固定，都属于《中华人民共和国著作权法实施条例》第五条（一）所指的复制行为，也是《中华人民共和国著作权法》所称的复制行为”。在确定了馆藏数字化行为的法律性质以后，图书馆在发展与运行方面就可以根据法律的相关规定，有的放矢地开展馆藏数字化转换工作。</p>
            <p id="11">(2）数字化作品网络传输的法律性质</p>
            <p id="12">图书馆将馆藏进行数字化的目的不仅是为保存版本的需要，更主要的是为了将其上网为用户提供信息服务。但将版权作品上网传播涉及著作权人对其作品在网上传播是否享有专有权的问题。我国在2000年11月22日通过的《最高法院关于审理涉及计算机网络著作权纠纷案件适用法律若干问题的解释》中明确规定，“受著作权法保护的作品，包括著作权法第三条规定的各类作品的数字化形式”“著作权法第十条对著作权各项权利的规定均适用于数字化作品的著作权。将作品通过网络向公众进行传播共享，属于著作权法规定的使用作品的方式，著作权人享有以该种方式使用或者许可他人使用作品，并由此获得报酬的权利。”在2001年10月27日修正的《中华人民共和国著作权法》中增加了“信息网络传播权”，即“以有线或者无线方式向公众提供作品，使公众可以在其个人选定的时间和地点获得作品的权利”，由规定可知，将全文数字化的馆藏上传至互联网并提供借阅与下载服务，应当获得著作权人的许可。</p>
            <p id="13">(3）数字图书馆管理中涉及的侵权行为</p>
            <p id="14">数字图书馆涉及的知识产权其保护的范围包括：对图书馆本身权益的保护与对著作权人知识产权的尊重。数字图书馆管理中涉及对他人的侵权行为主要有两种，即规避技术措施和修改权利管理信息。规避技术措施，是指未经版权所有者授权而对已编码的作品进行解码，对加密的作品进行解密，或以其他方式回避、越过、排除、化解或削弱技术措施。这些都说明我们在数字图书馆的管理中，会面临诸如盗版、解密等规避技术措施的法律责任风险。而修改权利管理信息主要包括未经权利人许可，对其进行删除、改变权利管理信息。在数字图书馆管理中，要加强对权利管理信息的保护，防止因权利管理信息而引发的侵权纠纷。</p>
        </section>
        <section id="15">
            <title>3 我国数字图书馆知识产权保护现状</title>
            <p id="16">由于数字图书馆是一项涉及多个领域，诸如法律、管理、开发和运营等方面问题的系统工程，因此，知识产权问题是目前我国数字图书馆建设所面临的较为复杂的问题之一。而著作权问题又成为一个核心的问题。</p>
            <p id="17">我国现行的著作权法主要由以下法律和法规构成：《中华人民共和国著作权法》、《中华人民共和国著作权法实施条例》和《计算机软件保护条例》。</p>
            <p id="18">《中华人民共和国著作权法》于1990年9月7日在全国七届人大常委会第十五次会议上通过。经过整整十年的运行，2001年10月27日全国第九届人大常委会第二十四次会议对该法进行了修正。修改后的《中华人民共和国著作权法》除了重新界定了对著作权权利的限制外，还规定了诸如音像制作、数据库、多媒体、网络传输等方面使用数字技术引起的法律纠纷的解决办法，增加了信息网络传播权的保护等内容。</p>
            <p id="19">2000 年11月22日最高人民法院审判委员会第1144次会议通过的《最高人民法院关于审理涉及计算机网络著作权纠纷案件适用法律若干问题的解释》中提出：为正确审理涉及计算机网络的著作权纠纷案件，根据民法通则、著作权法和民事诉讼法等规定，对这类案件适用法律若干问题解释如下：受著作权法保护的作品，包括著作权法第三条规定的各类作品的数字化形式，在网络环境下无法归于著作权法第三条列举的作品范围，但在文学、艺术和科学领域内具有独创性并能以某种有形形式复制的其他智力创作成果，人民法院应当予以保护。著作权法第十条对著作权各项权利的规定适用于数字化作品的著作权。将作品通过网络向公众传播，属于著作权法规定的使用作品的方式，著作权人享有以该种方式使用或许可他人使用作品，并以此获得报酬的权利。本“解释”还提出，传统作品被数字化，实际上已将该作品以数字代码形式固定在磁盘或光盘等有型载体上，改变的只是作品的表现和固定形式，对作品的“独创性”和“复制性”不产生任何影响。因此，作品的表现形式应当理解为包括数字代码形式。虽然现行法律未把数字化作品排除在著作权法客体之外，但由于数字化问题是网络应用给司法实践带来的重要问题之一，法律又未做出明文的具体规定，因而本司法解释第2条对此予以明确。</p>
            <p id="20">为了保护计算机软件著作权人的利益，调整计算机软件在开发、传播和使用中发生的利益关系，促进软件产业和国民经济信息化的发展，根据《中华人民共和国著作权法》，2001年12月20日国务院颁布了第399号令，下发了《计算机软件保护条例》，并决定于2002年1月1日起实施。该《条例》下发后，在全国引起了激烈的争论和轩然大波。一部分人认为，该《条例》的实施，严重打击了盗版软件销售和泛滥，保护了软件开发商的切身利益，是我国入世后在知识产权法保护方面的一个历史性飞跃。一部分人则认为：该《条例》的发布和实施，严重脱离了中国国情，使我国成千上万个国家机关和教育机构因执行公务、课堂教学、科学研究等非商业性目的而对少量软件的使用和复制，一夜之间从法律上的合法使用者，变成了软件著作权人的侵权人，它不仅完全杜绝了中国所有单位在任何情况下对软件的一切可能的合理使用，同时也完全杜绝了社会公众即个人对软件的合理作用，仅仅给那些特定的专业技术人员留下了微不足道的合理使用空间，认为中国计算机软件著作权保护法规已经达到了超世界水平，甚至大大超过了人均GDP高于我国44倍的世界发达国家日本。由此看来，该《条例》的个别条款目前还没有被人们广泛接受，与目前中国的国情和世界各国的国情相比，此条例还应当进一步修改和完善。</p>
        </section>
        <section id="21">
            <title>4 数字图书馆知识产权保护措施</title>
            <p id="22">目前，学术界在对数字图书馆知识产权保护的研究中，有的赞成强化保护，有的支持弱化保护。其中，赞成强化保护版权人利益的观点是：数字图书馆不能适用传统图书馆领域的版权限制和例外制度，否则所有权利人的利益都将受到前所未有的损害；而相反的观点认为：数字图书馆也应作为公益组织而享受版权责任豁免，版权制度要为之网开一面，否则互联网为人类带来的福祉将无法兑现，科技事业、文化史的发展都将受到限制。实际上对于数字图书馆而言既不能过于强化版权保护，也不能弱化甚至漠视版权保护，换而言之，应该采用适度保护的原则。秉承此原则，我们不妨采取以下措施对数字图书馆中的知识产权予以保护。</p>
            <section id="23">
                <title>4.1 完善相关的知识产权法规</title>
                <p id="24">目前，在网络和信息时代高速发展的情势下，我国的知识产权制度无论是理论研究还是立法实践都已跟不上时代的步伐，无法满足数字图书馆的知识产权保护的需要。因此，我们的首要任务是要制定或完善相关的法律法规，面对数字图书馆运行中出现的知识产权新问题，在法律上予以明确。如“明确图书馆普及大众知识、传承人类文明之宗旨，确立其为社会大众服务的‘公益’性质”；“为数字图书馆的‘合理使用’制度与‘法定许可’制度制定更明确的内容规范，以平衡各方面的利益”；“尽量细化如‘数字化复制’、‘著作权许可协议’等关键术语”。这样，可以使得数字图书馆知识产权保护真正有法可依、有法可循。此外，在进行数字图书馆知识产权立法时，还要参照国际惯例，借鉴他国的成功经验，加强学习交流，完善网络环境下知识产权的相关法规。</p>
                <p id="25">鉴于我国关于数字图书馆版权保护的实际情况，不妨在将来的知识产权立法中建立“版权补偿金制度”。国家版权保护中心等权威机构可以首先定期对一定区域内的数字图书馆的作品利用情况进行调研，根据作品被使用的种类、使用次数、使用时间、使用方法等方面制定出合理的收费标准，提出可行的立法建议。在充分调研论证的基础上，应该针对图书馆的公益性主体性质，对于非营利性数字图书馆，应由政府承担补偿金的支付，确保其发展不受经济束缚，而对于营利性数字图书馆，则由其自身支付，国家可酌情给以一定的费用补助。版权集体管理组织负责收取和分配补偿金，由国家版权保护中心进行监督检查。</p>
                <p id="26">此外，要立法建立版权集体管理机制。版权集体管理在现代版权制度体系中占有举足轻重的地位。由于集体管理组织既要保障权利人的利益，又要维护公共利益，因此被认为是在权利人与社会公众之间的利益平衡支点的最恰当的选择。目前，许多国家正在对传统的集体管理制度进行适应于数字版权保护的新的变革。我国真正意义上的版权集体管理组织只有成立于1992年的“中国音乐著作权协会”和成立于2000年的“中国文字作品著作权协会”。中国版权保护中心也有一定的版权集体管理的职能。国际上的经验表明，一个版权集体管理组织从建立到成熟要走数十年的道路，尽管我国新《著作权法》对版权集体管理组织的性质、职能等有明确的规定，但操作中的具体问题仍然不少，机制不健全，应该加快这方面的建设进程。</p>
            </section>
            <section id="27">
                <title>4.2 采取有效的技术保护措施</title>
                <p id="28">数字图书馆是随着网络环境下先进技术的产生而产生的，其中的知识产权问题也是由于日新月异的技术手段引起的，因此要有效地解决数字图书馆知识产权问题，除了制定完善的法律法规外，还需要采取更有效的技术防范手段。</p>
                <p id="29">从国内外的经验来看，我们可以采取以下技术措施。</p>
                <p id="30">(1）权限设置</p>
                <p id="31">这是目前大多数数字图书馆都经常采用的办法。它是通过输入口令，合法的用户可以访问相关网站、网页的内容，非法的用户则不能；或者对IP地址进行限定，规定某些IP地址用户可以访问相应的网站或数据库，如高校图书馆的数据库就是这样设置的。</p>
                <p id="32">(2）客户认证技术（CA)</p>
                <p id="33">用户通过版权控制机构申请获得客户认证技术证书，如果该用户利用客户认证技术进行非法复制，客户认证技术机构将在计算机范畴外进行调查和起诉，同时可设置自动计费软件，将信息使用费自动计入使用者在该系统的网站中设置的账户里。</p>
                <p id="34">(3）防火墙技术</p>
                <p id="35">该技术是一种使用很广泛的网络安全技术，其工作原理是在被保护网络与外部网络之间设立一道屏障（即防火墙），在此检查进出被保护网络的信息是否被准许通过，或用户的服务请求是否被允许，从而阻止非授权用户的进入和对信息资源的非法访问。</p>
                <p id="36">(4)VPN技术</p>
                <p id="37">VPN技术采用了鉴别、访问控制、保密性、完整性的措施防止信息丢失、篡改和非法复制，能够大大提高数字图书馆信息的安全性和共享性。</p>
                <p id="38">(5）数据加密技术</p>
                <p id="39">为了加强信息的保密性、完整性和安全检查性，也就是信息的防伪与防窃取，有必要对数据进行加密。其原理就是将信息格式转化为密文，然后传输或存储密文，当需要时再重新转化为明文，是保护数字图书馆知识产权的常用手段之一。它可以作为保护数字图书馆知识产权的常用手段。</p>
                <p id="40">(6）数字水印技术</p>
                <p id="41">该技术是用信号处理方法在数字化的多媒体信息中嵌入隐蔽的标记，这种标记通常是不可见的，只有通过专用的检测器或阅读器才能提取。使用数字水印技术将作者姓名、创作时间、作品使用条件和要求等权利管理信息嵌入到数字作品中，由于数字水印具有几乎不可破译性，因此，偷换水印、去除水印的难度非常大，从而使作者的精神权利和经济利益得到了保障。一旦该数字信息被复制，该水印会在其中央明显地显示版本信息，要想正常阅读复制数字信息，用户只能向数字图书馆的拥有者申请合法使用。</p>
                <p id="42">(7）数字指纹技术</p>
                <p id="43">数字指纹技术是利用数字作品中普遍存在的冗余数据与随机性，向被分发的每一份软件、图像或者其他数据拷贝中引入一定的误差，使得该拷贝中的误差跟踪到不诚实者的一种数字作品版权保护技术。该技术具有隐形性、稳健性、确定性、数据拷贝、数据量大、抗合谋攻击能力等特点。</p>
                <p id="44">(8）入侵检测技术</p>
                <p id="45">这种技术提供实时入侵检测和相应的防护手段，如纪录证据用于跟踪和恢复，断开网络的连接等。它能够发现危险攻击的特征，探测出攻击行为，并记录事件发出警报，同时采取保护措施。</p>
                <p id="46">(9）智能代理技术</p>
                <p id="47">智能代理可以帮助数字图书馆和用户搜寻互联网上的各种资源库，可以进行信息筛选和过滤，杜绝大量无用或不相关的信息流向用户，能够确认与用户需求相关的信息是否可以利用，并判断需要满足哪些条件，从而起到保护知识产权的作用。</p>
            </section>
            <section id="48">
                <title>4.3 图书馆要加强法律意识，强化人才队伍建设</title>
                <p id="49">由于图书馆经常是作品的“最后购买人”及其知识产权侵犯的“防火墙”，为了避免侵权风险，图书馆界要强化自身意识，不可只为自己发展而置著作权人的利益于不顾，要及时采取措施，制定政策、提出对策。比如，通过与电子书籍和数据库商签订相关协议，在进行数字化资源传输时就可以避免需要出版商的许可，从而解决了相应的产权问题。另外，图书馆界还要加强法律意识。除了积极参与知识产权法的修订工作，还要随时关注国内外相关法律信息。依法履行自己的职责，维护他人合法利益，依法支付版权使用费，并对用户进行宣传教育，使图书馆的建设、信息资源的传播、用户的信息检索均在合理合法的框架内。</p>
                <p id="50">图书馆法律人才队伍建设，也是数字图书馆知识产权保护的有效手段。数字图书馆的管理人才不仅要精通图书馆管理知识，还应熟悉计算机网络技术，也要懂得知识产权等法律，才能适应数字化时代的发展和需要。只有掌握了相关的知识产权法律知识（如著作权的保护期限、地域和范围，合理使用和法定许可的范围，以及侵犯著作权应承担的法律责任等），他们才能敏锐地分析和处理知识产权的相关问题，从而避免侵权行为的发生。因此，图书馆界要建立一支既精通图书馆业务知识，又熟悉网络知识和懂得法律知识的骨干队伍，让他们在数字图书馆知识产权保护的法规制定过程中，积极参与到知识产权法律的提案、立法和修律活动中去，促进相关法律的出台与完善。同时，作为超越法律法规的软约束，图书馆界还要加强信息伦理教育，在信息开发、信息传播、信息的管理和利用等方面，自觉接受一定的伦理要求和伦理准则的约束。只有这样，图书馆界才能建设一支集图书管理、网络技术、法律知识于一身的人才队伍来，这不仅是数字图书馆知识产权保护的重要基础和保障，也是数字图书馆美好未来的发展基石。</p>
            </section>
        </section>
        <section id="51">
            <title>5 我国对知识产权的保护可以实施以下几种手段</title>
            <section id="52">
                <title>5.1 行政保护</title>
                <p id="53">我国对知识产权的行政保护，是知识产权保护的“双轨制”的一种体现。我国的行政保护，是指国家行政机关对当事人某些比较严重违反知识产权法律的行为予以行政处罚，以及对某些知识产权向权利人予以授权等的行政行为。从发达国家来看，对知识产权的保护，主要通过司法途径保护。</p>
            </section>
            <section id="54">
                <title>5.2 司法保护</title>
                <p id="55">对知识产权的司法保护，是指对知识产权通过司法途径进行保护，即由享有知识产权的权利人或国家公诉人向法院对侵权人提起刑事、民事诉讼，以追究侵权人的刑事、民事法律责任，以及通过不服知识产权行政机关处罚的当事人向法院提起行政诉讼，进行对行政执法的司法审查，以支持正确的行政处罚或纠正错误的处罚，使各方当事人的合法权益都得到切实的保护。其保护的范围包括对专利、商标、著作权（版权）、邻接权以及防止不正当竞争权等涉及人类智力成果的一切无形财产的财产权和人身权的保护。对知识产权的司法保护是知识产权保护的关键一环，是最重要的知识产权法律实施活动，主要通过人民法院民事、刑事、行政三大诉讼途径来实现的。</p>
            </section>
            <section id="56">
                <title>5.3 知识产权集体管理组织保护</title>
                <p id="57">可以通过知识产权集体管理组织来保护知识产权。集体管理组织是知识产权创造者或其他权利人自身权利予以保护的社会组织。我国的音乐著作权协会就是知识产权集体管理组织的一种。最高人民法院已经承认音乐著作权协会与成员间的信托法律关系，该组织可以其名义作为原告为其成员进行诉讼；可以自行处理涉及维护他们自身权益的事务以及发挥服务于社会的功能性作用，如完成收转作品等权利使用费、授权许可和转让、进行侵权交涉等许多事务。</p>
            </section>
            <section id="58">
                <title>5.4 技术保护</title>
                <p id="59">通过技术手段对知识产权来进行保护。这是指利用技术措施或手段对知识产权保护对象所进行的技术层面上的保护。在以计算机软件为代表的著作权领域以及网络信息领域中越来越被权利人所重视。为了对付未经授权的使用其计算机程序和其他作品或进入其网络，采用了加密或使用密码等技术手段进行保护。</p>
            </section>
            <section id="60">
                <title>5.5 自我救济</title>
                <p id="61">这是指知识产权的权利人或其他利害关系人所进行的自我救济。知识产权的权利人的自我救济范围很广，在主张权利阶段，包括向侵权人提出警告、交涉，各类请求权的行使等等。虽然我国的公司、企业有的设有专门从事知识产权保护的法律事务部门，但从整体上看所占的比例不是太多。从总体层面上说，我国的企业不如发达国家的公司、企业重视自身知识产权的保护。发达国家的公司、企业大都设有专门从事知识产权保护的法律事务部门，并制定了一系列如何保护自己知识产权的具体措施和手段，同时他们还制定了一些在开展业务中如何避免侵犯他人知识产权等具体的措施和手段。</p>
            </section>
        </section>
    </body>
    <bibliography/>
    <footnote/>
</article>
