<?xml version="1.0" encoding="utf-8" standalone="no"?>
<article id="21" type="book" filename="result" version="2.1.1.1">
    <title>第6节||数字图书馆信息服务工作的结构</title>
    <body>
        <p id="1">做好图书馆信息服务工作，就要抓住“两头”，当好中间人。所谓“两头”，一是用户，一是信息资源。中间人就是图书馆的服务工作。其工作结构如图3-6-1所示。</p>
        <figure id="2">
            <title>图3 -6-1图书馆的中介作用</title>
            <image href="images/result_00200.jpg" placement="break">
                <alt>图3 -6-1图书馆的中介作用</alt>
            </image>
        </figure>
        <section id="3">
            <title>1 关于用户研究和用户培训</title>
            <p id="4">用户是图书馆的服务对象，为用户服务是图书馆一切工作的基本出发点。图书馆必须对用户的阅读心理和阅读需求进行了解，才能有针对性地开展服务，提高服务质量。</p>
            <p id="5">在了解用户需求情况的基础上，还要开展用户教育工作。在传统的服务环境中，用户教育主要是辅导用户利用图书馆，向用户介绍文献和文献检索知识，使用户掌握开启知识宝库的钥匙。在网络环境中，应对用户进行信息意识、信息能力教育，计算机操作和应用能力教育以及网络认知能力的教育等。</p>
        </section>
        <section id="6">
            <title>2 关于信息资源的开发</title>
            <p id="7">信息资源是开展服务工作的物质基础。信息资源开发就是通过特定的方式和手段，将信息资源中所含的知识内容和信息揭示出来。传统图书馆大家都称为“知识宝库”，现在，要将它变为“知识喷泉”，把宝库中的知识开发出来，为科研、生产、教育、文化等各方面的用户所利用。</p>
            <p id="8">对于一次文献，主要是以整体图书或期刊为单元，通过著录、分类或标引来进行整序、开发，其产品是图书馆目录或书目。将一次文献中的主要内容，按主题或专题进一步整序开发，编制成索引、文摘等，形成二次文献。将文献中的知识、信息，重新组合优化，经过分析、综合、推理、论证等一系列深加工，编成综述、述评等，形成三次文献。这些都是对传统文献的不同层次的开发。</p>
            <p id="9">电子文献和网络信息资源的开发是新形势下提出的任务。网络信息的数量庞大，内容庞杂，这就要求图书馆加强对信息中的知识的筛选、分析、整合和挖掘等工作，经过图书馆的信息加工，使知识增值，这是图书馆信息开发工作的进一步深化。</p>
            <p id="10">关于用户研究和信息资源开发的问题，以下各章还要详细讲述，不再赘述。这里着重谈谈数字图书馆服务的中介作用。</p>
        </section>
        <section id="11">
            <title>3 关于数字图书馆服务的中介作用</title>
            <p id="12">关于数字图书馆服务的中介作用是中外图书馆学家们关注的重要研究课题之一。较权威的研究著作最早是阮冈纳赞于20世纪30年代发表的《图书馆学五定律》。</p>
            <p id="13">阮冈纳赞五定律的内容是：</p>
            <p id="14">第一定律：“书是为了用的”。这是近代图书馆的标志，是开展一切服务工作的前提。这一原则推动了图书馆的开放服务，图书馆收藏的各种信息资源如果不被用户广泛地使用，就失去了图书馆存在的价值。</p>
            <p id="15">第二定律：“每个读者有其书”。这一定律贯穿着一种民主的精神。阮冈纳赞主张“应一视同仁地向每个人提供图书，严格而又认真地坚持一切人有看书、学习和享受的机会，坚持平等权利的原则”。要做到“书为人人”，使每个社会成员都能平等地得到他所需要的图书或信息，平等地利用图书馆的各种服务。</p>
            <p id="16">第三定律：“每本书有其读者”。为了给每本书找到最需要利用它的读者，图书馆工作要变被动为主动，开展一系列中介服务工作，充分发挥各种信息资源的作用。</p>
            <p id="17">第四定律：“节省读者的时间”。为了节省用户的时间，图书馆服务要进行许多改革，如：改闭架为开架；改进出纳方法；缩短借还书所需要的时间；地区图书馆多设分馆或流动站，把书送到读者手中等。</p>
            <p id="18">第五定律：“图书馆是一个生长着的有机体”。图书馆作为一种机构，具有“生长着的有机体”的一切属性，因为图书馆的藏书、读者和馆员都是在不断发展变化着的。</p>
            <p id="19">在第五定律的论述最后，他特别强调图书馆是全球性的教育机构，“它汇集并自由地流通着所有的书籍，借助它们来传播知识”。阮冈纳赞首次提出图书馆的中介作用的实质是传播知识。</p>
            <p id="21">阮冈纳赞五定律蕴涵的真理主要有两条：一是充分发挥图书馆藏书的作用，使每个人都有利用图书馆的权利；另一个是图书馆是发展着的有机体。这就要紧跟时代发展的步伐，不断开拓服务领域和服务方法，使图书馆服务工作不断前进的发展观。</p>
            <p id="22">时过60年，美国图书馆学家米切尔•戈曼在他的新著《未来的图书馆：梦想、狂想与现实》中，提出了图书馆的新五律。</p>
            <p id="23">米切尔•戈曼的图书馆新五律是：</p>
            <p id="24">第一定律：图书馆服务于人类文化。为个人、团体及整个社会服务是图书馆最重要的原则。这里所谓的“服务”，不仅指对个人的帮助行为，更指对全人类更高理想实现的促进活动。</p>
            <p id="25">图书馆如何为提高人类文化素质服务？第二、三两条定律回答了这个问题。</p>
            <p id="26">第二定律：掌握各种知识传播方式。承认未来的图书馆将使用各种知识和信息载体，根据传播技术革新的历史沿革来考察每一种传播方式的现实性。</p>
            <p id="27">第三定律：明智地采用科学技术，提高服务质量。图书馆各种发展的历史，是一个将新技术与新方法成功地结合到现有活动和服务中的过程。科学技术的明智采用，必然需要探索解决问题的方法。</p>
            <p id="28">第四定律：确保知识的自由存取。图书管理应成为各个时代人类文化成果和知识的共同收藏场所，这一重要职责必须成为图书馆考虑任何技术革新的前提；图书馆在保存所有社会和团体的全部记录的同时，还必须保证这些记录能为所有人利用。图书馆要努力保持开放，且使所有公民都有机会使用，不仅是为那些有钱或有权的人服务。</p>
            <p id="29">第五定律：尊重过去，开创未来。明天的图书馆，必定是不仅继承了过去图书馆的优良传统，而且保持了图书馆历史观念和人类知识传播观念的图书馆。图书馆无论如何变革，都应是肩负历史赋予了伟大使命的知识传播机构。图书馆必须公正地、清醒地、理智地将过去与未来相融合，只有如此，才能在变革的挑战面前，既保持了自己的特色，又争取更美好的前景和未来。</p>
            <p id="30">新五律的出现，既体现了时代的发展和科技的进步，也体现了人们认识的不断深入。新五律的精髓就在于明确地提出了：图书馆是通过知识的自由存取来传播知识的机构。它指出了图书馆在服务于人类文化时，与其他文化机构的区别点。</p>
            <p id="31">我国图书馆界在实践中也总结出一些图书馆服务工作的规律，提出过一些朴实的、通俗易懂的准则，如：“千方百计为读者服务”，“一切为了读者”，“为书找人、为人找书”等。这些准则对于推动我国图书馆服务工作，起了一定的指导作用。</p>
        </section>
    </body>
    <bibliography/>
    <footnote/>
</article>
