<?xml version="1.0" encoding="utf-8" standalone="no"?>
<article id="10" type="book" filename="result" version="2.1.1.1">
    <title>第6节||数字图书馆的发展趋势和发展对策</title>
    <body>
        <section id="1">
            <title>1 数字图书馆的发展趋势</title>
            <section id="2">
                <title>1.1 数字图书馆的发展趋势</title>
                <p id="3">(1）海量数字化存储</p>
                <p id="4">数字化的信息资源将成为数字图书馆的主导资源，这就对存储信息管理技术提出了更高的要求。要保证资源的广泛性、全面性和利用时的效率就要求其存储的数据总量必然达到了海量规模。如美国国家数字图书馆计划，1999年数字化资源的总量就已达100TB，英国国家图书馆现有的数字化资源已超过1000GB，法国数字图书馆中的数字化资源总存储量在3000GB以上。</p>
                <p id="5">(2）引进吸收关键技术</p>
                <p id="6">数字图书馆建设涉及计算机、网络通信等多领域多技术的综合集成，随着信息技术的不断发展，计算机和网络通信技术发展也十分迅速，新技术层出不穷。国外发达国家先于我国进行数字图书馆的研究、开发和试验，我国的数字图书馆建设应该积极引进国外先进、成熟的技术，借鉴他们的经验和教训，努力实现跨越式发展。</p>
                <p id="7">(3）加强标准化研究</p>
                <p id="8">数据的标准化和规范化是实现数字图书馆资源共享的前提和根本保障，目前世界各国都在加紧制订相关技术标准以取得信息控制权，为了实现数字图书馆中的分布式数据库跨库检索，必须实现在文献信息资源的数字化，传递、运用等方面技术应用的标准化和规范化，通过标准化技术平台来实现数字图书馆资源的共享。</p>
                <p id="9">(4）全球范围全方位合作，实现全球资源共享</p>
                <p id="10">实现全球资源共享是数字图书馆建设的终极目标，数字图书馆建设涉及的技术和资源范围极广，仅靠单位个体的力量是无法办到的，重视合作显得尤为重要，创建全球数字图书馆是未来图书馆的发展趋势，它将为全球用户以极低的成本、极快的速度存取分布在全球的众多数字化信息资源库里的信息。</p>
                <p id="11">(5）加强知识产权管理</p>
                <p id="12">由于实现了全球资源共享，知识产权管理问题显得越来越重要，解决不好将影响和制约数字图书馆的发展。要加强数字化资源的知识产权管理，修订著作权法和计算机软件保护条例，解决知识产权管理方面存在的问题。加强法制化建设，积极参与立法建设，充分利用法律手段，尊重用户权利，合法利用文献所有权、复制权，数据库使用权等权利，来开发与利用数字资源。</p>
                <p id="13">(6）资源建设特色化，服务更具个性化</p>
                <p id="14">数字图书馆的资源建设特色化和服务个性化，是数字图书馆发展的又一大特征。由于信息资源的高度集成，重复建设只能造成巨大的浪费，因此数字图书馆的资源建设要更具特色。同时转变服务方式变被动为主动，随时发布和传播各种信息资源的消息，提供导航式和个性化服务。</p>
            </section>
            <section id="15">
                <title>1.2 今后数字图书馆发展的三种主流模式</title>
                <p id="16">经过了十几年对数字图书馆各种主要技术的研究和相关技术的发展，为建立现实的数字图书馆打下重要的技术基础，现已诞生或正在建设一批数字图书馆，主要有三种类型：</p>
                <p id="17">(1）特种馆藏型模式：将自己图书馆的珍藏（包括善本、古籍和珍藏）或特种馆藏（包括图片、声音、音乐、影视等各种载体）的资料进行数字化，提供网上共享。例如以美国国会图书馆的“美利坚记忆”为代表的一些国家、地方图书馆等。</p>
                <p id="18">(2）服务主导型模式：这种服务模式的资源一般由三部分组成（如图1-6-1所示）：</p>
                <figure id="19">
                    <title>图1 -6-1服务主导型模式</title>
                    <image href="images/result_01900.jpg" placement="break">
                        <alt>图1 -6-1服务主导型模式</alt>
                    </image>
                </figure>
                <p id="20">a.图书馆本身的数字化特种馆藏；</p>
                <p id="21">b.商用的网上联机电子出版物或数据库（包括在本馆的资源镜像库）；</p>
                <p id="22">c.在因特网上有用的文献信息资源。它们用统一的界面向读者提供服务。例如目前国外有些大学的数字图书馆模式，又如美国加利福尼亚州的数字图书馆（CDL）等。</p>
                <p id="23">(3）商用文献型模式：</p>
                <p id="24">一些文献服务公司、出版社、代理商等建立一种供商用文献型的数字图书馆，提供全文的期刊、杂志、电子图书（也包括音乐和影视资料）等，一般既有索引数据库，又有全文的对象数据库。例如中国的超星数字图书馆提供电子图书，荷兰的Elsevier公司提供1200多种全文杂志，美国科罗拉多州的NetLibrary也提供几万种电子图书供读者使用。</p>
            </section>
        </section>
        <section id="25">
            <title>2 数字图书馆的发展对策</title>
            <p id="26">数字图书馆的建设是一个计算机、网络通信、信息处理等多种高新技术的结合体，需要强大的技术力量的支持，必须把科研、高校、图书馆、IT业等各系统联合起来，数字图书馆的技术支持才能有所保障。我们应当在强化基础建设、集中财力、统筹兼顾的基础上发展中国的数字图书馆。在此过程中，应充分认识自己的不足，认清自己与发达国家的差距，分析存在的问题，结合我国国情，制定总体规划和发展策略，指导我国数字图书馆的发展。</p>
            <p id="27">(1）加强高新技术研究，应用先进的数字图书馆的关键性技术和管理系统，推进数字图书馆的建设。各种高新技术是数字化的关键，我国的一些大型公共图书馆和高校图书馆以及一些数字信息公司在数字图书馆的技术领域都进行了积极的探索，有些高校图书馆凭借自己的技术力量，建立了各自的Web网站或网页，同时提供各种各样的网上服务。数字方舟信息公司推出的信息自动化扫描信息编辑加工系统、数字媒介存储与检索系统、图书商务网站发布系统，不仅有效地解决了中文纸质文献的数字化问题，而且由于采取了国际通用的PDF格式和图像压缩技术，使信息存储空间更小，传输速度更快。另外，我们还可借鉴国外先进的数字图书馆技术，推出整套、先进、实用、高效的数字图书馆方案，采用主流产品和技术，解决多方面应用软件系统的技术问题，形成具有国际先进水平的数字图书馆的技术支持环境。这些技术的突破，对加快我国数字图书馆的发展将起到巨大的推动作用。</p>
            <p id="28">(2）合理策划，统筹兼顾，走联合道路，实现资源共享，加快我国数字图书馆的数字资源建设。数字图书馆的资源建设必须在一定区域内组建集指导、规划、协调、管理于一体的数字图书馆联盟工作委员会的决策组织机构，具体负责发展规划和实施方案，深入调研本区域内数字化资源的建设现状，掌握在建数字资源项目，有选择、有重点、有计划地制订发展规划，借鉴国外和我国CALIS联合购买数据库的成功经验，成立数字资源引进联盟，在本区域内联合购买和引进数据资源，避免重复建设；同时坚持引进数据库和自建数据库并行，资源种类多样化和多媒体的发展方向，逐步建成独具特色的数字化资源库。</p>
            <p id="29">(3）各级政府应充分认识数字图书馆建设的重要性，将此工程纳入重点项目，除加大投资力度外，还可采取多种渠道解决资金短缺问题。在进行数字图书馆建设的过程中，除国家财政拨款外，还可以通过其他方式拓宽投资渠道，如可通过国家立法确保文献购置费的核定比例，还可以由相关的主管部门、厂商、系统商等之间加强联盟，共同想办法解决资金短缺问题。另外，数字图书馆之间的互联和资源共享也是解决资金短缺的一个重要举措。根据各个图书馆的功能和定位，确定数字图书馆的订购范围，合理规划各个图书馆的建设规模，尽可能把经费集中起来进行数字资源的整体建设。</p>
            <p id="30">图书馆资源建设有法可依。目前，国内对数字图书馆的版权问题，从法律上进行了广泛的研究和探讨，在理论、实际操作和技术方面都提出了一些解决问题的方案。在知识产权问题上，加强了数字图书馆用户的权限管理，运用技术手段防止未经同意就使用著作权人的作品，如通过数字水印、数字签名、加密等一些先进的技术保护了著作拥有人的合法权益，从而实现版权所有者与数字图书馆的“双赢”。</p>
            <p id="31">(5）重视人才队伍建设，以各种不同方式引进、培养人才，建立一支适应数字化图书馆发展的专业技术队伍。数字图书馆建设是一项高新技术，要求图书馆工作人员不仅要懂得图书情报的专业知识和学科专业知识，在计算机操作、新技术应用、网络驾驭能力、外语水平、公关交际能力等方面都要具有一定的水平和能力。图书馆工作人员应由传统的服务人员转变成数字化的“信息中介人”、“信息导航员”或“学科信息专家”，成为信息资源的开发管理者和组织传播者。因此，图书馆必须高度重视培养和引进高素质人才，采取各种方式加强工作人员的素质教育。一方面，对现有图书馆工作人员进行继续教育，进行有计划业务培训，提高其学历层次和业务水平；另一方面，可制订引进紧缺人才的计划，通过内培外引，建立一支适应数字化图书馆发展的高素质人才队伍，促进数字图书馆水平的不断提高。</p>
        </section>
    </body>
    <bibliography/>
    <footnote/>
</article>
