<?xml version="1.0" encoding="utf-8" standalone="no"?>
<article id="12" type="standard" filename="result" version="2.1.1.1">
    <title>参考文献</title>
    <body/>
    <prolog>
        <metadata>
            <cataloglink/>
            <phypage>41</phypage>
            <pubpage>35</pubpage>
        </metadata>
    </prolog>
    <bibliography>
        <biblioitem id="1">
            <title>[1]GB 1495-2002汽车加速行驶车外噪声限值及测量方法</title>
            <title xml:lang="en"/>
        </biblioitem>
        <biblioitem id="3">
            <title>[2]GB/T 5053.3-2006道路车辆牵引车与挂车之间电连接器定义、试验方法和要求</title>
            <title xml:lang="en"/>
        </biblioitem>
        <biblioitem id="5">
            <title>[3]GB/T 12678-2021汽车可靠性行驶试验方法</title>
            <title xml:lang="en"/>
        </biblioitem>
        <biblioitem id="7">
            <title>[4]GB/T 21671-2018基于以太网技术的局域网(LAN)系统验收测量方法</title>
            <title xml:lang="en"/>
        </biblioitem>
        <biblioitem id="9">
            <title>[5]GB/T 22150-2008电视广播声音和图像的相对定时</title>
            <title xml:lang="en"/>
        </biblioitem>
        <biblioitem id="11">
            <title>[6]GB 37479-2019风管送风式空调机组能效限定值及能效等级</title>
            <title xml:lang="en"/>
        </biblioitem>
        <biblioitem id="13">
            <title>[7]GY/T 5043-2013广播电视中心技术用房室内环境要求</title>
            <title xml:lang="en"/>
        </biblioitem>
        <biblioitem id="15">
            <title>[8]QC/T 475-1999客车防尘密封性限值</title>
            <title xml:lang="en"/>
        </biblioitem>
        <biblioitem id="17">
            <title>[9]SMPTE ST 2110-10 Professional Media Over Managed IP Networks:System Timing and Definitions</title>
            <title xml:lang="en"/>
        </biblioitem>
        <biblioitem id="19">
            <title>[10]SMPTE ST 2022-7:2013 Seamless Protection Switching of SMPTE ST 2022 IP Datagrams</title>
            <title xml:lang="en"/>
        </biblioitem>
    </bibliography>
</article>
