<?xml version="1.0" encoding="utf-8" standalone="no"?>
<article id="47" type="book" filename="result" version="2.1.1.1">
    <title>第2节||基于Mashup的数字图书馆学科服务组织</title>
    <body>
        <p id="1">随着Web2.0技术在数字图书馆建设中的逐渐普及，数字资源得以在用户与数字图书馆的交互中被充分挖掘与利用，数字图书馆已不再简单地满足用户的书目查询、全文下载等基于文献的服务，而是嵌入用户学习、科研环境之中，为用户提供个性化的学科服务。融汇服务（Mashup）能基于开放接口融合不同来源的数据资源与服务，并创建出新的复合型服务，目前较多地应用于地图、图片、视频、搜索和购物等领域。对于数字图书馆学科服务而言，Mashup能够满足多学科的服务需求，体现内容和服务形式的多样化等特性，是提升数字图书馆学科服务质量的有效途径。</p>
        <section id="2">
            <title>1 数字图书馆学科服务及其融汇需求</title>
            <p id="3">数字图书馆学科服务是一种主动的服务形式，为了使用户得到专业、全面的服务，适应学科服务逐渐突显的跨学科知识需求，学科服务正逐渐表现出对融汇服务的需求。</p>
            <section id="4">
                <title>1.1 数字图书馆学科服务现状</title>
                <p id="5">数字图书馆学科服务是为满足某一专业领域用户特定需求，提高专业信息服务增值度，按照学科研究流程来组织专业个性化的主动式知识信息服务工作。其通常采用知识化组织模式来组建学科单元，将资源采集、加工、重组、开发、利用等工作融于每个学科单元之中，使信息服务学科化、服务内容知识化。数字图书馆学科服务主要包括学科主题细分与导航、书目综合检索与推荐、学科研究指南、专题情报研究、学科专题科技查新、学科专题参考咨询以及学科用户培训等内容。</p>
                <p id="6">在面向数字图书馆学科服务的研究中，从学科服务的服务模式和服务组织层面上看，宋海艳研究了泛在知识环境下基于知识空间的图书馆学科服务模式；周娟和赵玉玲设计了面向服务的高校图书馆学科服务平台并着重揭示了学科信息导航服务和参考咨询服务的组织；潘幼乔和郑邦坤构建了由基础性学科服务、常规性学科服务、深层次学科服务和拓展性学科服务组成的四级学科服务体系。而随着嵌入服务理念的发展，学科服务开始与用户信息环境进行融合。刘颖等认为嵌入式学科服务以学科为单元提供集约化的信息服务，为用户构建了信息保障环境，同时进一步提出了基于物理空间、数字空间、社会关系和组织结构的学科服务嵌入模式。在实践中以美国为代表，嵌入式学科服务取得了突破性成效，诸如美国北卡罗来纳大学夏洛特分校利用Moodle学习平台将图书馆员嵌入到课程设计中；约翰霍普金斯大学医学图书馆将专业临床与公共健康馆员嵌入到信息空间中提供咨询服务。</p>
            </section>
            <section id="7">
                <title>1.2 学科服务融汇转型动因及需求</title>
                <p id="8">Mashup以其资源与服务集成的优势，在国内外数字图书馆逐渐得到应用，其主要应用在数字图书馆书目信息和地理位置信息的融汇。美国印第安纳州立大学Variations/FRBR项目利用Mashup集成第三方信息资源提供深层次的书目信息，德克萨斯大学图书馆创建Widget提供协同Mashup应用服务，而明尼苏达州立大学图书馆等则融汇Google地图服务创建了图书馆的地图Mashup应用。Google学术搜索通过与图书馆和数据库厂商的合作，不仅为全球学者提供数据库资源的跨库检索，也在图书馆用户的搜索结果中提供该图书馆拥有资源的链接。国家科学图书馆通过将具有书目查询等功能的Widget嵌入到用户系统中，方便个人用户信息空间的搭建与自我服务的实现。</p>
                <p id="9">尽管目前Mashup在数字图书馆中的应用已发挥了资源集成优势，但融汇资源和服务还是缺乏针对性的组织与利用。此外，学科服务具有明确的目标，在服务组织中对资源的需求具有广泛性、学科性和专业性。学科馆员在开展学科服务时急需寻找一种便捷的学科知识资源获取途径，同时用户要求学科服务的呈现形式更为多样化。具体而言数字图书馆学科服务的Mashup需求体现在以下三个方面。</p>
                <p id="10">(1）知识资源的全面性。知识资源除了正式发表的期刊文献资源之外，还有许多非正式资源，这就要求学科服务资源不仅仅局限于以数据库资源为代表的图书馆优势资源，在大数据背景下，广泛分布于互联网和知识社区中的知识资源同样是学科服务所需要综合组织的要素。融汇服务需要满足学科服务的这一知识资源的全面性需求。</p>
                <p id="11">(2）呈现形式的多样性。融汇服务的特色在于可以通过开放API接口将不同服务商提供的应用进行整合发布，针对学科服务而言，除了可以融汇数据库中的书目详细信息之外，还可以提供网络电子商务平台或网络社区用户的评论信息、标注地理位置的地图信息、数据加工处理后的图表展示以及其他影音资源等多元化资源可视化方式。</p>
                <p id="12">(3）服务的交互性与便捷性。数字图书馆学科服务是面向用户的服务，因此学科服务的融汇过程需要注重与用户的交互，深入了解用户科研需求，并主动提供RSS订阅等方式，满足用户的个性化需求的同时将融汇资源主动推送至用户，优化服务方式，减少用户在利用学科服务时的操作过程，实现便捷化学科服务。</p>
            </section>
        </section>
        <section id="13">
            <title>2 数字图书馆学科服务Mashup模式选择</title>
            <p id="14">Mashup是一种支持轻量级平台快速开发的方法，其部署简单，能通过独立的小应用Widget嵌入到用户端，供用户选择，具有代表性的Mashup工具包括iGoogle、Yahoo Widgets等。在学科服务中利用Widget封装数字图书馆资源，并融汇由网络服务提供商开放API所提供的辅助服务功能，实现基于Mashup的数字图书馆学科服务。</p>
            <section id="15">
                <title>2.1 学科服务Mashup工具架构</title>
                <p id="16">数字图书馆学科服务Mashup工具结构设计需要采用开放的、以资源为中心的Web服务，以保证Mashup工具的可复用性和可扩展性，主要包括：资源层、资源接入层、数据融汇层和Widget封装层。学科服务Mashup工具结构图如图9-2-1所示。</p>
                <p id="17">资源层：主要分为两类，即数字图书馆数据库特色资源和分布式Web资源。在学科服务中，学科专业数据库是服务所需资源的主要来源，这不仅包括期刊文献资源，还包括会议、科研成果与专利等数据库资源，以反映学科服务的专业性；另一方面，Web资源广泛分布于互联网中，同样需要集成科研平台、行业服务平台以及知识社区中的学科资源，以保障学科服务能够体现学科研究现状以及资源的完整性。</p>
                <figure id="18">
                    <title>图9 -2-1学科服务Mashup工具结构图</title>
                    <image href="images/result_01800.jpg" placement="break">
                        <alt>图9 -2-1学科服务Mashup工具结构图</alt>
                    </image>
                </figure>
                <p id="19">资源接入层：主要根据接入资源的结构，利用REST接口使数据融汇部件成为一个可复用的资源适配器，以连接其他数据融汇部件。其中，对于数据库中的结构化资源使用数据库适配器，而对来源于网络的半结构化资源和非结构化资源，则利用半结构化网页适配器和网页剪辑，以获取并转化网页文字、图表等资源。</p>
                <p id="20">数据融汇层：定义数据库资源、Web资源的多资源整合视图，多获取资源进行筛选、去重和处理，并融汇成完整、规范的资源，以供各具体功能Widget封装所用。</p>
                <p id="21">Widget封装层：学科服务中需要满足基本的资源查询功能、学科馆员与用户的协同交互，学科服务内容的可视化展示等。因此，根据学科服务所需功能将服务封装成查询Widget、协同交互Widget、图表Widget、网页剪辑Widget、地图Widget等，并协同多个Widget进一步封装以形成功能聚合的应用服务融汇接口，最终实现数字图书馆学科服务Widget。</p>
            </section>
            <section id="22">
                <title>2.2 基于Mashup的融汇服务功能组织</title>
                <p id="23">在数字图书馆学科服务Mashup工具架构的基础上，数字图书馆需要利用Mashup工具对服务进行合理组织，以满足学科服务的需求，其服务功能主要包括学科专题服务、学科研究指南、学科用户培训和个性化定制与推荐。</p>
                <p id="24">(1）学科专题服务。在学科专题服务中，主要满足用户所属学科的专题科研需求。根据用户所提出的定题服务请求，将查询请求发送至查询Widget，并通过查询Widget将所整合的OPAC联机检索和馆藏全文资源检索结果返回至用户端。对于检索结果用户可以根据个人需求，利用图表Widget中的绘图功能、地图Widget的位置标注功能，将检索结果按期刊来源、出版时间、学科领域、位置分布等进行统计和可视化展示，也可以由学科馆员对结果进行组织加工后再通过图表Widget等方式展示给用户。而网页剪辑Widget则将来源于Web的相关主题信息，例如科研合作机构、行业服务与指导机构所发布的调查报告、统计数据等；又或者是整合像豆瓣书评等社交网络服务中的用户评论信息，将其作为学科专题服务中的补充资源一同展示给用户。另一方面，用户还可通过协同交互Widget所整合的社交工具和学科馆员进行专题服务的沟通，使得学科专题服务能够更好地满足用户的需要。</p>
                <p id="25">(2）学科研究指南。学科研究指南是对确定学科领域具有普遍适用性的服务，即为广大的学科科研人员提供学科领域热点、知识要点等要素的向导性服务，使用户能够迅速把握学科前沿与关键问题。学科研究指南中，强调对学科知识信息的归纳与总结，利用概念图工具（如Cmaptools等）展现概念及概念之间的关系，知识图谱工具（如Cite Space）呈现学科发展趋势和动态，并将这些可视化工具以Widget形式封装到学科研究指南服务中，能够对学科领域知识结构、研究成果进行宏观把握，明确学科领域专家以及专家之间的合作关系，基于学术数据库资源的更新进行主题分析获取研究热点信息并利用图表Widget展示，亦可汇集学科领域的其他服务机构并利用地图Widget进行标识，最终形成完整学科研究指南供用户参考。</p>
                <p id="26">(3）学科用户培训。在面向用户的学科服务中对用户的专业性培训是极其重要的，这其中包括用户对专业文献检索与获取能力的培训、用户对学科领域研究现状把握的培训、用户开展学科研究所需要利用的方法的培训等。同样通过Mashup方式，学科馆员利用协同交互Widget，融汇即时沟通软件、邮件系统和以微博等为代表的社交网络工具，实现对学科用户的在线培训和技能与经验的交流与分享。再通过网页剪辑Widget和图表Widget直接将培训内容展示给用户，同时还可以通过地图Widget标注培训地点，方便更多的用户能够参与其中。</p>
                <p id="27">(4）个性化定制与推荐。由于用户对学科服务的需求不尽相同，对学科知识的侧重偏好、接受能力也有所区别。因此学科服务的开展还需要注重个性化的定制与主动推送服务。在学科服务Mashup工具中，由于服务功能被封装成一个个小Widget，分别提供特定的服务内容，用户可以进行个性化筛选、拖拽满足个人需求，并对学科服务Mashup的界面进行个性化设置。而学科服务的内容除了学科馆员定期将学科前沿问题通过研究指南的形式进行发布外，主要还是根据用户的个性化定制，利用RSS订阅的形式，将由网页剪辑Widget等抓取的学科信息主动推送给用户。另外，根据用户的订阅历史、查询记录等用户信息，挖掘用户偏好，实现高质量的专业书籍、文献等学科资源的针对性推荐也能更好地提升学科服务Mashup的用户体验。</p>
            </section>
        </section>
        <section id="28">
            <title>3 基于Mashup的数字图书馆学科服务推进</title>
            <p id="29">数字图书馆学科服务相较一般的图书馆服务具有较强的专业性和针对性，其融汇服务需要嵌入到用户工作环境之中，实现学科服务馆员与用户的交互，发挥协同效应，并在完备的产权机制保障下，最终起到辅助用户学科研究的作用。</p>
            <section id="30">
                <title>3.1 学科服务Mashup的嵌入式推进</title>
                <p id="31">数字图书馆学科服务的目标即是为用户学术科研活动提供专业化的服务，在e-Science环境下，嵌入式服务成为数字图书馆学科服务融入用户科研环境的重要方式，尤其是对于数字图书馆学科服务Mashup的资源和服务而言，通过Widget部件嵌入到用户端，供用户按需选择能够增强学科服务的体验。数字图书馆学科服务Mashup的嵌入不仅要从技术上充分考虑到Widget对多元用户操作环境的兼容性，还需要着重完善可视化效果。数字图书馆学科服务Mashup的可视化效果是其学科服务Widget在用户端的展示效果的体现。作为功能独立的Widget小部件，其学科服务展示界面必须要多样化，诸如图表Widget中，根据用户需要不仅能通过表格对数据进行展示，而且能将输出结果转化为饼状图、柱状图、曲线图等使结果更易理解。另外对于展示概念关系结构的概念图Widget、标注地理位置的地图Widget等可视化工具，需要能够自如缩放图像比例，以清晰所展示的图像内容。</p>
                <p id="32">另一方面，数字图书馆学科服务Mashup在嵌入用户环境的过程中，要均衡服务的综合性和可拆分性。尽管其学科服务Mashup的主要目标是为用户提供一站式的学科服务，即通过封装好的学科专题服务、学科研究指南、学科用户培训等服务接口提供综合性的服务，但是对于专业用户而言，其需求往往是部分过程数据和信息，而非学科馆员提供的“标准化”结果。这就需要对将学科服务Mashup过程进行拆分，允许用户筛选Widget，并拖拽到其工作界面，辅助用户对其进行深入加工。</p>
            </section>
            <section id="33">
                <title>3.2 学科服务Mashup的交互与反馈</title>
                <p id="34">数字图书馆学科服务Mashup的推进必须建立在与用户的充分交互的基础上，吸纳用户的使用反馈意见，完善其学科服务融汇组织结构。从交互上看，一是利用网络服务提供商提供的交互工具如腾讯QQ、新浪微博等，实现学科馆员与用户的跨平台交互，这种方式的优势在于受众面广，而且具有较强的分享能力，对于学科服务中的普遍性问题，可以融汇这些工具的交互与分享渠道，提升学科服务的影响力和服务效率；二是建立数字图书馆知识社区，并将社区的分享与评论交互以交互Widget融汇到学科服务中，这种方式其学术性和知识分享的目的性更为明显，用户可以根据学科选择学科馆员进行定向沟通。</p>
                <p id="35">从反馈上看，除了从交互Widget融汇的交互渠道获取用户的反馈信息外，可单独开发Widget专门获取用户的反馈意见，这包括用户反馈意见留言，以及利用投票和网络问卷调查的形式主动收集用户的反馈信息。反馈信息能够反映数字图书馆学科服务的现状和亟待解决的问题，对其学科服务的持续性改进与发展至关重要。</p>
            </section>
            <section id="36">
                <title>3.3 学科服务Mashup的协同操作</title>
                <p id="37">为了实现数字图书馆学科服务的协同效应，需要建立数字图书馆学科馆员与学科馆员、用户与用户、学科馆员与用户之间的协同研究渠道。尤其是在跨学科的服务中，单一学科馆员的知识范畴不足以解决跨学科科研服务的需求，这就需要多学科馆员与用户共同完成学科服务的知识资源处理与组织等环节。协同Widget可以看做是一个流程控制部件，借鉴概念图工具的协同控制原理，具体可分为异步协作和同步协作。异步协作是数字图书馆学科馆员和用户分别独立对学科知识资源进行加工处理，是基于数字图书馆学科馆员和用户自身知识层面的，对于异步实现的数字图书馆学科服务Mashup结果进行整合，满足数字图书馆学科服务的完整性需求；而同步协作，则是数字图书馆学科馆员和用户同时对相同的知识资源进行编辑，在系统确认了参与者的协同意愿后，开启数字图书馆学科服务同步协作会话，每处改变都会即时反馈在参与者的屏幕上，并标识出编辑者ID，而且还有一个聊天窗口供参与者进行文字交流或语音交流。</p>
            </section>
            <section id="38">
                <title>3.4 学科服务Mashup资源的产权保障</title>
                <p id="39">数字图书馆学科服务Mashup能够整合数据库资源和Web资源，特别是在跨系统的资源Mashup中，产权保障制度的完善是其学科服务Mashup开展的重要支撑。由于数据库资源主要利用馆藏文献数据库，因此数字图书馆学科服务Mashup资源的产权保障主要体现在Web资源层面。对于Web资源与服务而言，目前融汇服务除了CALIS提供的“e读”学术搜索引擎等少量开放服务之外，更多的是需融汇其他Web服务提供商所提供的开放API，在认可开放API提供方的协议的基础上自主编辑，比如新浪微博、人人网、QQ空间，豆瓣网、MSN等社交网络工具都开放了API接口，而像Google地图、百度地图等地图工具，以及有道翻译等翻译工具也开放了API接口，这就方便了学科服务利用这些公共服务内容，进而融汇到学科服务的交互与可视化展示之中。而对于资讯类网站资源，除了像Yahoo Finance等也开放了API的网站之外，在学科服务收集信息的过程中，还有许多科研或行业服务机构未开API，则在利用页面剪辑Widget获取这些网站的更新信息时，需要取得对方的允许，并对其进行转载标注或说明，以保障信息发布方的权益。</p>
            </section>
        </section>
    </body>
    <bibliography/>
    <footnote/>
</article>
