<?xml version="1.0" encoding="utf-8" standalone="no"?>
<article id="12" type="book" filename="result" version="2.1.1.1">
    <title>第1节||数字图书馆信息用户概述</title>
    <body>
        <section id="1">
            <title>1 信息用户的概念</title>
            <p id="2">信息用户是利用人体的感官，通过认知各种信息资源（包括印刷型、电子型、多媒体型、网络型等文献信息）中所载的文字、符号、图形等，以吸取和利用其中的知识和信息为目的的个人或团体。</p>
            <p id="3">过去，图书馆将服务对象称为“读者”（Reader）。因为前来利用图书馆的人，主要是阅读书刊，“读者”一词能够较确切地表达图书馆的服务对象。随着图书馆数字化的进程，图书馆的服务对象不仅来图书馆阅读书刊，还利用图书馆的视听资料、多媒体资料、数据库等，“看”或“听”各种信息，或利用因特网查找各种信息资源。“读者”一词已不能涵盖图书馆的服务对象，而“用户”一词的含义较宽，所以现在一些大型图书馆多用“用户”（User）一词来表示自己的服务对象。</p>
            <p id="4">传统图书馆对于来馆的人要经过登记。登记的内容包括：用户的姓名、年龄、职业、工作单位、住址、文化程度、所学专业、个人爱好等。登记后，发给借书证或阅览证，才能持证借阅或利用各种类型的文献。读者登记记录应按一定的排序，编成用户（读者）档案，这是了解全馆用户（读者）队伍的基本情况（包括：用户或读者的总数、各类型用户或读者的比例等），分析研究用户信息需求的重要依据。但在网络条件下，用户可以直接从网络上利用图书馆的各种信息资源，因此，图书馆较难掌握网络用户的各种情况。</p>
        </section>
        <section id="5">
            <title>2 信息用户在信息服务中的地位</title>
            <p id="6">信息服务是以信息中所包含的知识、信息的内容作为服务的基础，通过用户的利用，达到交流信息，传递知识，进行教育的目的。所以用户是信息服务的对象，是开展一切信息服务工作的出发点，又是一切信息服务工作的归宿。</p>
        </section>
        <section id="7">
            <title>3 信息用户需具备的几个因素</title>
            <p id="8">信息用户必须具备3个条件：</p>
            <p id="9">具有识别文字、符号、图形和阅读的能力；怀有获取信息的愿望；从事信息获取活动，有一定的信息行为或阅读行为。具备了上述3个条件才能称为用户。有些人虽然具备前两项条件，但没有从事信息活动和信息行为，也不能称为信息用户。具有获取信息的能力和从事信息活动是所有信息用户的共同本质。</p>
            <p id="10">用户利用信息，目的是吸取信息中的知识和智慧，通过吸取别人的知识或经验，来补充自己知识和经验的不足。</p>
            <p id="11">用户在从事信息活动时，要有一系列的生理和心理活动。首先要通过感官，感知信息中的文字、符号、图形等，然后将感知到的东西传递到大脑，经过大脑的辨认、分析、判断、推理等一系列的心理活动，将信息中凝聚的知识或信息，转化为用户头脑中的知识。不经过这一系列的生理和心理活动，也不能称为信息用户。</p>
            <p id="12">用户在利用信息资源的过程中，既是信息的接受者和利用者，又是新的信息资源的创造者，表现出用户与信息的互动关系和互动作用。</p>
        </section>
        <section id="13">
            <title>4 信息用户的构成</title>
            <p id="14">传统图书馆的用户主要有两大类：一类是科研工作者（包括教师、科研人员、技术人员等），另一类是广大的人民群众。现在，随着市场经济的发展，用户构成表现出多样性，用户的成分不断扩大，广大的商业用户、IT公司和咨询公司用户、影视文化用户、媒体新闻用户、农业信息用户、广大市民用户及各行各业的潜在用户大量增长。因为现代人认识到，有效利用各种信息是解决问题和事业成功的重要条件。</p>
            <p id="15">用户结构有了拓展。过去，图书馆的服务对象主要是个体用户，现在出现了较多的群体用户，如：远程教育群体用户、职业教育或专业培训的群体用户等。最突出的是网络用户的大量增加。网络用户是指那些不仅有信息需求，而且是利用网络获取信息，以强化自身知识结构，提高技术水平或进行研究的用户。</p>
            <p id="16">用户文献需求出现多样化。从文献类型的需求来看，不仅需要原始文献，还需要大量的再生型文献（如二、三次文献、专题和专科信息导航资料等）、电子文献、网络信息资源等。用户不仅需要与专业有关的信息资料，还需要大量的非专业信息，如：求职信息、旅游信息、购物信息、物价信息、医疗信息、保险信息和其他的日常信息等。</p>
        </section>
    </body>
    <bibliography/>
    <footnote/>
</article>
