<?xml version="1.0" encoding="utf-8" standalone="no"?>
<article id="3" type="book" filename="result" version="2.1.1.1">
    <title>前言</title>
    <body>
        <p id="1">21 世纪以数字化为前导的计算机、网络通讯技术发展一日千里，令人目不暇接。数字化的发展趋势正带来人类有史以来一场最为广泛而深刻的技术革命，而网络作为一种工具已深深融入到人们的日常工作和生活的方方面面。伴随着这种数字化和网络化大潮的推进，在此形势下，作为知识的殿堂——传统高校图书馆的存在形式和方式已与时代脱节。因而数字图书馆替代传统图书馆，数字图书馆的服务与管理替代传统图书馆的服务与管理，已是大势所趋，所以加快数字图书馆建设，加强数字图书馆服务与管理，主动跨入数字化时代，则成为我们要解决的一项重大课题。</p>
        <p id="2">为了使用户更充分地利用和管理数字图书馆信息资源，更好地培养高校学生的信息素养，使他们跟紧信息技术飞速发展的形势，掌握学习和探索知识的本领和技能，具备信息利用能力和自主科研创新能力，特编写了《数字图书馆服务与管理》一书。</p>
        <p id="3">本专著共10章，主要内容包括了数字图书馆的发展，从数字图书馆的服务到管理，从图书的采访、编目到流通、阅览，从读者服务到信息服务，从印刷资源到电子资源，从数据库建设到网络资源的检索利用，从参考咨询服务到竞争情报服务，等等。该书不仅可以作为各类图书馆的馆员培训参考教材，也可以作为图书馆馆员工作的参考工具书。</p>
        <p id="4">由于网络信息变化迅速，更新较快，因此在使用本书时一定会发现某些数据或资源与更新后的数据资源有时不符，同时由于编者水平有限和编写时间紧迫，难免出现错误疏漏，恳请读者批评指正。</p>
        <p id="5">编者</p>
        <p id="6">2016 年6月</p>
    </body>
    <bibliography/>
    <footnote/>
</article>
