<?xml version="1.0" encoding="utf-8" standalone="no"?>
<article id="14" type="book" filename="result" version="2.1.1.1">
    <title>第3节||数字图书馆用户的信息需求</title>
    <body>
        <section id="1">
            <title>1 什么是信息需求</title>
            <p id="2">信息需求是用户在一定的客观环境下，向往获得某种知识或信息，因而产生的对信息的探索和利用。这种探索和利用是以用户的需求目的为出发点，以适用信息的取得为归宿。取得适用信息的过程，就是满足用户信息需求的过程。</p>
        </section>
        <section id="3">
            <title>2 人类对信息的总体需求</title>
            <p id="4">人类生活在社会中，作为社会的人，对信息有其总体需求。社会心理学家阿尔德佛（Clayton Alderfer）认为人类有三种核心需求：①生存需求，解决人的衣、食、住行等生存条件问题，是人类生存的基本物质条件。②交往需求，包括人们在社会中与他人、组织、社区等方面的交往。③成长需求，是对创造性、个性或个人成长的努力。</p>
            <p id="5">美国心理学家马斯洛（AbrahamH Maslow）认为人类的需求有五个层次。</p>
            <p id="6">第一层次，生理需求。即与有机体生存有直接关系的需求，是人和动物所共有的。包括：饮食、睡觉、排泄、性等。生理需求如果不能有起码的满足，它就会完全支配其活动。生理需求是决定人们行为的重要因素。</p>
            <p id="7">第二层次，安全需求。在生理需求得到满足后，安全需求便作为支配的动机显露出来。安全需求包括：住房、工作场地、秩序、安全感、可预测性等。这种需求的目标是减少生活中的不确定性因素。</p>
            <p id="8">第三层次，交往和爱的需求。在第二类需求基本满足的前提下，个人开始受社交需要的驱使，这就是交往和爱的情感的需要。人类需要爱，需要交往，这类需要不能满足时，人就会感到孤独、空虚。现代社会中，由于人口的流动、家庭破裂、老龄化人口增加、两代人之间的代沟等原因，使得家庭成员之间产生疏远的倾向，人们对社会的交往、接触、关爱或社会活动的要求更为迫切。</p>
            <p id="9">第四层次，尊重的需求。自交往和爱的需求再往上发展，便是尊重的需求。这类需求包括两方面：一方面是要求别人对自己的重视，相应地产生地位、认可、威信等情感；另一方面是要求自尊，与此对应的是适应、胜任、信心等情感。这两类情感都来自个人所从事的社会活动。尊重是努力的结果，是靠自己的行为赢得的。健康的自尊来自别人对自己的尊敬，而不是靠名声、地位和自我吹嘘。</p>
            <p id="10">第五层次，自我实现的需求。它位于人类需求的最高层，能达到它的人就叫追求自我实现的人。自我实现是个人潜能、能力和天资在一个人发展过程中的不断实现，是使命的完成，是自身内在本性的更充分的把握和认可。简言之，自我实现就是使自己成为自己理想的人。自我实现的需求就是一个人自我进步的愿望，是把他的潜能变为现实，达到个人潜能发挥的最高点。自我实现并不是要有重大发现或创造，勤奋的学生、负责的教师、努力的工人，都可以发挥自己的潜能，实现自我。</p>
            <p id="11">上述五种强度不同的需求以阶梯形式分布，位于低层部分的需求，比上层的需求更迫切、有力。上层需求在人类进化过程中出现得较晚，在个人发展中也出现得较晚。高层需求虽然不像生存需求那样迫切，但更值得追求，因为满足这种需求能引导内在生活的充实，引出更深刻的幸福体验。</p>
        </section>
        <section id="12">
            <title>3 信息需求的性质</title>
            <p id="13">(1）信息需求是一种社会需求。用户作为一个社会的人，其信息需求总是在一定程度上反映了社会的政治、经济、科学、文化发展的需要。用户所需信息的内容，对信息的选择和评价，都直接或间接地受一定社会的影响。用户利用信息后所产生的效果，例如，新思想的产生，新的发明创造等，又会反作用于社会的生产和生活，对社会的政治、经济、文化起一定的促进作用。</p>
            <p id="14">用户的信息活动本身就是一种社会活动，信息活动的实质是实现人类知识、信息的社会交流。而人类的知识、信息交流是一个庞大的社会系统。作为人类知识、信息交流方式之一的信息活动和信息需求，必须放在社会这个大系统中去认识和研究，才能揭示出其规律，作出正确的结论。</p>
            <p id="15">(2）信息需求是一种个人需求。信息需求也是一种个人需求的反映。用户时常为了达到个人的某种目的，而产生利用信息的需要，例如：为提高个人知识水平、为解决工作或科研中的问题，或为了丰富业余文化生活等，这些都反映了个人的需求。由于用户的水平和目的各不相同，因而所需要的都是个人特定的知识或信息，也就是说，用户只需要适合自己的修养水平和使用目的的知识和信息，它带有很强的个性色彩。</p>
            <p id="16">(3）信息需求是一种精神需求。精神需求主要包括：安全需求、社交需求、荣誉需求、倾诉需求、认同需求、艺术需求等等。通常，在满足生理需求的基础上，人们才产生精神需求，但有时会与生理需求交叉。总体上，精神需求层次要高于生理需求。</p>
        </section>
        <section id="17">
            <title>4 数字图书馆网络用户信息需求的特点</title>
            <p id="18">数字图书馆网络用户是由其行为方式组成的客观群体，上网目的是获取互联网上的信息，解决自己工作或学习中的问题，强化自身知识结构，提高科学技术水平。网络信息用户与上网游戏或聊天的网民是有区别的。</p>
            <p id="19">数字图书馆网络用户使用互联网一般是个人进行，即使集体上网，也保持着个体的个人需求。网络用户的本质是使用互联网的个人，是一种个人行为，是利用互联网获取和交流信息的个人。</p>
            <p id="20">数字图书馆网络用户的数量庞大，而且增长迅速。我国自1994年接入因特网以来，至2001年，网民已达到3370万人。预计到2005年，我国网络用户将达到2.04亿人，平均每年以200%的速度增长。</p>
            <p id="21">数字图书馆网络用户不仅数量增长很快，而且结构呈现出广泛化趋势。以往，网络用户主要是教学、科学、技术人员，现在网络用户已扩大到各行各业、各种文化层次的人员。随着家庭拥有计算机的增多和网络的普及，网络不仅是上班族利用，而且家庭成员，如：老人、孩子等也成为网络用户，用户群呈现出广泛化趋势。</p>
            <p id="22">网络环境下，传统文献不再是主要的信息源，而电子型、数字型文献的应用增多。用户需求表现出多样化：</p>
            <p id="23">对传统文献与声像文献、电子文献的需求并重，呈现出综合化趋势；信息需求向电子化、数字化、网络化信息资源的方向发展；信息需求呈现出全方位、社会化趋势，不仅需要科学、技术研究所需要的信息，而且要求有关社会和生活方面的各种信息。信息需求从数量型向质量型转变。由于科技的发展和市场经济的需要，用户迫切需要内容全面，类型完整，来源广泛的知识信息，要求针对他们的科研、生产或学习提供综合性、全程性、系统性的信息服务。网络用户的信息需求已不满足于简单的信息提供，而是要求深入到信息中的知识内容，进行挖掘、开发和利用，要求信息部门开展集成化、个性化服务。特别是一些专业用户，要求信息服务部门将本专业或相关的知识、信息，加以集中，将有关某一主题或某一事物的科研信息、技术应用信息、生产应用信息、市场信息、销售信息等，多方面地进行搜集、检索、筛选、重组，提炼出对用户的研究、生产或学习有启发的，能够形成新思维或新创意的集成化的信息资源，使用户不必费心去熟悉中外各种数据库资源的检索页面和查询技巧，借助集成服务，就可以查询到新的、分布于各种资源库中的有关信息。</p>
            <p id="24">传统用户主要是到图书馆来借阅书刊，正式交流是进行信息交流的主要手段。而在网络环境下，非正式交流逐渐成为信息交流的主要手段。如：电子邮件、网络会议、电子公告栏等网络信息发布方式得到广泛应用。通过这些非正式交流手段，网络用户之间以及用户与网络服务机构（包括图书馆）之间，可以进行多方面的信息交流。</p>
            <p id="25">用户在获取信息资源时，除了考虑地域上的就近原则和自己较熟悉的信息系统，更主要是考虑用户界面是否友好、方便、易用，如果界面复杂，与用户的交互性差，用户使用时要花费较多的时间，就会影响用户使用的积极性。价格是否便宜、合理，也是影响用户信息行为的因素之一。</p>
            <p id="26">数字图书馆网络信息用户的综合素质较高。他们不仅要掌握网络信息技术，还要有较高的思辨能力和分析能力，才能从纷繁复杂、良莠不齐的网络信息中，筛选和吸取真正符合自己需要的有用信息。</p>
            <p id="27">数字图书馆网络信息用户获取信息的渠道很多。如：通过搜索引擎或点击相关的网站来获取有关的信息；也经常利用各种类型的数据库（包括书目数据库、全文数据库、联机数据库、专业数据库等）来查找信息线索或信息来源；还经常从各种电子出版物（如电子期刊、电子报纸、电子图书等）中获取自己专业或业务方面的有用的知识、信息。</p>
        </section>
    </body>
    <bibliography/>
    <footnote/>
</article>
