<?xml version="1.0" encoding="utf-8" standalone="no"?>
<article id="6" type="book" filename="result" version="2.1.1.1">
    <title>第2节||数字图书馆的发展阶段</title>
    <body>
        <section id="1">
            <title>1 数字图书馆发展的初始阶段</title>
            <p id="2">我国的数字图书馆发展是在20世纪90年代，在此之前的图书馆自动化研究只能说是数字图书馆的前期准备阶段。70代后期至80年代中期主要是探讨与图书馆自动化有关的问题及进行试验性工作；80年代中期各种类型的单项及多项计算机管理系统相继开发出来，有许多系统投入实际应用，实现图书馆业务操作、采编、检索的自动化；80年代后期至90年代初计算机应用由单项、多项应用向集成系统方向发展，逐步实现对图书馆所有环节的自动进行管理、控制，构成整体图书馆自动化系统。</p>
            <p id="3">20 世纪90年代中期随着计算机存贮技术及网络技术的飞速发展，国外数字图书馆的雏形逐渐成形，我国也渐渐地将数字图书馆纳入图书馆未来发展的轨道。</p>
        </section>
        <section id="4">
            <title>2 数字图书馆快速发展阶段</title>
            <p id="5">1996 年由中科院计算技术研究所与国家图书馆合作进行了“多媒体信息检索系统”项目的研究。该项目主要是研究基于特征的图像信息检索，实现按照图像的纹理、颜色、形状等特征对图像信息进行检索；研究中文信息全文检索，利用相关检索机制，提高检索效率；研究信息存储管理方法，实现跨平台的客户端检索。它是跟踪国际数字图书馆检索系统所使用的高新技术自选研究开发的项目，其成果可用于面向影像内容的数字图书馆检索系统。</p>
            <p id="6">1996 年初，国家图书馆在文化部申请了“数字式图书馆试验项目”。该项目以中国博士论文影像数据库为切入点，采用客户服务器模式，利用书目数据服务器管理数据的索引和查询，用影像数据服务器管理数字化的信息；扫描影像采用300dpi的分辨率，按CCITT的Group4标准进行压缩和解压，将图像存储到JukeBox上，并通过建立多级索引和多库连接实现检索提供网上服务。</p>
            <p id="7">1997 年由国家图书馆及上海图书馆、辽宁图书馆等多家单位申请了“中国试验型数字图书馆项目”。该项目拟建立一个多馆协作、互为补充、联合、一致的中国试验型数字图书馆。实现由多类型、分布式、规范化资源库组成的一个试验型数字图书馆，为我国建设规范化数字图书馆提交一份初步成形的、实用的实现技术。该项目要组织建设若干个整体性好、符合统计表技术要求的数据库，以在数字式图书馆系统中形成一个多馆合作的、具有一定规模的、整体性较强的数据库。主要有：中国古籍善本影像数据库、中国博士论文影像数据库、历史图片数据库、深圳特区文献数据库、国内外旅游多媒体数据库、民国时期南京政府文献数据库、东北文献图录数据库和国际数字图书馆文献数据库等。</p>
        </section>
        <section id="8">
            <title>3 数字图书馆进入应用阶段</title>
            <section id="9">
                <title>3.1 国家图书馆的数字化</title>
                <p id="10">1998 年国家启动了数字图书馆系统工程“863”攻关项目，它由国家图书馆与北京曙光天演信息技术合作完成。该项目是要初步建立一个中国试验型数字图书馆系统。该系统要构筑在互联网环境上，其体系结构包含多个分布式数字资源库，采用人工智能技术，实现横跨多个资源库的快速查询。在技术上，该项目要达到具有网络管理、多媒体信息查询与检索、海量信息的存贮与检索、知识产权的权限管理功能，要实现在互联网上有一定的互操作性，数字式对象的描述方法，要支持不同源的分布查询和检索，支持法律规定的知识产权保护和纳税义务，提供对超大容量数字式对象的快速检索子系统，提供方便的网络用户接口。目前国家图书馆已经启动数字图书馆工程，它推出了“中国数字图书馆读书卡”服务。读者可利用已有的中国数字图书馆读书卡，通过Internet浏览借阅源自国家图书馆的数字化图书资源。</p>
            </section>
            <section id="11">
                <title>3.2 辽宁省图书馆的数字化</title>
                <p id="12">近年来辽宁省图书馆在IBM图书馆系统的基础上，由东北大学阿尔派软件公司作系统集成和二次开发。IBM数字图书馆在推出其产品后，就将其定位在网络环境下多媒体信息的综合管理解决方案。该方案有5个功能：内容的创建与获取、存储与管理、权限管理、访问和查询、信息发布。辽宁省图书馆在该系统上计划实现古籍图书的数字处理、互联信息发布、多媒体阅览室和VCD点播。在古籍图书的数字处理方面，该馆计划利用IBM的Time Delay andIntegration数字相机对古籍进行数字化处理，为使该系统的多媒体平台特性发挥出来，辽宁省图书馆搭建了一个集成的、多媒体信息工作环境。</p>
            </section>
            <section id="13">
                <title>3.3 高等教育文献保障体系</title>
                <p id="14">“九五”期间，教育部启动了“中国高等教育文献保障体系”（简称CALIS）工程。该项目的总体目标是：以中国教育和科研网（CERNET）为依托，初步建成中国高等教育方面保障体系的基本框架，实现信息资源共建、共知、共享，深化资源的有效开发和利用。“CALIS”的建设加快了高校图书馆的数字化的进程。CALIS通过协调各高校，现初步建成了高校图书馆联合编目系统、高校学位论文数据库、“211工程”国家重点学科导航数据库、“CALIS”特色数据库等。CALIS还协调高校各馆共同引进国外的相关数据库、软件，使各高校馆能更快地进入数字图书馆的轨道。</p>
            </section>
            <section id="15">
                <title>3.4 学术期刊的数字化</title>
                <p id="16">1997 年国家新闻出版总署首颁《中国学术期刊（光盘版）》（简称CAJ—CD）电子刊号，标志着首次将CAJ—CD纳入正式的出版轨道。这是我国第一个以电子期刊方式按月连续出版的、大型集成化的学术期刊、现刊原版全文数据库。它的出版发行对我国图书馆的数字化产生了巨大的影响。目前CAJ已经完成了从“光盘版电子连续出版物”到“中国期刊网”的升级。现在“中国期刊网”包括：“中国期刊网专题全文数据库”、“中国期刊题录数据库”、“中国重要报纸专题全文数据库”、“中国专利题录摘要数据库”、“中国医院知识仓库”。这是一套能向国内外广大读者和高校师生提供咨询服务的大型动态信息资源。CAJ收录中文核心期刊3500余种。包括理工、农业、医药卫生、文史哲、经济政治与法律、教育与社会综合八个大类。基本上将中文的核心期刊处理成为数字化的文献，并且它在创建初期就解决了版权问题。另外中文的期刊数据库还有“重庆维普”、“万方数据”。维普收录的期刊总数及种类比中国期刊网都要多，并且标引的质量及二次文献的加工质量都比较专业。但它存在版权问题，所以并没有推广出来。</p>
                <p id="17">图书馆数字化正进入快速发展时期，并呈现高速发展势头，信息技术步入网络化阶段，信息孤岛的坚冰正被数字图书馆所融化，未来全球图书馆将成为可能，这构成了今天图书馆数字化的发展方向。</p>
            </section>
        </section>
    </body>
    <bibliography/>
    <footnote/>
</article>
