<?xml version="1.0" encoding="utf-8" standalone="no"?>
<article id="55" type="book" filename="result" version="2.1.1.1">
    <title>参考文献</title>
    <body/>
    <bibliography>
        <biblioitem>
            <title>［1］刘荣．图书馆信息服务与管理［M］．北京：北京图书馆出版社，2002［2］吴南，刘萍，张妮妮．现代图书馆学热点研究［M］．北京：知识产权出版社，2014．［3］贾宏，逯爱英．数字图书馆技术应用研究［M］．沈阳：白山出版社，2011.［4］程焕文，潘燕桃．信息资源管理的理论与实践［M］．广州：中山大学出版社，2008.［5］程娟，张慧，裴雷，等．信息检索．第2版 ［M］．天津：天津大学出版社，2014［6］王力军．图书馆建设与管理丛论［M］．北京:中国地图出版社，2013.［7］奉国和．数字图书馆［M］．北京：北京大学出版社，2013.［8］潘淑春，等．数字图书馆研究与发展［M］．香港：香港中国新闻出版社，2006［9］柯平，赵益民，陈昊琳，等．图书馆战略规划研究［M］．北京：社会科学文献出版社，2014．责任编辑：许占武封面设计：永 胜</title>
        </biblioitem>
    </bibliography>
    <footnote/>
</article>
