<?xml version="1.0" encoding="utf-8" standalone="no"?>
<article id="16" type="book" filename="result" version="2.1.1.1">
    <title>第1节||数字图书馆信息服务的概念和发展</title>
    <body>
        <section id="1">
            <title>1 数字图书馆信息服务的概念</title>
            <p id="2">数字图书馆系统地搜集、整理、储存各种信息资源，其目的是为了让用户利用，而要加强信息资源的开发和利用，就要做好图书馆信息服务工作。图书馆作为社会文化教育机构，作为文献信息中心，它的性质决定了它要以服务社会、服务用户为根本任务。“服务”是图书馆存在的前提，是图书馆各项工作的出发点和归宿，是检验和评估图书馆工作的重要标准。信息服务在图书馆工作中占有极为重要的地位，它不仅直接体现着图书馆的性质和任务的完成，也直接影响着图书馆整体工作的质量和成效。</p>
            <p id="3">这里要明确两个概念。</p>
            <p id="4">(1）文献信息服务：是通过文献信息的传递、开发、交流等方式，将文献中的知识、信息传递给用户的一种服务性工作。它的工作实质是传递知识，交流信息，进行教育。</p>
            <p id="5">(2）数字图书馆信息服务：数字图书馆信息服务的主体是文献信息服务。除此之外，图书馆作为社会文化中心，还应利用图书馆的各种设施或其他条件，为社会的经济、文化、教育、科技、政治等方面，多方位、多视角地开展宣传、教育、导读等服务活动，这也是数字图书馆信息服务的重要方面。</p>
        </section>
        <section id="6">
            <title>2 数字图书馆信息服务的发展过程</title>
            <p id="7">数字图书馆的信息服务经历了图书馆传统文献信息服务、复合图书馆信息服务、数字时代图书馆信息服务三个阶段。</p>
            <section id="8">
                <title>2.1 传统图书馆服务模式</title>
                <section id="9">
                    <title>2.1.1 传统图书馆文献服务的发展</title>
                    <p id="10">我国传统图书馆文献服务始于20世纪初，它是伴随着近代图书馆的诞生而发生、发展起来的。20世纪初，以公共使用藏书为基础的公共图书馆和高校图书馆逐步建立起来。由于将藏书开放，供社会人士借阅，于是就有了初期的读者服务工作。20世纪初的读者服务工作，其宗旨是“开放藏书，启迪民智”，通过藏书的使用来教育人才，传播改良主义思想及西方的科学技术知识。开放的对象主要是知识分子。服务方式受“藏书楼”思想的影响，只开展阅览服务。</p>
                    <p id="11">辛亥革命以后，蔡元培先生任教育总长，他提倡科学与民主，主张平民教育。恰逢鲁迅先生于当时在教育部社会教育司任职，其任务之一是掌管图书馆事。在两位先生的倡导下，通俗图书馆大量设立，图书馆的服务对象扩大到平民百姓。公共图书馆、通俗图书馆及一些高校图书馆开始外借服务工作。</p>
                    <p id="12">五四运动以后，图书馆成为宣传新思想，传播新文化的社会教育阵地，图书馆的服务工作和服务方式有很大的进步，如：建立巡回文库，开展通讯借书等，将图书送到学校、居民中去，供给有需要的读者使用。</p>
                    <p id="13">新中国成立后，随着图书馆性质的变化，图书馆服务配合各项中心工作开展了一些图书宣传和阅读指导活动，在内容上有了进一步开拓。由于图书宣传和阅读指导在宣传教育方面能发挥较大作用，因此文献信息服务的教育性质逐渐明显。60年代以后，由于世界科学技术的迅速发展和文献信息的大量增长，对文献信息的服务提出了新的要求。客观形势要求文献信息服务以最快的速度，从大量的信息中筛选出最符合用户需要的信息，在开发信息、推动科研和生产方面发挥新的作用。于是图书馆服务逐渐转向主动报道、检索、开发文献信息的方向上来，为科研服务工作有了进一步开展。</p>
                </section>
                <section id="14">
                    <title>2.1.2 传统文献信息服务的特点</title>
                    <p id="15">(1）以印刷型纸质文献为主。如图书、报纸、期刊等，这些文献都收藏在图书馆内，是图书馆的物质基础，属于图书馆的实物藏书。在闭架借阅情况下，图书馆的藏书一般要通过图书馆目录或各种书目才能反映出来。在开架借阅情况下，用户可以到书架上直接查找图书。由于各馆分散藏书，虽然各馆都希望自己的藏书能够“大而全”或“小而全”，但由于购书经费有限，造成文献资源短缺。</p>
                    <p id="16">(2）用户要借阅图书馆的书刊，必须亲自到图书馆。在闭架情况下，用户借书前首先要经过查阅目录，找到自己所需要的书刊名称后，要填写索书单，馆员按照索书单上的书名、索书号等，从书库中将书或刊取出。用户出示借书证或阅览证，并在书后的借书单上签盖借书日期和读者姓名（或借书证号码）后，才能拿到自己所要借的图书。如果所要借的图书已经借出，只好失望而归。或办理预约借书手续，过一定时期再来借取。在这种情况下，用户与藏书、用户与馆员之间都是有距离的。图书馆的服务是“以馆藏为中心”，“以阵地为中心”，“以馆员为中心”，一般是“等客上门”的被动服务的模式，满足于借借还还的服务工作，使有限的书刊资源未能充分利用，藏书的利用率较低。</p>
                    <p id="17">(3）服务内容以一次文献借阅为主。续借、阅览、馆际互借等。80年代以后，开始采用开架借书的方式，拉近了用户与藏书的距离，在一定程度上方便了用户选择和翻阅书刊。采用自动化书刊流通系统以后，简化了借书手续，缩短了借书时间，方便了用户借书。有些大型图书馆还开展二次文献信息服务，如书目服务、参考咨询服务、文献检索服务等。</p>
                    <p id="18">(4）馆员服务以手工操作方式为主。取书及归架，办理各种借阅手续，进行借阅统计工作等，均是手工操作。因此，工作速度较慢，效率较低。馆员与用户基本是一对一的服务方式。</p>
                </section>
                <section id="19">
                    <title>2.1.3 传统文献信息服务的优越性</title>
                    <p id="20">传统服务模式虽然有不少缺点，但也有一定的优越性，表现在：</p>
                    <p id="21">首先，印刷型文献过去是，将来仍是用户喜欢利用的文献形式。无论是科研、学习用书或消遣用书，人们几十年形成的阅读习惯，使印刷型文献成为用户不可缺少的文献形式。传统文献在阅读时具有休闲性和随意性，而网络阅读必须坐在计算机旁，正襟危坐，不能边坐边看或边卧边看。而且，长时间网上阅读容易疲劳。再有，虽然网上信息资源丰富，获取便利，但也存在信息安全、版权管理等方面的问题，而且目前能够利用网上信息的用户还不够多，主要是青年用户利用较多，不少中老年用户不会或不擅长利用网上信息，他们仍热衷于利用印本文献。因此，虽然网上的信息资源越来越多，但是印本书刊的出版数量仍然大量增长的事实，说明用户还是喜欢阅读印刷型文献。</p>
                    <p id="22">其次，传统图书馆在服务工作的实践中，摸索出一整套服务方式，如馆内阅览、馆外借书、馆际互借、书刊陈列、文献复制等。这些服务方式仍是用户经常使用的文献借阅方式。特别是一次文献的获取，还要靠传统的外借、阅览方式才能获得原始文献。所以，传统服务工作仍然被广大用户所认可，图书馆仍要做好传统文献服务工作。</p>
                    <p id="23">再次，图书馆原有的服务设施仍在发挥作用，如宽敞明亮的阅览室、多功能厅、展览厅、多媒体厅等，这些设施可供人们进行阅读、开展自我教育、丰富文化、娱乐消遣等多种活动，发挥图书馆作为社会教育文化中心的作用。</p>
                </section>
            </section>
            <section id="24">
                <title>2.2 复合型图书馆服务模式</title>
                <p id="25">复合型图书馆是传统服务与现代化服务相对接的服务模式，是从传统服务模式向现代化服务模式转型期的过渡形式。由于采用计算机等现代化技术进行采购、编目、流通、检索及内部管理，建立机读目录数据库，文献信息服务的效率大大提高，用户可以通过联机系统查寻本馆或其他图书馆的藏书目录及和其他各种二、三次文献信息。在这个模式中，传统服务与现代化服务相辅相成，互相渗透，优势互补，互动互助，在多种信息资源的基础上，可以方便用户，为用户提供满意的服务，从而提高图书馆的服务质量。在复合图书馆服务工作中，传统服务模式要采用现代化技术手段提高工作效率，而现代化服务模式要吸收和利用传统服务模式的业务基础，以适应图书馆工作的需要。</p>
                <section id="56">
                    <title>2.2.1 复合型图书馆服务面临的变化</title>
                </section>
                <p id="27">(1）图书馆信息环境的变化。过去衡量一个图书馆的价值，主要是看它藏书量的多少和馆舍的大小。随着电子出版物和网上信息的增多，馆藏数量不再是衡量图书馆价值的主要标志，而信息资源的开发和利用在衡量一个图书馆价值上，越来越占据重要地位。</p>
                <p id="28">(2）信息类型的多样化。复合型服务的物质基础仍然是以印刷型文献为主。为了方便用户，图书馆把用户利用率较高的或珍贵的印刷型文献转换为数字文献。有些文献在出版时就采用电子版与印刷版两种形式。此外，还有大量电子型文献，如：电子图书、电子期刊、网络报纸、综合性数据库、光盘、视频文献、音像文献等，也作为图书馆采集和储存的对象。这些文献以传播面广，传递速度快，信息处理迅速，检索方便，存储量大等优势，向纸质文献提出挑战。</p>
                <p id="29">(3）用户类型的变化。过去，每个图书馆都有自己特定的用户对象，如：高等院校图书馆的服务对象主要是本校的教师和学生，科学图书馆的服务对象主要是本单位的科研人员。但在网络环境下，用户不再受部门、地区或国别等因素的限制，用户可以在自己的家里或办公室，通过网络，可以利用各个图书馆的各种信息资源，而不再受某个图书馆藏书的限制，用户与信息资源之间的距离缩小了。这种情况下，图书馆的服务对象既有固定的用户群，也有网络用户群。但对网络用户，图书馆较难确定其数量和类型，也较难掌握他们的信息需求及变化。</p>
                <p id="30">(4）用户需求的变化。传统图书馆向用户提供的主要是印刷型文献。在现代条件下，用户的信息需求发生了根本性的变化，用户已经不满足于提供整本图书或期刊，不满足于单纯的文献信息服务，而是要求提供某一专业、某一主题或某一事物的知识单元或知识信息服务；要求提供综述型、研究型、专题型的知识信息服务。因此，图书馆要从文献信息服务，转向个性化、专业化的知识信息服务。用户需求的变化将导致图书馆服务内容、服务方式等一系列的变化。</p>
                <p id="31">(5）服务形式的变化。复合型图书馆的服务形式是实体与虚拟相结合的形式。既有图书馆的实体服务场所，可以为用户提供信息资源，帮助用户获取信息的传统服务；又有不受时空限制的虚拟空间，通过互相关联的计算机网络，利用各种数字化信息资源，把分布在世界各地的数据库及各种信息资源有组织地连接起来，打破时空限制，用户只需点击图书馆网页，就可获得他所需要的各种知识、信息。</p>
                <p id="32">但在发展网络信息服务的同时，要注意发挥那些网络服务不能替代的传统的信息服务，要将非网络信息服务与网络信息服务有机地结合起来，提高整体服务水平和服务效率。</p>
                <section id="33">
                    <title>2.2.2 复合型图书馆服务的发展趋势</title>
                    <p id="34">复合型服务模式要突破传统服务模式，将呈现出下列几个趋势。</p>
                    <p id="35">(1）变封闭型为开放型。面对信息技术的迅速发展和社会信息需求的不断扩大，图书馆再也不能把自己禁锢在图书馆的围墙中。图书馆的服务工作要走出图书馆，面向用户，面向需求，主动服务，形成以用户为中心、以需求为导向的主动服务理念和服务模式。</p>
                    <p id="36">(2）从单一化服务转为多元化服务。传统图书馆多用于馆内的一次文献服务，随着社会经济和信息技术的发展，人们传播信息和获取信息的渠道和方式呈现多元化趋势。图书馆要想满足用户的需求，就需要在服务内容和服务方式等各方面，开展多元化的服务活动，包括：联机检索、光盘检索、网络检索和咨询、远程教育、代查代译等多方面的服务活动。</p>
                    <p id="37">(3）从手工操作转为智力开发。传统图书馆馆员的工作大部分是手工操作，工作重复、烦琐，体力劳动较多。新技术的发展，改变了馆员和用户的关系，部分用户仍维持与馆员面对面的服务关系，但是部分网络用户则通过网络与馆员建立起一种新型的“虚拟关系”。面对新的情况，馆员的大量工作应转向对知识、信息的开发、整合，对网上信息进行检索、筛选、分析、链接等智力工作。图书馆提供的服务工作的知识含量和技术水平将不断提高。</p>
                    <p id="38">(4）从分散式服务转向“一站式”服务。传统图书馆的服务工作一般是多部门分块管理，用户需要某一专业的文献，往往要跑遍图书馆的外借、阅览、期刊、光盘等许多部门，给用户带来很多不便。在现代技术条件下，图书馆为了方便用户，可通过馆内网络环境和数字信息资源，迅速按照学科或专题的内容，查寻到所有的信息资料，让用户享受到在一个场所即可获得从信息检索、信息查寻、信息传递，直到最终获取到全文文献的“一站式”服务。免去用户许多麻烦，节省了用户的时间和精力，有力地提高了服务质量。</p>
                </section>
                <section id="39">
                    <title>2.2.3 复合型图书馆的服务工作</title>
                    <p id="40">当前，不少图书馆处于传统模式与现代化模式对接的转化时期，传统模式与现代化模式交织在一起。多数图书馆仍以传统服务为主。因此，应“两条腿走路”，一手抓传统服务的强化、提高和挖潜；另一手抓现代化服务模式的构建。转型期的服务工作可包括：</p>
                    <p id="41">(1）加强一次文献的服务，大力开展馆际互借。许多用户从电子文献、文摘、索引或网络中查找到所需要的文献线索后，但苦于无法获得原始文献。有些文献已制成全文电子版图书或期刊，在一定程度上缓解了用户对一次文献的需求。但也还有大量的对原始文献的需求必须到图书馆去借阅。一次文献服务接近用户，方便用户使用。要继续加强一次文献的传递和提供，做到快速准确。为了全面满足用户需求，在本馆无收藏的情况下，可通过馆际互借，利用远程通信或网络，向本地区、本国或外国其他的图书馆去借书，然后再转交给用户借阅。</p>
                    <p id="42">(2）深化二次文献服务。以计算机自动化技术为依托，根据用户对教学、科研或某些专门问题的需要，对本馆印刷型文献或电子出版物中的知识、信息进行筛选、提炼，编成专题书目、专题文献数据库，或进行专题检索、定题检索服务等。利用自动化技术开展二次文献服务，可以大幅度地扩大信息来源，使服务深度和服务质量均得到提高。</p>
                    <p id="43">(3）在管理机制和运行机制上要引入复合图书馆的新理念。一些业务机构需要重组，如：电子阅览室要与电子出版物的采购、组织、利用和管理相结合，要建立信息导航和远程教育机构等，在传统图书馆服务与虚拟图书馆服务之间互相兼顾，注意它们在职能、结构上的互相衔接和替代关系。</p>
                    <p id="44">(4）积极开展多元文化教育娱乐活动。图书馆作为社会文化教育中心，应继续开展文化教育及各种娱乐活动。这样，不但可以扩大图书馆的服务规模，还可以提高图书馆在社会上的影响。图书馆拥有多种服务设施，如电子阅览室、文献检索室、展览厅、讲演厅、影视部、活动室、餐厅、咖啡厅等，利用这些设施可以开展文化展示、文化沙龙、专题报告、学术研究、文化交流、作家见面会以及培训辅导班等多种健康、有益的文化活动。也可以利用网上的电子论坛、电子布告栏等发布信息，解答用户的咨询或组织用户交流等活动，使图书馆真正成为社会的文化中心、娱乐中心、社会教育中心和用户的“第二工作室”。</p>
                    <p id="45">(5）抓好自动化、网络化基础设施建设。要根据各馆的原有基础、经济来源及具体情况，加大现代化信息网络设备的建设。首先要购买必需的现代化硬件设备，为今后向电子化、数字化图书馆的方向发展做好前期准备。其次，要搞好应用软件的开发或引进。适用的软件是决定图书馆自动化、网络化系统功能和效益的先决条件。引进国内外先进的图书馆管理软件，可以少走弯路，加速图书馆现代化建设的步伐。</p>
                </section>
            </section>
            <section id="46">
                <title>2.3 数字时代图书馆服务模式</title>
                <p id="47">数字时代图书馆是在图书馆自动化的基础上，利用计算机的硬件和软件，管理各种数字信息资源的采集、加工、存储，并提供存取、利用、检索等。数字时代图书馆是由大量的数字化信息资源组成，它以一种有序的组织系统和服务框架，在任何时间、地点为任何用户提供信息服务。数字时代图书馆的一个明显特征就是工作重心从收藏转向获取，从文献描述转向文献传递，从提供文献线索转向提供分析、加工后的增值信息产品。数字图书馆服务强调对用户的知识援助和智力开发，它所体现的是一种“知识传递”和“知识增值”服务。数字图书馆服务有下列一些特点。</p>
                <p id="48">(1）馆藏文献数字化。图书馆逐步把原有的有价值的印刷型文献以及声频资料、视频资料等转换为数字化信息，将各种信息以计算机可处理的字符编码形式、图像形式、多媒体形式，存储在大容量的存储装置中。也可以购置现在有些出版社的电子型、数字型出版物。数字化信息不仅能节省图书馆的存储空间，而且能方便用户快速检索和远程检索。馆藏的数字化是数字时代图书馆的重要特征。</p>
                <p id="49">(2）面向用户的服务模式。面向用户是数字时代图书馆的又一特征。数字时代图书馆的用户有两种类型：一是馆内用户，即亲身到图书馆来利用网络信息的用户；另一种是远程用户，是借助数字化图书馆提供的网络信息服务平台，通过远程访问、登录，来获取信息的用户。在数字时代，用户已不关心图书馆在什么地方，而是关心如何链接网络以及网络上有什么信息。</p>
                <p id="50">(3）服务功能的拓展。数字化图书馆可以提供信息共享的环境，服务内容可扩大到整个互联网用户。通过动态连接机制，将网络上的虚拟图书馆联合起来。在数字环境下，图书馆服务的实质是链接和组织网上的信息资源，为用户提供信息资源。可以24小时全天候服务，服务范围远远超过传统图书馆，大大提高了服务效率。</p>
                <p id="51">(4）开展专门化、个性化服务。根据用户的专门化、个性化需要，把信息资源链接成一个整体，使用户得到面向主题的信息服务。并利用信息推送技术，帮助用户建立起个人信息资源或专题信息资源导航库。</p>
                <p id="52">(5）走向集成化信息服务。数字时代图书馆的集成化要做到：信息资源的集成、信息内容的集成和信息技术集成。数字时代图书馆要实现检索、采集、分析、加工和提供的无缝链接，实现各种服务方式之间的有机结合。</p>
                <p id="53">(6）便捷的可存取性。远程通信技术和网络技术的应用，使得数字图书馆可以与国内外各个大型图书馆、各类信息服务机构互相连接起来，实现大规模的资源共享，扩大了用户可以获得和利用的数字化信息资源的范围和数量，并能快速存取所需要的信息。</p>
                <p id="54">(7）馆员角色的转变。传统图书馆的馆员是文献信息的提供者，是文献和用户的中介。在数字时代，用户可以直接与信息的生产者、出版者对话，用户获取信息的自由程度更大，渠道更多，并通过终端即可检索、浏览、获得所需信息。在这种情况下，馆员的角色要从文献传递者，转向信息资源的管理者，馆员的工作将从“检索代理”转向“检索指导”，馆员将成为“网络信息导航员”，并且可以以信息专家的身份，参与到科研、生产中去。</p>
                <p id="55">从上述的变化可以看出，图书馆服务工作随着社会对信息需求的不断增长以及信息技术的快速发展，有一个从传统向现代化、数字化的发展过程。从传统的文献提供服务，发展到知识的重组、信息的导航；从单纯的文献信息服务，发展到社会文化、教育、娱乐中心。图书馆服务的功能和性质在不断发展、变化和提高。但是，无论在传统条件下，还是在数字化条件下，图书馆服务的基本性质，即它的传播知识、交流信息、进行文化教育的作用和性质是不会变化的。</p>
            </section>
        </section>
    </body>
    <bibliography/>
    <footnote/>
</article>
