<?xml version="1.0" encoding="utf-8" standalone="no"?>
<article id="10" type="standard" filename="result" version="2.1.1.1">
    <title>附录 A（规范性）车体建造要求</title>
    <body>
        <p id="1">A.1整车</p>
        <p id="2">A.1.1外廓尺寸、最大总质量、质心位置和轴荷分配的规定见《公路货运车辆超限超载认定标准》，同时也应符合GB 1589—2016的规定。</p>
        <p id="3">注：对于两个文件中存在的不一致的数据，以《公路货运车辆超限超载认定标准》为准。</p>
        <p id="4">A.1.2车辆后悬应符合GB 7258—2017中9.3、9.4和9.5的有关规定。</p>
        <p id="5">A.1.3外部照明和光信号装置的安装应符合GB 4785—2019的规定，转向信号灯配光性能应符合GB17509—2008的规定。</p>
        <p id="6">A.1.4半挂式数字电视转播车应符合GB/T 23336—2022中4.1的规定，半挂车轮距允许尺寸偏差为±5mm；牵引销中心线至后轴轴线垂直距离允许尺寸偏差±10mm；牵引销中心线至车厢前端距离允许尺寸偏差±5mm；半挂车支撑装置收起后，最低点离地高度应不小于320mm。支撑装置应符合GB/T 26777—2011的规定。与牵引车连接时应符合GB/T 32861—2016、GB/T 20717—2006和GB/T 5053.1—2006的相关规定，鞍式牵引座应符合GB/T 13880—2007的规定。</p>
        <p id="7">A.1.5最大侧倾稳定角应符合GB 7258—2017中4.6规定，总质量为整备质量1.2倍以下的专项作业车，最大侧倾稳定角应不小于28；总质量不小于整备质量的1.2倍的专项作业车，最大侧倾稳定角应不小于35。</p>
        <p id="8">A.1.6可靠性行驶里程应符合QC/T 252—1998的规定。</p>
        <p id="9">A.1.7车辆轮胎的规格、尺寸、气压与负荷设计应符合GB/T 2977—2016中轮胎参数的相关规定。A.2车体</p>
        <p id="37">A.2车体</p>
        <p id="10">A.2.1对于二类底盘进行改装的车辆，车身主要结构骨架应满足如下强度要求：</p>
        <p id="11">a)用于承载结构的纵梁，材料屈服强度不低于600Mpa，抗拉强度不低于700MPa。</p>
        <p id="12">b)用于承载结构的横梁，材料屈服强度不低于345Mpa，抗拉强度不低于470MPa。</p>
        <p id="13">c)用于非承载结构的骨架，材料的屈服强度不低于235Mpa，抗拉强度不低于370MPa。</p>
        <p id="14">A.2.2车身主出入门应设置在车辆前进方向的车身右侧，净宽度应不小于800mm。采用铰链或转轴式单开、对开手控门，当车辆前进移动时打开的车门碰到静止物体时应趋于关闭。车门应开关灵活并安装限位装置。车辆门锁机构应符合QC/T 323—2007的规定。车厢门、孔口门不应有自动开启或脱落的可能。行车时不应有异常的响声。当门锁机构在门外侧锁止时，应能在门内侧将其开启。车门与门框间隙不均匀度应不大于1.5mm。主出入门上应有观察车窗并配备遮光窗帘。</p>
        <p id="15">A.2.3数字电视转播车的活动式门梯应取用方便，工作平稳，行车时固定可靠，不应震动，不应自行滑出。当门梯置于使用位置时，在踏板表面的任意10cm            <sup>2</sup>～15cm            <sup>2</sup>面积上施加150kg的力，不应产生永久变形。门梯踏板的面积不应小于200mm×450mm，梯子与地面的交角应不大于60，两踏板间的垂直距离不大于250mm。踏板上表面应有防滑措施。车顶高围栏（如有）的高度不低于1m，应安装可靠、收放灵活。当高围栏立起时应能可靠锁止，并可承受150kg/m的水平方向载荷和150kg/m的垂直方向载荷。车顶平台应是防滑表面。</p>
        <p id="16">A.2.4侧拉厢的扩容和回收应灵活可靠并应配备电动、手动两种扩容和回收驱动方式。侧拉厢展开后，在满负荷情况下，外侧高度下降应不大于5mm，前后两端拉出的宽度差应不大于长度的1/600。侧拉厢在回收、展开状态均应有锁止装置和驱动保护装置。</p>
        <p id="17">A.2.5车厢内可触及的部位不应有突出的尖角、锐边。</p>
        <p id="18">A.2.6操作台的强度和刚度应满足所载设备动静载荷的要求。移动操作平台应推拉灵活并应有锁定装置。操作平台上的设备应安装牢固，在行车时不应松动和跌落。外露黑色金属件应进行表面防蚀处理，紧固件均应镀覆或做其他化学防蚀处理。</p>
        <p id="19">A.2.7车辆防雨密封性应符合QC/T 476—2007的规定，容许限值不小于88%。</p>
        <p id="20">A.2.8车身内壁、内顶、内外装饰件及座椅面料应采用阻燃材料。</p>
        <p id="21">A.2.9地板表面应平整、防滑。地板上应铺设隔音、减震性能良好的地垫，地板下部应有防蚀、防震、隔热措施。</p>
        <p id="22">A.2.10车厢应具有一定的保温性能。在车厢内、外温度（平均值）之差为20℃～25℃时，车厢的传热系数不应大于1.0W/（m            <sup>2</sup>·K）。</p>
        <p id="23">A.2.11车身漆饰涂层应符合QC/T 484—1999中油漆涂层代号“TQ1车身组”甲等要求。漆层应均匀，无溢流、皱纹、漏漆、起泡、脱皮、裂缝等现象。电镀层和化学处理层应符合QC/T 625—2013的规定。电镀件镀层应光滑，无锈蚀、斑点、漏镀、烧痕现象。</p>
        <p id="24">A.2.12车体下部大梁应设置支撑装置，其高度可单独调节，通过升降调节确保车体平衡精度达到不大于长度的1/600。支起和回收应灵活可靠。支起时，每个支撑装置应能承受不小于数字电视转播车最大总质量的50%的负荷。车在静止状态下，当三个支撑腿承载、一个支撑腿悬浮时，不应引起车厢变形导致门、窗启闭困难。</p>
        <p id="25">A.2.13天线或拍摄用（避免与千斤顶混淆）升降装置应升降平稳，锁止可靠。加承载物后可抗7级风力。</p>
        <p id="26">A.2.14遮雨蓬应收放灵活，不应自行滑出。</p>
        <p id="27">A.2.15电缆盘应收放灵活，锁止可靠。</p>
        <p id="28">A.2.16车内机械设备、电视设备、电气设备安装的抗震性能应符合GB/T 4798.5—2007的相关规定，机械条件等级达到5M2级。</p>
        <p id="29">A.2.17车内工位设计应符合GB 14776—1993的相关规定。设备安装应考虑便于检修人员工作。</p>
        <p id="30">A.2.18车内走线槽应贯通各工作区，动力电和工艺电与信号线走线槽应分开，并应有可扩充空间。孔口应有防护措施</p>
        <p id="31">A.2.19数据与通讯布线应符合YD/T 926.3—2009的规定。</p>
        <p id="32">A.2.20车内机柜设计应符合GBT 19520.16—2015的相关规定。</p>
        <p id="33">A.2.21应配备灭火器具。其安装位置应便于快速取用。</p>
        <p id="34">A.2.22车内环境及装修材料应符合GB/T 18883—2002和GB 18580—2017的相关规定。车内环境检测按照GB/T 18883—2002执行。</p>
        <p id="35">A.2.23应具备倒车影像等行车辅助设施。</p>
        <p id="36">A.2.24最大总质量在3.5t（含）以上的数字电视转播车（柴油），应具备车载终端排放诊断系统。</p>
    </body>
    <prolog>
        <metadata>
            <cataloglink/>
            <phypage>38-39</phypage>
            <pubpage>32-33</pubpage>
        </metadata>
    </prolog>
    <bibliography/>
</article>
