<?xml version="1.0" encoding="utf-8" standalone="no"?>
<article id="4" type="standard" filename="result" version="2.1.1.1">
    <title>2 规范性引用文件</title>
    <body>
        <p id="1">下列文件中的内容通过文中的规范性引用而构成本文件必不可少的条款。其中，注日期的引用文件，仅该日期对应的版本适用于本文件；不注日期的引用文件，其最新版本（包括所有的修改单）适用于本文件。</p>
        <p id="2">GB 1589—2016汽车、挂车及汽车列车外廓尺寸、轴荷及质量限值</p>
        <p id="3">GB/T 2977—2016载重汽车轮胎规格、尺寸、气压与负荷</p>
        <p id="4">GB 4785—2019汽车及挂车外部照明和光信号装置的安装规定</p>
        <p id="5">GB/T 4798.5—2007电工电子产品应用环境条件第5部分：地面车辆使用</p>
        <p id="6">GB/T 5053.1—2006道路车辆牵引车与挂车之间电连接器7芯24V标准型（24N)</p>
        <p id="7">GB 7258—2017机动车运行安全技术条件</p>
        <p id="8">GB/T 13880—2007道路车辆牵引座互换性</p>
        <p id="9">GB 14050—2008系统接地的型式及安全技术要求</p>
        <p id="10">GB 14776—1993人类工效学工作岗位尺寸设计原则及其数值</p>
        <p id="11">GB 16735—2019道路车辆车辆识别代号（VIN)</p>
        <p id="12">GB 17509—2008汽车及挂车转向信号灯配光性能</p>
        <p id="13">GB 18580—2017室内装饰装修材料人造板及其制品中甲醛释放限量</p>
        <p id="14">GB/T 18883—2002室内空气质量标准</p>
        <p id="15">GB/T 19520.16—2015电子设备机械结构482.6mm(19in）系列机械结构尺寸第3-100部分：面板、插箱、机箱、机架和机柜的基本尺寸</p>
        <p id="16">GB/T 19889.5—2006声学建筑和建筑构件隔声测量第5部分：外墙构件和外墙空气声隔声的现场测量</p>
        <p id="17">GB/T 20717—2006道路车辆牵引车和挂车之间的电连接器24V15芯型</p>
        <p id="18">GB/T 23336—2022半挂车通用技术条件</p>
        <p id="19">GB/T 26777—2011挂车支撑装置</p>
        <p id="20">GB/T 32861—2016道路车辆牵引车与挂车之间的电气和气动连接位置</p>
        <p id="21">GB/T 41808—2022高动态范围电视节目制作和交换图像参数值</p>
        <p id="22">GB/T 41809—2022超高清晰度电视系统节目制作和交换参数值</p>
        <p id="23">GY/T 161—2000数字电视附属数据空间内数字音频和辅助数据的传输规范</p>
        <p id="24">GY/T 155—2000高清晰度电视节目制作及交换用视频参数值</p>
        <p id="25">GY/T 157—2000演播室高清晰度电视数字视频信号接口</p>
        <p id="26">GY/T 158—2000演播室数字音频信号接口</p>
        <p id="27">GY/T 304—2016高性能流化音频在IP网络上的互操作性规范</p>
        <p id="28">GY/T 330—2020超高清晰度高动态范围视频系统彩条测试图</p>
        <p id="29">GY/T 347.2—2021超高清晰度电视信号实时串行数字接口第2部分：多链路10Gbit/s光接口（12比特字容器）</p>
        <p id="30">GY/T 347.3—2021超高清晰度电视信号实时串行数字接口第3部分：单链路和多链路6Gbit/s、12Gbit/s和24Gbit/s光和电接口</p>
        <p id="31">GY/T 348—2021专业广播环境下音视频设备精确时间同步协议规范</p>
        <p id="32">GY 5022—2007广播电视播音（演播）室混响时间测量规范</p>
        <p id="33">GY/T 5086—2012广播电视录（播）音室、演播室声学设计规范</p>
        <p id="34">QC/T 252—1998专用汽车定型试验规程</p>
        <p id="35">QC/T 323—2007汽车门锁和车门保持件</p>
        <p id="36">QC/T 476—2007客车防雨密封性限值及试验方法</p>
        <p id="37">QC/T 484—1999汽车油漆涂层</p>
        <p id="38">QC/T 625—2013汽车用涂镀层和化学处理层</p>
        <p id="39">YD/T 926.3—2009大楼通信综合布线系统第3部分：连接硬件和接插软线技术要求</p>
        <p id="40">SMPTE ST 425-1 3Gb/s串行接口的源图像格式和辅助数据映射（Source Image Format andAncillary Data Mapping for the 3 Gb/s Serial Interface)</p>
        <p id="41">SMPTE ST 425-5四链3 Gb/s串行接口上立体图像格式的源图像格式和辅助数据映射（Image Format and Ancillary Data Mapping for the Quad Link 3 Gb/s Serial Interface)</p>
        <p id="42">SMPTE ST 2022-6基于IP网络传输的高比特率媒体信号（Transport of High Bit Rate MediaSignals over IP Networks)</p>
        <p id="43">SMPTE ST 2110-20专业媒体在受控IP网络上传输：非压缩视频流（Professional Media OverManaged IP Networks:Uncompressed Active Video)</p>
        <p id="44">SMPTE ST 2110-30专业媒体在受控IP网络上传输：PCM数字音频（Professional Media OverManaged IP Networks:PCM Digital Audio)</p>
        <p id="45">SMPTE ST 2110-40专业媒体在受控IP网络上传输：辅助数据（Professional Media Over ManagedIP Networks:SMPTE ST 291-1 Ancillary Data)</p>
    </body>
    <prolog>
        <metadata>
            <cataloglink/>
            <phypage>7-8</phypage>
            <pubpage>1-2</pubpage>
        </metadata>
    </prolog>
    <bibliography/>
</article>
