<?xml version="1.0" encoding="utf-8" standalone="no"?>
<article id="5" type="book" filename="result" version="2.1.1.1">
    <title>第1节||数字图书馆基本概述</title>
    <body>
        <p id="1">数字图书馆（Digital Library）是用数字技术处理和存储各种图文并茂文献的图书馆，实质上是一种多媒体制作的分布式信息系统。它把各种不同载体、不同地理位置的信息资源用数字技术存贮，以便于跨越区域、面向对象的网络查询和传播。它涉及信息资源加工、存储、检索、传输和利用的全过程。通俗地说，数字图书馆就是虚拟的、没有围墙的图书馆，是基于网络环境下共建共享的可扩展的知识网络系统，是超大规模的、分布式的、便于使用的、没有时空限制的，可以实现跨库无缝链接与智能检索的知识中心。</p>
        <section id="2">
            <title>1 数字图书馆的相关概述</title>
            <section id="3">
                <title>1.1 数字图书馆的概念</title>
                <p id="4">数字图书馆（Digital Library）是随着计算机网络技术、数据库技术、多媒体技术的发展而产生的一种信息图书馆。简单地说，数字图书馆是用数字技术收集、存储和组织信息，并通过计算机网络查询和检索信息的一种现代化信息系统。它既不是图书馆的数字化概念和特征，也不是以印刷载体文献为依托的图书馆文献信息开发工作的简单自动化、数字化、网络化论文范文。图书馆的自动化、网络化和图书馆资源的数字化是现代图书馆向数字图书馆过渡的必要阶段，但并不是数字图书馆。数字图书馆是一个以现代计算机技术、网络技术和多媒体技术为依托，以分布式的海量数字化信息资源库为基础，以最大限度地满足用户个性化需求为目的的超大规模信息服务系统。它既是以现代信息技术为核心的高新技术飞速发展的必然产物，也是信息时代重要的社会需求。</p>
                <p id="5">数字图书馆是一门全新的科学技术，也是一项全新的社会事业。简言之，数字图书馆是一种拥有多种媒体内容的数字化信息资源，能够为用户提供方便、快捷、高水平的信息化服务机制。</p>
                <p id="6">数字图书馆不是图书馆实体：它对应于各种公共信息管理与传播的现实社会活动，表现为种种新型信息资源组织和信息传播服务。它借鉴图书馆的资源组织模式、借助计算机网络通讯等高新技术，以普遍存取人类知识为目标，创造性地运用知识分类和精准检索手段，有效地进行信息整序，使人们获取信息消费不受空间限制，很大程度上也不受时间限制。</p>
                <p id="7">“数字图书馆”从概念上讲可以理解为两个范畴：数字化图书馆和数字图书馆系统。涉及两个工作内容：</p>
                <p id="8">一是将纸质图书转化为电子版的数字图书；</p>
                <p id="9">二是电子版图书的存储、交换与流通。</p>
                <p id="10">国际上有许多组织为此做出了贡献，国内也有不少单位积极参与到数字图书馆的建设中来。</p>
            </section>
            <section id="11">
                <title>1.2 数字图书馆的基本特征</title>
                <p id="12">数字图书馆是一个开放式的硬件和软件的集成平台，通过对技术和产品的集成，把当前大量的各种文献载体数字化，将它们组织起来在网上服务。从理论上讲，数字图书馆是一种引入管理和应用数字化技术的方法，它的特点是：</p>
                <p id="13">(1）信息资源数字化：数字图书馆利用现代信息技术和网络通讯技术，将分散在不同地域的各类传统介质的文献信息进行压缩处理并转化为数字信息。</p>
                <p id="14">(2）信息传递网络化：数字图书馆将依托由高速宽带网构筑的因特网，以高速度、大容量、高保真的计算机和网络系统，将世界各国的图书馆和无数台计算机联为一体。信息传递的网络化带来了信息服务的跨时空、信息利用的开放化概念和特征，以及信息传递的标准化与规范化。</p>
                <p id="15">(3）信息利用共享化：以互联网为依托的数字图书馆既能通过网络交换各自的数字化馆藏信息和电子出版物，也能使分散在各地的用户方便地利用大量的分散在不同储存单位的信息资源。不仅体现出跨地区、跨行业的资源无限的特征，还体现出跨地区、跨国界的资源共建的协作化和与资源共享的便捷性，充分体现了数字图书馆资源的共享性。</p>
                <p id="16">(4）信息提供知识化：数字图书馆不仅提供原始文献，还将提供更深层次的信息服务，通过对信息的分析和重组，形成符合用户需求的知识，或帮助用户找到解决方案，并对提供的知识产品的质量进行评价。</p>
                <p id="17">(5）信息实体虚拟化：网络环境下以各种文献为载体的知识信息，都可以方便地转化为数字形式，并在全球范围传输。任何一位拥有个人电脑的用户，都可以十分方便地享用在数字图书馆庞大的资源体系中分布式地存在于世界上任何一个图书馆的资源论文范文。数字图书馆创造了一个奇特的信息空间概念和特征，用户对馆藏的利用将不受地理位置的限制。</p>
                <p id="18">(6）信息资源管理的自动化：数字图书馆与传统图书馆相比，最根本的区别就是能将文献信息管理全过程收集、整理、加工和传输从传统的手工操作或半自动化完全过渡到自动化、智能化状态。</p>
            </section>
            <section id="19">
                <title>1.3 数字图书馆产生背景</title>
                <p id="20">随着信息技术的发展，需要存储和传播的信息量越来越大，信息的种类和形式越来越丰富，传统图书馆的机制显然不能满足这些需要。因此，人们提出了数字图书馆的设想。数字图书馆是一个电子化信息的仓储，能够存储大量各种形式的信息，用户可以通过网络方便地访问它，以获得这些信息，并且其信息存储和用户访问不受地域限制。</p>
                <p id="21">数字图书馆是传统图书馆在信息时代的发展，它不但包含了传统图书馆的功能，向社会公众提供相应的服务，还融合了其他信息资源（如博物馆、档案馆等）的一些功能，提供综合的公共信息访问服务。可以这样说，数字图书馆将成为未来社会的公共信息中心和枢纽。信息化、网络化、数字化，这一连串的名词符号其根本点在于信息数字化；同样电子图书馆、虚拟图书馆、数字图书馆，不管用什么样的名词，数字化也是图书馆的发展方向。</p>
            </section>
            <section id="22">
                <title>1.4 数字图书馆的基本组成</title>
                <p id="23">(1）一定规模并从内容或主题上相对独立的数字化资源；</p>
                <p id="24">(2）可用于广域网（主要是Internet）服务的网络设备和通信条件；</p>
                <p id="25">(3）一整套符合标准规范的数字图书馆赖以运作的软件系统，主要分信息的获取与创建、存储与管理、访问与查询、动态发布以及权限管理五大模块，类似于图书馆集成管理系统对于传统图书馆所起的作用；</p>
                <p id="26">(4）数字图书馆的维护管理和用户服务。</p>
            </section>
            <section id="27">
                <title>1.5 数字图书馆的服务方式及作用</title>
                <p id="28">“数字图书馆”概念一经提出，就得到了世界广泛的关注，纷纷组织力量进行探讨、研究和开发，进行各种模型的试验。随着数字地球概念、技术、应用领域的发展，数字图书馆已成为数字地球家庭的成员，为信息高速公路提供必需的信息资源，是知识经济社会中主要的信息资源载体。</p>
                <p id="29">数字图书馆的服务是以知识概念引导的方式，将文字、图像、声音等数字化信息，通过互联网传输，从而做到信息资源共享。每个拥有任何电脑终端的用户只要通过联网，登录相关数字图书馆的网站，都可以在任何时间、任何地点方便快捷地享用世界上任何一个“信息空间”的数字化信息资源。</p>
                <p id="30">数字图书馆既是完整的知识定位系统，又是面向未来互联网发展的信息管理模式，可以广泛地应用于社会文化、终身教育、大众媒介、商业咨询、电子政务等一切社会组织的公众信息传播。</p>
                <p id="31">随着计算机和网络技术的研究和发展，数字图书馆正在从基于信息的处理和简单的人机界面逐步向基于知识的处理和广泛的机器之间的理解发展，从而使人们能够利用计算机和网络更大范围地拓展智力活动的能力，在所有需要交流、传播、存储和利用知识的领域，包括电子商务、教育、远程医疗等，发挥极其重要的作用。</p>
            </section>
        </section>
        <section id="32">
            <title>2 数字图书馆的主要优点</title>
            <p id="33">数字图书馆主要有以下几个优点：</p>
            <p id="34">(1）信息储存空间小不易损坏</p>
            <p id="35">数字图书馆是把信息以数字化形式加以储存，一般储存在电脑光盘或硬盘里，与过去的纸制资料相比占地很小。而且，以往图书馆管理中的一大难题就是，资料多次查阅后就会磨损，一些原始的比较珍贵的资料，一般读者很难看到。数字图书馆就避免了这一问题。</p>
            <p id="36">(2）信息查阅检索方便</p>
            <p id="37">数字图书馆都配备有电脑查阅系统，读者通过检索一些关键词，就可以获取大量的相关信息。而以往图书资料的查阅，都需要经过检索、找书库、按检索号寻找图书等多道工序，繁琐而不便。</p>
            <p id="38">(3）远程迅速传递信息</p>
            <p id="39">图书馆的建设是有限的。传统型图书馆位置固定，读者往往要花费大量的时间在去书馆的路上。数字图书馆则可以利用互联网迅速传递信息，读者只要登录网站，轻点鼠标，即使和图书馆所在地相隔千山万水，也可以在几秒钟内看到自己想要查阅的信息，这种便捷是以往的图书馆所不能比拟的。</p>
            <p id="40">(4）同一信息可多人同时使用</p>
            <p id="41">众所周知，一本书一次只可以借给一个人使用。在数字图书馆则可以突破这一限制，一本“书”通过服务器可以同时借给多个人查阅，大大提高了信息的使用效率。</p>
        </section>
        <section id="42">
            <title>3 数字图书馆的现状</title>
            <section id="43">
                <title>3.1 数字图书馆与传统图书馆对比</title>
                <p id="44">数字图书馆具有与传统图书馆不同的功能和特征，在馆藏建设、读者服务等方面都有了新的发展。由于数字图书馆以网络和高性能计算机为环境，向读者和用户提供比传统图书馆更为广泛、更为先进、更为方便的服务，从根本上改变了人们获取信息、使用信息的方法，较之传统图书馆具有很大的优势。</p>
                <p id="45">从文献存储上看，传统图书馆的馆藏载体主要是纸质文献，与之相比，数字图书馆对藏书建设的影响，首先表现在图书馆“馆藏”的含义已被扩展，不仅包括不同的信息格式（如磁盘、光盘、磁带等），还包括不同的信息类型（如书目信息、全文信息、图像、音频、视频等），因而使得数字图书馆将不再受制于物理空间，它们所能收藏的书刊等资料的数量也将没有空间制约。</p>
                <p id="46">从检索方式上看，用传统的检索方法，读者往往要在众多的卡片前花费不少时间，颇使借阅者感到不便，查全率和查准率都难以提高。</p>
                <p id="47">从信息的传递速度上看，传统图书馆位置固定，读者往往将大量的时间花费在去图书馆的路上。数字图书馆则可以利用互联网迅速传递信息，读者只要登录网站，轻点鼠标，即使和图书馆所在地相隔千山万水，也可以在几秒钟内看到自己想要查阅的信息，这种便捷是以往的图书馆所不能比拟的。</p>
                <p id="48">从资源共享角度上看，一本“书”通过服务器可以同时借给多个人查阅，大大提高了信息的使用效率。</p>
            </section>
            <section id="49">
                <title>3.2 数字图书馆存在的主要问题</title>
                <p id="50">(1）资源浪费问题</p>
                <p id="51">从数字图书馆概念的提出到现在许多高校图书馆纷纷投身于数字图书馆的建设行列，只有短短几年时间，由于缺乏统一的规划与协调，数字图书馆标准不一，相关立法尚未制定和执行，各单位之间的利益又难以找到彼此都认同的平衡点。同时，有的单位抱着“急功近利”的思想而片面地追求数字化资源的信息量，有的单位则是忽视自身馆藏的特点和学校教学的实际情况，这就造成中国不少高校在盲目地建设数字图书馆，合作建设少、各自为政多的现象屡见不鲜，各数字图书馆的用户检索界面、检索语言和管理系统等存在较大差异，不同馆的数据库各不兼容，各系统之间难以相互联通、应用，大量的财力、人力、物力资源浪费在低水平的重复建设上。</p>
                <p id="52">(2）技术问题</p>
                <p id="53">数字图书馆所面对的存储对象和技术领域远远超出了目前传统图书馆的范围，所涉及的技术有：数字化技术、超大规模数据库技术、网络技术、多媒体信息处理技术、数据库分析与处理技术、信息抽取与检索技术、自然语言理解技术等。这些技术课题的突破是数字图书馆建设中的核心内容和最繁重的任务。</p>
                <p id="54">(3）知识产权问题</p>
                <p id="55">数字图书馆的信息加工、整理、复制、翻译、利用、传播等都是在计算机网络环境中进行的，网上信息由于具有高度流动性，必然对传统著作权保护的地域性和时间性产生冲击，这就不可避免地涉及知识产权，而这是数字图书馆建设中面临的主要法律问题。如果没有强有力的法律规范，互联网就不能健康发展。如何既保护作者的知识产权，又让各类文化科技成果纳入数字图书馆概念和特征，为更多的人服务，一直困扰着数字图书馆的发展。同时网上信息形态的多样性又对传统知识产权法的稳定性与适用性提出挑战，而随着公众权利意识的增强以及人们利用数字图书馆认识的增强，在网络资源的使用中，如何进行知识产权保护，就成为数字图书馆建设中的一个不可回避的问题。</p>
                <p id="56">(4）建设资金问题</p>
                <p id="57">数字图书馆建设是一个庞大、系统、长期的工程，硬件设备和软件资源的购置、网络布线工程、人员培训、数字化资源的更新、馆藏文献的数字化转换等等，都需要充足的经费作后盾，但经费不足偏偏又是困扰高校图书馆发展的老大难问题。重点大学及进入“211工程”的大学数字图书馆建设与开发有专项拨款，而普通高校图书馆经费来源单一，主要依靠学校拨款，图书、刊物价格大幅度暴涨，以致许多馆连每年的纸质文献购置、业务培训、科研、奖励等各项基本经费都难以维持，开展数字图书馆建设更是举步维艰。</p>
                <p id="58">(5）图书馆员素质问题</p>
                <p id="59">中国高校图书馆员队伍整体现状是专业知识和技能普遍不能适应数字图书馆发展的要求。随着数字图书馆的兴起，馆员队伍中专业人员与技术人员少、工作热情欠缺、年龄老化等现实问题显得更为尖锐。由于图书馆地位历来没受到足够重视，各大高校中普通馆员与教师仿佛是两个相差极大的级别而接受截然不同的待遇，致使图书情报专业、计算机专业、自动化专业等方面的人才择业时很少会将图书馆置于优先考虑的范围，这也是一直以来高校图书馆出现高素质人才难以引进，另一方面馆内人才纷纷跳槽另谋高就的重要原因。对现有馆员队伍缺乏系统的、有计划的在职学习和培训，馆员的业务水平难以出现质的提高，知识结构和观念落后陈旧，无法适应提供数字化信息资源服务的要求，这也是不容忽视的一点。</p>
                <p id="60">(6）信息安全问题</p>
                <p id="61">数字图书馆的特点之一，就是信息资源的数字化，而数字化状态下存储的信息，极易受到外力的干扰与破坏，如不可抗拒力的破坏、自然环境的影响、人为的破坏，特别是计算机病毒的入侵，都会对整个的信息资源系统造成极大的破坏；自身的技术问题、管理员的技术问题，也会对信息资源造成破坏；另外还有法律问题、产权问题、寿命问题、阅读问题等等，这些问题都需要加以解决。</p>
            </section>
        </section>
        <section id="62">
            <title>4 数字图书馆的技术研发</title>
            <section id="63">
                <title>4.1 技术概述</title>
                <p id="64">数字图书馆是高新技术的产物，信息技术的集成在数字图书馆的建设中扮演了非常重要的角色。数字图书馆的含义很广，它不是简单的互联网上的图书馆主页，而是一整套面向对象的、分布式的、平台无关的数字化资源的集合。广义而言，数字图书馆包括所有数字形式的图书馆资源；经过数字化转换的资料或本来就是以电子形式出版的资料，新出版的或经过回溯性加工的资料；各类资源类型，包括期刊、参考工具书、专著、视频声频资料等；各种文件格式（digital format），从位图形式的页面到经SGML编码的特殊文本文件。</p>
            </section>
            <section id="65">
                <title>4.2 主要技术</title>
                <p id="66">具体来说，其涉及数字化技术、超大规模数据库技术、网络技术、多媒体信息处理技术、信息压缩与传送技术、分布式处理技术、安全保密技术、可靠性技术、数据仓库与联机分析处理技术、信息抽取技术、数据挖掘技术、基于内容的检索技术、自然语言理解技术</p>
                <figure id="67">
                    <image type="formula" href="images/result_06700.jpg" placement="break">
                        <alt/>
                    </image>
                </figure>
                <p id="68">在我国，正式提出数字图书馆概念并导致后来大规模研发工作的是1996年在北京召开的第62届国际图联（IFLA）大会，数字图书馆成为该会议的一个讨论专题。IBM公司和清华大学图书馆联手展示“IBM数字图书馆方案”。</p>
                <p id="69">1997 年7月，“中国试验型数字式图书馆项目”由文化部向国家计委立项，成为国家重点科技项目，由国家图书馆、上海图书馆等6家公共图书馆参与，该项目的实施是中国数字图书馆建设开始的标志。</p>
                <p id="70">数字图书馆在中国从1998年开始升温，在国家科技部的支持和协调下，国家863计划智能计算机系统主题专家组设立了数字图书馆重点项目——“中国数字图书馆示范工程”，这是一个由国内许多单位联手参与的大文化工程。该工程于1999年启动，首都图书馆成为“中国数字图书馆工程首家示范单位”。</p>
                <p id="71">1998 年10月，文化部与国家图书馆，启动了中国国家数字图书馆工程，该工程由“中国数字图书馆有限责任公司”负责，标志着中国数字图书馆工程进入实质性操作阶段。</p>
                <p id="72">1999 年初，国家图书馆完成“数字图书馆试验演示系统”的开发。同年3月，国家图书馆文献数字化中心成立，扫描年产量3000万页以上。与此同时，部分省、市的数字图书馆研究项目也开展起来，如辽宁省数字图书馆项目、上海数字图书馆项目。</p>
                <p id="73">2000 年底，文化部在海南召开“中国数字年图书馆工程资源建设”工作会议，讨论制定《中国数字图书馆工程一期规划（2000—2005年）》，推荐使用资源加工的标准规范。</p>
                <p id="74">2001 年初，国家计委批准立项“全国党校系统数字图书馆建设计划”，总投资达1.9亿元。北京大学、东北师范大学等院校相继成立数字图书馆研究所，在全国范围内掀起了数字图书馆建设和研究的高潮。</p>
                <p id="75">2001 年5月23日，国家重点科技项目“中国试验型数字式图书馆”通过专家技术鉴定。中国数字图书馆已经进入初步实用阶段，中国的数字图书馆研究、建设已经初具规模。</p>
            </section>
        </section>
    </body>
    <bibliography/>
    <footnote/>
</article>
