<?xml version="1.0" encoding="utf-8" standalone="no"?>
<article id="52" type="book" filename="result" version="2.1.1.1">
    <title>第1节||数字图书馆网络安全管理</title>
    <body>
        <section id="1">
            <title>1 影响数字图书馆网络安全的因素</title>
            <p id="2">在网络环境下，数字图书馆的网络数据库都对读者开放，在网上传输、网上查询，与其他行业一样具有许多不安全因素。而且，数字图书馆的各种数据一旦被损坏，损失就相当惨重。数字图书馆的书目数据库是馆藏的代表，是读者查阅图书的通道，是工作人员进行内部管理和开展各项服务的工具，建库的工作量大，需要投入大量的人力和物力，若遭病毒感染，恢复困难较大。数字图书馆自建和引进的数据库，是数字图书馆开展网上服务的信息宝库，是数字图书馆创收的来源，若遭破坏，将造成经济损失。由此可见，在网络环境下数字图书馆数据安全问题尤为重要。</p>
            <p id="3">那么，要保证图书馆网络的安全，就要对其进行分析，找出其不安全因素，才能有针对性地采取措施，进行有效的防范。其不安全因素主要来自以下几个方面。</p>
            <section id="4">
                <title>1.1 在通信中数字图书馆网络的不安全因素</title>
                <p id="5">(1）网络自身的不安全因素</p>
                <p id="6">计算机网络本身就存在着安全漏洞。例如，Internet系统所依赖的TCP/IP协议本身就存在安全缺陷，路由器、Anonymous FTP、Telnet、口令文件等都存在安全隐患。因此Internet网只能保证信息的无差错传输，对信息本身的真实性无法保证。</p>
                <p id="7">(2）非法入侵的不安全因素</p>
                <p id="8">入侵者利用网络传输中的缺陷，采用一些非法手段，如：利用搭线、电磁泄漏窃听；使用先进的网络分析设备对网络上传输的数据进行监听；通过中继节点的特洛依木马程序窃取敏感信息；使用先进网络探查工具软件（如sniffer）窃取合法用户的登记过程（如用户名和口令字），假冒该合法用户访问网络资源；劫夺（接管）某个合法用户与某个网络资源建立的连接，访问到其无权访问的信息；用非法操作获取或篡改信息。</p>
            </section>
            <section id="9">
                <title>1.2 软件方面的不安全因素</title>
                <p id="10">(1）网络软件安全功能不健全</p>
                <p id="11">许多软件都有不同程度的缺陷，如Win98上市后，仅在半年间出现了很多的问题，1999年3月，美国的一家软件公司又发现了一个漏洞，该漏洞使Win98和IE4的用户在访问网站时会留下易被获取的个人信息，并能影响Win98中RegWiz ActiveX控制功能。</p>
                <p id="12">(2）病毒入侵</p>
                <p id="13">网络技术的普遍使用也为计算机病毒的蔓延提供了新的媒介，数据被破坏的隐患越来越大。在一些盗版软件中，往往含有致命的病毒，若不小心使用了这样的软件，有可能在特定的条件下，它所携带的病毒会将网络中的数据吞噬得一干二净。</p>
            </section>
            <section id="14">
                <title>1.3 计算机硬件引起的不安全因素</title>
                <p id="15">(1）设计人员考虑不周。如：计算机芯片就出现过考虑不周的问题，1999年3月10日，Intel公开承认在其设计的PⅢ芯片中给芯片设计的序列号是错误的。虽然其设计序号的初衷是为了保证电子商务的安全，结果却使一些用户感到“被侵犯了隐私权”。</p>
                <p id="16">(2）计算机部件的磨损也会导致数据的丢失。如：计算机中的硬盘和硬盘驱动器，是计算机存储的关键部件，也是较易损的部件，这是由硬盘本身的工作原理所决定的。</p>
            </section>
            <section id="17">
                <title>1.4 内部人员引起的不安全因素</title>
                <p id="18">无论在什么样的情况下，人往往是起着关键作用，在网络安全中也不例外。</p>
                <p id="19">(1）管理不严。领导不重视、规章制度不健全，各种文件存放混乱，违章操作，造成不良后果。</p>
                <p id="20">(2）工作态度不好。缺乏责任心，保密观念不强，随机打印出系统保密字，或向无关人员泄漏口令等有关机密信息。</p>
                <p id="21">(3）道德品质差。熟悉系统的工作人员故意改动软件，或用非法手段访问系统，或通过窃取他人的口令和用户标识码来非法获取信息；担任系统操作的人员以超越权限的非法行为来获取或篡改信息；利用硬件的故障和软件的错误非法访问系统，或对系统的各部分进行破坏；利用窃取系统的磁盘、磁带或纸带等记录载体或利用废旧的打印纸、复写纸来窃取系统或用户的信息。</p>
            </section>
            <section id="22">
                <title>1.5 环境不安全因素</title>
                <p id="23">除了上述因素之外，还有环境因素威胁着网络的安全，如地震、火灾、雷电、风灾、水灾等自然灾害，或温、湿度冲击、空气洁净度变坏和掉电、停电或静电等工作环境因素的影响。</p>
            </section>
        </section>
        <section id="24">
            <title>2 解决网络安全问题的应用对策</title>
            <p id="25">数字图书馆的网络安全问题是一个不容忽视的客观存在，正视问题，迎难而上才能根本解决问题，针对网络安全技术的具体模式去寻找解决网络安全问题的相应对策不失为明智之举。图书馆应采用各种安全技术和管理措施，使网络系统正常运行，从而确保包括图书馆自动化系统数据库和网络资源在内的数据的可用性、完整性和准确性。在具体的技术模式上，常见的信息安全技术分为以下几种。</p>
            <section id="26">
                <title>2.1 密码技术</title>
                <p id="27">密码技术是信息安全的核心和关键所在。它包括密码编码（密码算法设计）、密码分析（密码破译）、认证、鉴别、数字签名、密钥管理和密钥托管技术。身份识别和认证过程是数字图书馆网络系统防止非法入侵的第一道屏障。任何一个计算机网络应用系统为保证其安全性都要提供身份验证和口令设置，这是最基本，也是最有效的安全策略。传统的认证方式是通过判定用户名和用户口令或密码来认证的，其他形式认证方式有指纹识别、知识卡等。</p>
            </section>
            <section id="28">
                <title>2.2 入侵检测技术</title>
                <p id="29">该技术可分成三种主要的入侵检测体系结构：基于主机的入侵检测系统、基于网络的入侵检测系统和混合分布式入侵检测系统。该技术用于保护应用网络连接的主要服务器，实时监视可疑的连接和非法访问的闯入，并对各种入侵行为立即做出反应，如断开网络连接等。</p>
            </section>
            <section id="30">
                <title>2.3 防火墙技术</title>
                <p id="31">包括计算机防火墙和网络防火墙。计算机防火墙设置在外部网络和计算机用户之间，阻止非法信息进入计算机。网络防火墙设置在内部网络和外部网络之间，通过安全访问控制保护内部网络。由于技术进步的飞快，各种病毒和非法入侵手段层出不穷，图书馆可以充分利用防火墙提供的功能自行设定符合本单位的安全策略，确定可以通过防火墙的信息类型，对外部网络与内部网络之间交流的数据进行检查，符合的予以放行，不符合的拒之门外。</p>
            </section>
            <section id="32">
                <title>2.4 防病毒技术</title>
                <p id="33">即利用专用的防病毒软件和硬件，发现、诊断和消灭各种计算机病毒和网络病毒，保证计算机和计算机网络的安全。网络防病毒技术的具体实现方法包括对网络服务器中的文件进行频繁地扫描和监测，工作站上采用防病毒芯片和对网络目录及文件设置访问权限等。防病毒必须从网络整体考虑，主动防御，改变被动劣势，从方便管理人员的工作着手，通过网络环境管理网络上的所有机器，如利用定时查毒功能，对客户机进行扫描，检查病毒情况；利用在线报警功能，网络上每一台机器出现故障、病毒侵入时，网络管理人员都能及时知道，并做出相应的对策。</p>
            </section>
            <section id="34">
                <title>2.5 信息伪装技术</title>
                <p id="35">又称为信息隐藏技术。它是将机密资料隐藏于一般的非机密文件中，然后再通过网络进行传递，由于看起来与一般的非机密资料没什么两样，很容易逃过拦截者的破解。目前信息伪装的主要技术和方法有电子水印技术、纹理影射方法等。</p>
            </section>
        </section>
        <section id="36">
            <title>3 数字化图书馆网络安全的保障措施</title>
            <p id="37">建立数字图书馆网络安全保护措施的目的是确保经过网络传输和交换的数据不会发生增加、修改、丢失和泄露等，从而为各类用户提供安全可靠的网络资源，更好地发挥网络的优势，使馆藏资源可以不受时间、空间的限制，图书馆建设才能真正朝着数字化的方向迈进。为确保网络安全，可从网络层、系统层和应用层三方面着手采取防护措施。</p>
            <section id="38">
                <title>3.1 网络层的安全防护</title>
                <p id="39">网络层的安全保护首先是对网关的防护，通过设置边界防火墙达到访问控制、状态包检测、集中式管理、网关入侵检测和报警、网络地址转化（NAT）、流量审核日志等作用。其次是对内网网络层的防护。内网网络层防护由网络入侵监测系统和内网防火墙来共同完成。在检测到入侵行为或异常行为后，网络入侵监测系统的控制台就会实时显示，并根据预先定义的事件响应规则报警，同时将报警信息写入日志，以备审计核查。第三是对主机的防护。主机防护由主机防火墙和主机入侵检测产品完成。安装在被保护主机的操作系统上，并嵌入到操作系统的核心层。</p>
            </section>
            <section id="40">
                <title>3.2 系统层的安全防护</title>
                <p id="41">要使用漏洞扫描技术，定期扫描操作系统和数据库系统的安全漏洞与错误配置，尽早采取补救措施，避免各种损失。同时应加强口令的使用，及时给系统打补丁。还要增强访问控制管理，包括对文件的访问控制除提供读、写、执行权限以及建立、搜索、删除、更改和控制等权限；对计算机进程提供安全保护，防止非法用户启动或制止关键进程；控制对网络和端口的访问。最后，应注意对病毒的防范和提供对重要的数据库服务器和web服务器的专门保护。</p>
            </section>
            <section id="42">
                <title>3.3 应用级的安全保护</title>
                <p id="43">应用级的安全保护是指安全管理。加强对用户的安全管理十分重要，应制定健全的安全管理体制、构建安全管理平台、增强用户的安全防范意识等，提高全体工作人员的网络安全意识。</p>
            </section>
        </section>
        <section id="44">
            <title>4 数字图书馆服务器网络安全防范措施</title>
            <p id="45">数字图书馆是伴随着数字技术和网络技术发展起来的，从总体上说，支撑数字图书馆的关键技术主要有信息处理、信息存储和信息传输三个方面。这种由新技术所带来的新的信息资源形态（数字化）和新的信息资源使用方式（网络传输），必然存在许多网络隐患，易受网络黑客攻击。目前大部分数字图书馆的信息服务器主要采用Web界面和基于TCP/IP协议的信息技术系统。其程序的基本构架基于Client—Server（客户机—服务器）结构，服务器端一般用Winnt4.0或者Windows 2000 Advance Server，并且多数系统要求安装使用IIS服务器（Internet Information Servers）。众所周知，Windows系列是Microsoft公司的产品，以图形化界面和易操作闻名，但也存在数之不尽的安全漏洞。</p>
            <p id="46">数字图书馆购置的数字化文献数据库如重庆维普《中国科技期刊全文数据库》（简称VIP）、清华《中国学术期刊全文数据库》（简称CNKI），要求在Windows 2000环境下运行。如果图书馆工作人员在安装Windows 2000时，只选择默认方式安装，而不进行正确的安全配置的话，其安全性几乎等于零。</p>
            <section id="47">
                <title>4.1 组件的安装和定制</title>
                <p id="48">Windows 2000在默认情况下会安装一些常用的组件。但是正是这个默认安装是极度危险的。美国最著名的“黑客”米特尼科说过，他可以进入任何一台默认安装的服务器。笔者认为应该先了解有关数据库运行与提供服务的功能，只安装确实需要的服务。根据一般安全原则：最少的服务+最小的权限=最大的安全，典型的Web服务器需要的最小组件选择是：只安装IIS的Common Files,IIS Snap—In,www Server组件。目前大多数图书馆使用的信息检索系统（VIP,CNKI）只需要安装IIS即可。</p>
                <p id="49">如果你确实需要安装其他组件，请慎重，特别是：Indexing Service,FrontPage 2000 ServerExtensions,Internet Service Manager(HTML）这几个危险服务，极易留下安全隐患。</p>
            </section>
            <section id="50">
                <title>4.2 分区和逻辑盘的分配</title>
                <p id="51">有一些技术人员为了省事，将硬盘仅分为一个逻辑盘，所有的软件都装在C驱上，这是很不科学的，建议最少建立两个分区，一个系统分区，一个应用程序分区，这是因为，微软的IIS经常会有泄漏源码/溢出的漏洞，如果把系统和IIS放在同一个驱动器会导致系统文件的泄漏甚至入侵者远程获取Administrator（超级管理员账号）。推荐的安全配置是建立三个逻辑驱动器，第一个大于2GB，用来装系统和重要的日志文件，第二个放IIS，第三个放FTP，这样无论IIS或FTP出了安全漏洞都不会直接影响到系统目录和系统文件。要知道，IIS和FTP是对外服务的，比较容易出问题。而把IIS和FTP分开主要是为了防止入侵者通过FTP上传程序并在IIS中运行。</p>
            </section>
            <section id="52">
                <title>4.3 补丁的更新</title>
                <p id="53">尼姆达病毒正是利用了Windows的一系列网络安全漏洞进行传播。它的破坏力也是有目共睹的。IIS6.0版服务器不容易感染上尼姆达病毒，但是IIS5.0及其更早版本要注意及早下载Q269862（微软提供的防尼姆达病毒补丁名）。同尼姆达病毒同样臭名昭著的红色代码也是如此，可以打上微软的Q300972补丁，或者可以给整个操作系统打上最新的Windows 2000advance SP3补丁，但请注意有些数据库并不支持最新的SP3，我们只能下载单独补丁补上安全漏洞。另外，补丁的安装应该在所有应用程序安装完之后，因为补丁程序往往要替换/修改某些系统文件，如果先安装补丁再安装应用程序有可能导致补丁不能起到应有的效果。</p>
            </section>
            <section id="54">
                <title>4.4 端口的设置</title>
                <p id="55">端口是计算机和外部网络相连的逻辑接口，也是计算机的第一道屏障，端口配置正确与否直接影响到主机的安全。一般来说，仅打开你需要使用的端口会比较安全。配置的方法是在网卡属性—&gt;TCP/IP—&gt;高级—&gt;选项—&gt;TCP/IP筛选中启用TCP/IP筛选。不过对于Windows 2000的端口过滤来说，有一个不好的特性：只能规定开哪些端口，不能规定关闭哪些端口，这样对于需要开大量端口的数据库系统运行就比较麻烦，碰上这种情况应该跟有关数据库厂商协调，共同解决问题。</p>
            </section>
            <section id="56">
                <title>4.5 IIS漏洞的解决方案</title>
                <p id="57">IIS是微软的组件中漏洞最多的一个，平均两三个月就要出一个漏洞，而微软IIS默认安装又实在不敢恭维，所以IIS的配置是我们的重点。首先，把C盘Inetpub目录彻底删掉，在D盘建一个Inetpub（要是你不放心用默认目录名也可以改一个名字，但是自己要记得），在IIS管理器中将主目录指向D：\Inetpub。其次，将IIS安装时默认的scripts等虚拟目录一概删除，如果需要什么权限的目录可以自己慢慢建，需要什么权限开什么。特别注意写权限和执行程序的权限，没有绝对的必要千万不要开。</p>
            </section>
            <section id="58">
                <title>4.6 MS SQL Server的配置</title>
                <p id="59">清华CNKI全文数据库要求安装MS SQL Server。在安装MS SQL Server后，MS SQL Server会产生一个默认的SA(System Admin）用户，而且初始密码在管理员没有设置的情况下为空。但是SA是SQL Server中非常重要的安全模块成员，这样一来黑客们就可以通过SQL Server的客户端进行数据库远程链接，然后再通过SQL的远程数据库管理命令Xp＿cmdshell stored procedure（扩展存储过程）来进行命令操作，命令格式如下：</p>
                <p id="60">Xp＿cmdshell“net user id password/add”</p>
                <p id="61">Xp＿cmdshell“net localgroup Administrators id/add”</p>
                <p id="62">根据以上两条简单的命令，入侵者就能在MS SQL Server的服务器上立即新建一个管理员级别的Administrators组的用户。需要提醒图书馆网管技术人员的是，在安装好SQL Server后，您需要做的第一件事就是把SA的空密码立即进行设置，然后打上SP3。这里需要特别强调的是，一定要经常留意微软最新的补丁包文件，并且注意及时给系统和软件打最新的补丁。</p>
            </section>
            <section id="63">
                <title>4.7 账号管理</title>
                <p id="64">Windows 2000的账号安全是另一个重点。首先，Windows 2000的默认安装允许任何用户通过空用户得到系统所有账号和共享列表，这个本来是为了方便局域网用户共享文件的，但是一个远程用户也可以得到你的用户列表并使用黑客软件用暴力法破解用户密码。很多网管技术人员都知道可以通过更改注册表中的Local＿Machine\System\CurrentControlSet\Control\LSA-RestrictAnonymous=1。来禁止139空链接，实际上Windows 2000的本地安全策略（如果是域服务器就是在域服务器安全和域安全策略中）就有这样的选项RestrictAnonymous（匿名链接的额外限制），这个选项有三个值：</p>
                <p id="66">0:None.Rely on default permissions（无，取决于默认的权限）1:Do not allow enumeration of SAM accounts and shares（不允许枚举SAM账号和共享）2:No access without explicit anonymous permissions（没有显示匿名权限就不允许访问）</p>
                <p id="67">首先，“0”这个值是系统默认的，什么限制都没有，远程用户可以知道你机器上所有的账号、组信息、共享目录、网络传输列表（NetServer TransportEnum）等等，对服务器来说这样的设置非常危险。“1”这个值是只允许合法的用户存取SAM账号信息和共享信息。“2”这个值是在Windows 2000中才支持的，需要注意的是，如果你一旦使用了这个值，将杜绝所有的共享，使一些数据库无法正常运行，笔者建议设为1较佳。</p>
                <p id="68">其次，系统内建的administrator也是一个漏洞（容易被黑客用暴力法破解），我们还应该加以修改，系统管理员可以在服务器上的计算机管理—&gt;用户账号中右击administrator然后改名，改什么都可以，只要能记得住就行。同时不可忽略的是选择密码要足够长，且要定期更换。</p>
                <p id="69">第三，即使系统管理员做了以上两点，对于防范技高的黑客仍然还不够。因为黑客还可以通过本地或终端登录界面看到所需要的信息。我们可以再将注册表做如下修改：</p>
                <p id="70">(1)HKEY＿LOCAL＿MACHINE\SOFTWARE\Microsoft\WindowsNT\Current Version\Winlogon项中的Don't Display Last User Name串数据改成1，这样系统不会自动显示上次的登录用户名。</p>
                <p id="71">(2)HKEY＿LOCAL＿MACHINE\SOFTWARE\Microsoft\WindowsNT\CurrentVersion\Winlogon项中的Don't Display Last User Name串数据修改成1，隐藏上次登录控制台的用户名。</p>
                <p id="72">综上所述，数字图书馆通过海量存储服务器，依托网络环境进行数字化文献的检索和传输，服务器的安全防范措施必不可少。而服务器操作系统Windows 2000 Advance Server存在许多的漏洞和易被攻击的问题。而大多数攻击又是属于一般性攻击，基于网络安全人员对服务器的不正确配置，密码问题，和没有及时更新最新补丁。黑客们可以使用黑客程序自动扫描发现有这些漏洞的服务器并对它发动攻击。笔者认为认真执行上述几点措施及日后及时打补丁和定期更换密码（要有一定的长度和复杂性），那么数字化图书馆的网络安全率就可以达到85%。</p>
            </section>
        </section>
    </body>
    <bibliography/>
    <footnote/>
</article>
