<?xml version="1.0" encoding="utf-8" standalone="no"?>
<article id="18" type="book" filename="result" version="2.1.1.1">
    <title>第3节||数字图书馆信息服务的原则</title>
    <body>
        <section id="1">
            <title>1 以人为本、用户第一的原则</title>
            <p id="2">以人为本、用户第一的观念是图书馆精神的精髓，是图书馆信息服务的宗旨，是服务工作活力之所在。以人为本的原则包括下列几方面的含义：</p>
            <p id="3">首先，“以人为本”，就要利用图书馆的知识、信息，致力于提高广大人民的文化教养、教育水平、精神面貌、道德水平等。</p>
            <p id="4">其次，“用户第一”，就是要以用户为中心，千方百计满足用户对信息的需求。要想用户之所想，急用户之所急，让用户以最少的时间和精力，获得最新、最适用的知识、信息。</p>
            <p id="5">第三，树立“服务至上”的精神，要理解用户，关心用户，尊重用户，爱护用户。服务态度要和蔼、诚恳、热情、认真，对用户的提问或要求，不仅要有“百问不烦”的服务精神，还应有“百问不倒”的业务技能和业务素质。</p>
            <p id="6">第四，图书馆的一切工作都要围绕用户服务而开展，以“用户第一”的观念作为一切工作的着眼点。要树立全馆协作的精神，倡导一线为用户服务，二线为一线服务，后勤为业务部门服务，领导为全馆服务的“一盘棋”观念，才能有效地、高质量地为用户服务。</p>
        </section>
        <section id="7">
            <title>2 平等服务的原则</title>
            <p id="8">印度著名的图书馆学家阮冈纳赞在《图书馆学五定律》的第二定律中提出“每个读者有其书”的原则。指出要做到：必须消除各种障碍，首先是阶级障碍，此外，还要消除性别障碍、城市和乡村障碍、生理上的障碍等，这样才能做到“书为人人”；要谨慎地坚持用户均等、学习机会均等的原则，不集合起所有的人——富人和穷人，男人和女人，陆地人和海上人，年轻人和老年人，聋人和哑人，强智力人和弱智力人，总之，是地球上各个角落的人，不把他们引进图书馆这座学习的殿堂，第二法则是不会安宁的。这里贯穿的民主的、平等的服务原则是显而易见的。1966年联合国教科文组织在《公共图书馆宣言》中又具体地指出：“公共图书馆应当随时都可让人到馆，它的大门应当向社会上一切成员自由地、平等地开放，而不管他们的种族、肤色、国籍、年龄、性别、宗教、语言、地位或教育程度。”</p>
            <p id="9">贯彻平等的原则就要做到：</p>
            <p id="10">(1）使信息资源尽量接近用户，方便用户使用，消除用户利用图书馆的各种障碍。例如，采用开架借阅，取消入门限制等，做到信息资源占有和利用的平等。</p>
            <p id="11">(2）要尊重用户自主查询和利用各种信息资源的权利，并尽量为他们个性化的信息需求提供帮助。</p>
            <p id="12">(3）要为弱势群体，如阅读能力较低的人、文盲、残疾人或不会利用现代化信息技术获取信息的用户，为他们提供特殊的帮助，消除知识、信息贫富的差距。而知识、信息的贫富，在当今社会条件下，将导致财富的贫富差距。</p>
        </section>
        <section id="13">
            <title>3 特色服务的原则</title>
            <p id="14">由于图书馆的性质、任务、服务对象或地域的差异，导致各个图书馆在信息资源的搜集、藏书建设、服务组织、服务方式、环境设施、经营管理等方面，呈现出独特的内容或风格，显示出图书馆的特色。特色服务一般以特色信息资源为基础，是专业性、专题性或专指性的服务。</p>
            <p id="15">特色服务是图书馆实现主要服务目标，确定各自定位的重要措施，也是图书馆提高服务质量，深化服务效果的重要途径。如：北京东城区图书馆基于本地区的服装业比较发达，建立了服装资料馆，搜集国内外有关服装方面的各种信息资源，推荐给各服装厂商利用。北京西城区图书馆针对本地区文化景点较多、旅游资源丰富的特点，定位于旅游资料方面，按旅游动态、中华名胜、京城景点、谈北京、京城特色服务等类别，搜集、整理并向用户推荐、使用有关的信息资源。前来利用的用户很多，占到馆用户的40%。特色服务是有针对性地满足特定用户的特殊需要的重要手段。</p>
            <p id="16">特色服务是吸引用户，提高图书馆社会地位的重要手段。如：上海黄浦区图书馆设立了音艺厅，搜集各种音乐资料、音乐唱片，在音艺厅经常举办专题音乐欣赏会，周末音乐演唱、演奏会等，吸引了各阶层的大批音乐爱好者，提高了广大用户的艺术素养，强化了图书馆作为文化中心的功能。同时，用户对图书馆的社会作用也有了新的认识，从而提高了图书馆的社会地位。</p>
            <p id="17">特色服务使图书馆由被动服务变为主动服务，强化了服务的针对性，体现了“用户为主”的原则。处于科学技术研究前沿的用户，他们获取信息的最大特点是对信息的选择性和特殊性。他们需要的是个性的、特色化的、专业化的文献信息，图书馆要高度重视他们特殊的信息需求，并采取特殊手段和方式，选择具有特色的信息资源，有针对性地开展特色服务。</p>
            <p id="18">特色服务与区别服务是相辅相成的。特色服务工作中，必须针对用户的不同文化程度、不同的工作性质、不同的年龄和性别，利用不同内容和性质的文献，采用不同的服务方式，有区别地开展工作。特色服务的核心是提高服务工作的针对性，从多层次、多角度满足用户的个性化、特色化的需求。特色服务是适应市场经济需要，强化图书馆自我发展的重要途径。</p>
        </section>
        <section id="19">
            <title>4 创新服务的原则</title>
            <p id="20">阮冈纳赞在其《图书馆学五定律》一书的第五定律中提出：“图书馆是一个生长着的有机体。”他认为，“生长着的有机体吐故纳新，改变大小，形成新的形状和结构”。作为一种机构的图书馆，它所收藏的文献信息、用户的信息需求以及馆员的业务能力和业务水平都是在不断增长、不断变化着的。这种变异过程，最终将导致新的图书馆形态和结构的形成。“生长着的有机体”最大的特点就是要不断地创新。</p>
            <p id="21">要创新，就要树立创新意识。在图书馆信息服务中要转变观念，使图书馆服务从封闭走向开放，从被动走向主动，从单一化走向多元化，从“重藏轻用”走向“重开发、使用”，从限制用户改为面向用户、方便用户。服务观念的转变和更新，是实现创新的前提。</p>
            <p id="22">在当今知识经济社会，知识成为最主要的资源，最重要的资本。知识就是财富，而图书馆是聚集知识信息的大宝库。要使各种知识信息转化为现实的生产力，就要转变服务观念，树立创新意识，使图书馆的信息服务在思想、观念上适应经济社会发展的步伐和需要。</p>
            <p id="23">要创新，就要敢于标新立异，独辟蹊径。特别是电子出版物和因特网的广泛应用，为图书馆的服务创新提供了广阔的道路。利用新的技术平台，不断开拓新的服务领域，把图书馆服务的触角伸向社会各个领域，如：电子论坛、远程教育、社区文化活动等，在更广阔的领域开展知识、信息服务。</p>
            <p id="24">图书馆要在创新中求发展，以创新促发展，在发展中不断创新、前进，创新与发展是互相作用的。</p>
        </section>
        <section id="25">
            <title>5 资源共享的原则</title>
            <p id="26">当今世界各种信息大量涌现，人们常用“信息爆炸”来形容信息量的迅速增长。而图书馆的经费有一定的限度，任何图书馆没有必要，也没有可能全面搜集、存储各种信息资源。而要满足社会的和用户的日益增长和不断扩大的信息需求，就必须树立资源共享的观念，走资源共享的道路。</p>
            <p id="27">资源共享是继承、传播人类知识的需要。资源共享是一种范围广泛的知识、文化传播活动，它能跨越时空，无论何时、何地都能最大限度地满足用户对知识、信息的需求，消除彼此隔绝的状态，使信息的获取和利用走社会化的共知、共享的道路。这将有力地促进人类知识的继承和发扬。</p>
            <p id="28">资源共享促进区域文化走向全球文化。信息网络连接起全球各个地区。各个国家，随着不同社会、不同国家之间交往的加强，人们意识到，只有知识、信息、文化的相互交流，取长补短，协调合作，才能实现人类的共同进步和发展。这种全球意识也促进了各国之间以及国内各图书馆之间，走合作的道路，发展信息资源的共知、共建、共享。</p>
        </section>
    </body>
    <bibliography/>
    <footnote/>
</article>
