<?xml version="1.0" encoding="utf-8" standalone="no"?>
<article id="31" type="book" filename="result" version="2.1.1.1">
    <title>第3节||国外一流数字图书馆未来战略规划</title>
    <body>
        <section id="1">
            <title>1 荷兰国家图书馆2015—2018年战略规划</title>
            <p id="2">荷兰国家数字图书馆面向用户并帮助用户连接到所有公共图书馆。从后台来看，来自不同领域的各类资源、各类资金流，以及在未来几年中不断变化着的利益相关者将开展更为紧密的合作；从前台来看，用户将受益于这些因素的共同作用。鉴于服务用户产生社会价值是荷兰国家图书馆的使命主旨，因而我们从用户的角度来制定战略目标。用户：</p>
            <p id="3">(1）能够便捷地通过图书馆获得任何所需信息；</p>
            <p id="4">(2）拥有利用荷兰出版物进行研究的平台；</p>
            <p id="5">(3）能够访问尽可能多的数字内容，并最大限度地自由访问所有资源；</p>
            <p id="6">(4）在任意客户端，都能体验到同一个图书馆的高效服务；</p>
            <p id="7">(5）被图书馆馆藏吸引并获得其提供的各类帮助；</p>
            <p id="8">(6）可以永久访问荷兰的图书、报纸、期刊以及国际科学出版物。</p>
            <p id="9">为此，荷兰国家图书馆是以其独立的公共价值、可靠性、可访问性、多元性和真实性的基础来开展服务的。</p>
            <section id="10">
                <title>1.1 荷兰国家数字图书馆的用户</title>
                <p id="11">图书馆的目标群体和潜在用户形成了个金字塔形。国家数字图书馆可供全国近1700万人使用（金字塔第一层），其中400万人已经是公共图书馆的注册用户。接近200万的成年人（占成年人总数的15%）在使用本地的公共图书馆服务。在青少年中，这个比例更高，全国20岁或20岁以下的年轻人约占总人口的四分之一（425万）。近年来，青少年注册用户的数量已增加到了225万（超过年轻人口数的50%）。通过如“学校图书馆，从书本开始”等一些项目计划，荷兰国家数字图书馆得到了青少年群体的格外关注。那些存在阅读困难的人，通过公共图书馆的工作，得到了与常人一样的接触来自世界各地的知识、文化及教育的机会。</p>
                <p id="12">金字塔的第二层由目标用户群体构成，主要针对学术研究型用户。目前，荷兰国家图书馆已拥有约100万这类用户，包括独立研究人员——那些尚未与研究机构合作、非正式的历史研究人员——比如谱系研究者、地域历史学家及地方志研究人员；还有那些专业或非专业的，需要寻找权威（经过确认的）信息的群体。在独立研究人员中，涉及数以千计的人文学者，他们与研究机构有联系，但还没有从图书馆或商业服务提供者那里得到跨地域的、有针对性的服务。</p>
                <p id="13">金字塔的顶层是人数相对较少，但具有成长性的群体。他们是研究开发人员，他们需要使用大量的文本数据库，在过去几年中，荷兰国家图书馆已经与其他合作伙伴共建了这样的数据库。越来越多的人文科学研究者已经开始使用工具来提取信息和可视化数据，从而更有效地从大数据中掌握信息。荷兰国家图书馆正在积极支持这种形式的人文研究——数字人文研究。</p>
                <p id="14">用户金字塔各个层次之间的界限将越来越模糊，越来越多的用户开始使用那些原本并非针对他们所提供的内容。并不是每个人都会使用所有服务，但是每个人都有机会去使用所有服务。</p>
                <p id="15">从2015—2018年，每年将有2000万的访问者能够在荷兰国家数字图书馆提供的服务当中找到自己所需要的信息。</p>
            </section>
            <section id="16">
                <title>1.2 2015 -2018荷兰国家数字图书馆的战略目标</title>
                <section id="17">
                    <title>1.2.1 用户能够便捷地通过图书馆获得任何所需信息</title>
                    <p id="18">如果说图书馆的社会价值体现在对其的使用，那么资源可见性是第一步。这需要通过构建国家图书馆目录来实现。它向用户提供了所有公共图书馆的馆藏信息，以及如何才能使用这些信息。目前，大多数信息通常还是印刷在纸上并收藏在实体图书馆中的，但是数字信息的量（电子书或数字化资料）正在增加。大部分资源是可以免费访问的，但有时也需要注册或付费。</p>
                    <p id="19">第二步更为重要，即：不是让用户到信息这里来，而是让信息到用户那里去。相同的馆藏数据集，经由国家图书馆目录，辅以必要的索引信息，能够在任何位置捜索获得。由于Google是人们使用的最主要的搜索工具，或许可以在其捜索参数中提供：“图书馆页面”选项，以提供图书馆内的相关信息，以及如何使用这些信息的完整清晰提示。</p>
                    <p id="20">对于某些特定学科的信息搜索，他们认为关联数据能够大大增加图书馆馆藏的可检索性。大多数搜索参数都可以被缩减到四个中心问题点上：“who,what,where和when”。在未来几年中，荷兰国家图书馆将链接到国内外的知识系统中（例如DBPedia、Freebase、VIAF—虚拟国际权威文件），努力为各类问题找到相应的信息答案。要实现以用户为导向的目标，背后需要落实大量工作。各图书馆所使用的系统，为了录入各类实体资料和数字化财产，都必须连接起来，为所有资源提供一个平台。这能促使图书馆或其他机构实现用户定制服务。到2018年，荷兰国家图书馆数字内容中的所有相关人名和地名都能作为关联（开放）数据被使用。</p>
                </section>
                <section id="21">
                    <title>1.2.2 用户拥有利用荷兰出版物进行研究的平台</title>
                    <p id="22">作为国家级图书馆，荷兰国家图书馆收集并管理所有曾在荷兰发表或关于荷兰的资料，包括手稿、印刷资源、数字资源。我们有责任在这个领域提供高质量的服务，包括保证所有资料信息的可访问性，以及对外揭示非凡的文学作品。</p>
                    <p id="23">在过去短短几年中，荷兰国家图书馆以及全国范围内其他机构发表的文献资料已经进行了数字化处理并可通过网站访问文字和图像内容。一部分项目还需要花费数年时间来完成。在经过大量繁复工作之后，我们即将进入统一可检索化的阶段。与阿姆斯特丹大学图书馆、莱顿大学图书馆、乌特勒支大学图书馆、格罗宁根大学图书馆及Meertens研究院共同开发的Delpher就是首个成果。Delpher为用户提供了一站式找到各种数字文本馆藏的机会，并且比那些综合、独立的网站拥有更多信息（报纸、期刊、图书及其他资料）。在未来几年内，Delpher将作进一步开发，包括（检索）功能和内容的开发。为了使尽可能多的荷兰图书、报纸和期刊数字化并可被检索，我们将在现有的网络中增加新的合作伙伴。</p>
                    <p id="24">荷兰国家图书馆的目标是在2018年前实现在Delpher上能够检索50个荷兰遗产机构的数字化内容。</p>
                    <p id="25">我们不仅为用户提供数字资源，同时也支持学者有效地检索资源。我们希望将门户网站发展为荷兰出版物研究平台，使我们能够定位自己在研究基础设施网络中的位置（如CLARIAH,DARIAH和Nederlab等荷兰大型研究基础设施）。除了最大程度的资源收集，荷兰国家图书馆还必须开展资源宣传和说明，通过虚拟图书和网络浏览的数字化及纸质形式将资源呈现出来。除了我们自行举办的展览——包括与Meermanno博物馆合作以外，我们还会将某些馆藏出借给第三方，供其在博览会上展出我们丰富的文化遗产。实物藏品的保存仍然是非常重要的，即使当它们以数字形式存在时也必须重视保存工作。对于图书历史研究来说，图书以其出版时的形式存在是很重要的，对于整个社会来说也是如此。为用户展现印刷和手稿等文化遗产，让用户体验具有特殊价值的文献所带来的历史感受。</p>
                </section>
                <section id="26">
                    <title>1.2.3 用户能够访问尽可能多的数字内容，并最大限度地自由访问所有资源</title>
                    <p id="27">数字化是不断增长的使用标准，这正是荷兰国家图书馆为何积极拓展有关研究、阅读、学习和信息传播等方面的各类数字化内容的原因。同时，减少限制也可能提高信息的可访问性。信息的自由使用往往受到现实、法律和金融方面的限制，我们正努力减少这些限制。我们的基本原则是尽力使更多信息免费获取；当然，这仍要求用户是以图书馆注册用户身份和/或采用有偿支付模式来访问信息。此外，荷兰国家图书馆将与其他国家、国际图书馆组织及遗产机构开展协作，共同解决著作权方面的问题。荷兰国家图书馆将扩大各领域的服务范围。在学术领域，我们专注于提供技术和金融方面的决策信息，主要针对研究人员，同时也为大学以外的个人和组织及研究机构服务。鼓励发展知识型社会并加大学术研究成果的影响是非常重要的。因此，荷兰国家图书馆把倡导和支持学术信息开放作为重要工作之一。若这种高标准的开放获取不能实现，那么我们将寻找其他的方法来扩展研究信息的访问渠道。</p>
                    <p id="28">在文化遗产领域，荷兰国家图书馆非常重视将所有荷兰出版物进行数字化。在上一个政策周期，我们与合作伙伴将10%荷兰出版的图书、报纸、期刊进行了数字化。数字化过程已经成为标准组织方法的一部分，必然会继续发展下去。为了实现这一目标，我们加强了与合作伙伴的协作。从2015年起，荷兰国家图书馆将负责荷兰文学数字图书馆（DBNL）的管理和可持续发展。荷兰语联盟、佛兰德遗产图书馆和荷兰国家图书馆已缔结合作协议，将以忠实反映信息资源为目标，通过整合不同形式的数字化内容而不断发展壮大。对于非商业数字化服务，我们将继续与投资方和/或版权机构进行谈判，目前已与对方签订了若干项关于报纸、期刊和图书开放性的子协议。我们希望与他人不断建立合作关系，并公平公正地对待合作网络中的各方角色（作者、出版商、图书馆和用户），积极填补数字鸿沟。</p>
                    <p id="29">到2018年，该图书馆将对90%荷兰出版的图书、期刊和1940年前的报纸数字化。</p>
                    <p id="30">在公共图书馆领域，我们专注于电子内容的可用性。于2014年推出的电子书平台在荷兰当年的电子书销售中表现突出。但地方图书馆电子书的可用性并不如纸质书。出版商和作者之间的协定对扩大数字产品的开放范围至关重要。地方公共图书馆必须自行决定用于为公众采购电子书、电子音乐等其他形式电子内容的预算细节。国家图书馆馆藏发展规划阐明了数字内容采购的主要特征。该规划本质上鼓励均衡、高效的图书收藏，并监督公共图书馆内纸质和数字内容的协调发展。本领域的另一项重要任务是将图书转换为合适的数字阅读格式。我们希望进一步增加已转换成合适的阅读格式的图书数量。到2018年，我们将开放数字市场中至少50%的内容。被转换成合适的数字阅读格式的图书数量会在2018年底增长至25%，达到每年2000册，到2018年底，50%以上的注册用户将读到已转换成合适阅读格式的电子图书。</p>
                </section>
                <section id="31">
                    <title>1.2.4 用户在任意客户端，都能体验到同一个图书馆的高效服务</title>
                    <p id="32">对于荷兰公民来说，图书馆只有一个，并且这个图书馆并不只是一家机构或一座建筑，而是人们能够实现所有可能性的场所和渠道。</p>
                    <p id="33">用户可以通过同一个图书馆体验实体和数字资源。有些倾向于实体资源的用户，不爱使用数字服务，有些倾向于数字资源的用户却不爱使用实体服务，另外还有些用户两种服务都使用，他们通过同一个图书馆便都能得到自己想要的服务体验。我们将致力于营造一种协同的数字“个人图书馆”环境。</p>
                    <p id="34">为达成这一目标，就要求所有图书馆设施互相协调配合。因此，荷兰国家图书馆的最终目标就是要让所有公共图书馆都参与到网络中来，并通过一种或多种方式体现其公共价值。</p>
                </section>
                <section id="35">
                    <title>1.2.5 用户被图书馆馆藏吸引并获得其提供的各类帮助</title>
                    <p id="36">阅读决定一切。当今的知识社会，80%的工作都与读写有关，如果要活跃于社会之中，良好的读写能力至关重要。促进阅读以及提升阅读的乐趣，是图书馆系统联盟中国家数字图书馆的核心活动。我们通过提供服务，消除半文盲并促使人们获得更好地发现信息价值的能力。</p>
                    <p id="37">图书馆不仅向用户提供信息，而且帮助他们从图书馆中筛选所需信息。对于国家数字图书馆的所有用户而言，从普通大众到学术团体，提供的服务都是平等的。我们将在图书馆范围内，为所有服务群体整合并提供由国家资助的各类公共数字活动。</p>
                </section>
                <section id="38">
                    <title>1.2.6 用户可以永久访问荷兰的图书、报纸、期刊以及国际科学出版物</title>
                    <p id="39">作为一座历史久远的图书馆，荷兰国家图书馆有责任收藏大量的实体资源；并自20世纪90年代开始，不断增加数字资源的收藏。作为实体资源储存功能的延伸，荷兰国家图书馆也收藏电子版的荷兰图书、报纸和期刊。我们还希望能够收藏一部分有代表性的荷兰网络信息（网络文档）。但目前荷兰电子书的数量增长尚不及预期，这也是我们仍在收藏大量纸质资源的原因。如果可能，我们的目标是逐步淘汰纸质馆藏，选择更多数字馆藏。在接下来几年里，我们会收紧数字保存领域的政策。如果出版商出于某种原因无法提供电子书，那么信息产品的延续性仍将得到保障。未来，必须保障学术团体和普通大众能够永久访问国家数字图书馆。</p>
                </section>
            </section>
        </section>
        <section id="40">
            <title>2 美国公共数字图书馆2015—2017年战略规划</title>
            <p id="41">2015 年1月，美国公共数字图书馆（DPLA）发布2015-2017年战略规划，提出了未来3年内的战略目标、核心价值和主要任务。</p>
            <section id="42">
                <title>2.1 战略目标</title>
                <p id="43">完成全美范围内服务中心集成网络建设，让各类机构、资源类型、资源主题得到适当呈现；全力建成技术平台使其提供多样化服务；开展DPLA推广计划，使其资源得到更广泛应用。DPLA目前主要由两个部门组成，一个关注内容，一个关注技术。</p>
                <section id="44">
                    <title>2.1.1 内容</title>
                    <p id="45">首要完成的战略优先项：在全美范围内建设服务中心网络，使每项希望加入DPLA的馆藏资源均可以进入其中；使资源更加多元化，让各类机构、资源类型、地理区域及资源主题得到适当的呈现。</p>
                    <p id="46">其次要完成的战略优先项：继续增加内容中心。为尚未纳入DPLA框架的特殊类型，如电子书、视听资源和研究型资源，建立专项。通过改进元数据方案和关联数据以及更好、更多的简化版声明来加强元数据。DPLA将在接下来的三年内继续快速扩张。目前主要遇到的瓶颈是缺少全方位覆盖的中心集成网络。</p>
                </section>
                <section id="47">
                    <title>2.1.2 技术</title>
                    <p id="48">首要完成战略优先项：保证DPLA的技术基础设施在未来不会过时，将其从适合发布部署的级别升级成更加严格、灵活和可拓展的体系结构；与国内外合作伙伴共同建立一个可持续的、创新的、强大的代码库，用以收集、储存和强化元数据；为服务中心开发一个普适的元数据整合系统；确保可以为所有内容编制索引，包括全文及元数据；简化收集过程，以便于馆藏最大化并规范化来自合作伙伴的新内容。</p>
                    <p id="49">其次要完成战略优先项：按照内容部门的要求，发布网站的二级区域，可用于支撑特殊的项目类型，如电子书、研究型资源和时效媒体；准备后备主机用于保存托管元数据外的一些数字内容；内容部门将在自动化、关联开放数据添加及其他元数据增强等方面与元数据专家开展合作。</p>
                </section>
            </section>
            <section id="50">
                <title>2.2 核心价值</title>
                <p id="51">最大限度开放可共享的文化遗产，大力推崇公共性理念，重视与多元机构和个人的合作，以及与公共图书馆一样，为公众提供免费、民主的知识获取。这些价值通过以下三个元素实现：一扇通往发现的门户，特点是拥有从全国范围内收集来的数百万资源项目及涵盖全球资源；一个平台，读者不仅可以通过网站得到服务，同时还可以通过创新APP和其他网站获取相应服务；为21世纪提供一个阅读和研究的公共选择，使美国延续其可民主获取知识的传统。</p>
            </section>
            <section id="52">
                <title>2.3 主要任务</title>
                <p id="53">加强推广、强调用户教育、增加资金来源以及扩大发展规模。</p>
                <section id="54">
                    <title>2.3.1 推广与教育</title>
                    <p id="55">首先完成的战略优先项：通过广泛宣传以及对那些可以从DPLA馆藏中获益的用户和社团开展有针对性的推广，来提升DPLA门户和平台的使用率。使用各种方法将DPLA广泛应用到从幼儿园到大学的课堂上。</p>
                    <p id="56">其次要完成的战略优先项：增加有关国家和地区重大事件及主题的活动；始终保持社区代表项目的活力；通过搜索引擎、社交媒体和传统媒体，更加关注优先资源的发现；将DPLA的集会活动变成常规且具有影响力的大型项目。</p>
                    <p id="57">在上线的第一年，DPLA获得大量关注，其门户和平台的使用量也很高。现在已拥有超过100万的在线用户，API点击量有900万之多。DPLA需要在接下去的3年内在多个领域有所行动。</p>
                </section>
            </section>
        </section>
        <p id="59">强大且持续增长的社区以及社区组织的现场活动，是支撑DPLA互动性价值的重要基石。DPLA是一个美国国内甚至国际范围内的大规模合作项目，其致力于维护大众及组织机构的多样化参与方式和话语权。DPLA将主要通过搜索引擎和社交媒体来增加与大众连接的数字化方式。但同时要让更多传统媒体加入，包括大众媒体，并使其在市场中承担一定的角色。最后但比较重要的一点是，DPLA将努力连接教育者和学生。</p>
        <p id="60">(1）向现场延伸</p>
        <p id="61">社区代表：DPLA的社区代表项目取得了巨大成功，来自各行各业的人向DPLA提供各领域资源。这些代表在图书馆、博物馆、科技企业以及学校开展了一系列公益活动，并为DPLA的内容和技术创造了众多精彩和实用的指导性资源。未来几年内，DPLA不断加大对该项目的重视程度，不断更新招募人员以满足多元化和地域化需求。此外，社区代表还作为内部观察团向DPLA提供关于内容、功能等方面的信息，帮助我们更好地制定规划概要。</p>
        <p id="62">DPLA集会：集会主要面向DPLA社区会员（包括图书馆员、档案管理员、馆长及另外一些文化遗产教授）、公众、教育者、学生以及各类对该项目感兴趣的人，让大家在此交换知识、想法，享受乐趣。DPLA集会将从2015年开始在全美各地巡回举办，协助各地区展示其具有地方特色的资源及项目，组织方将展示地DPLA和当地博物馆、图书馆、历史机构及一些文化遗产机构中比较著名的藏品。</p>
        <p id="63">(2）培训及编程马拉松</p>
        <p id="64">DPLA及其社区团体正日益增强自身作为数字图书馆和博物馆的创新知识库功能，并提升运营复杂合作型组织（如服务中心）的经验。DPLA能够利用这些经验和知识来为图书馆、档案馆、博物馆的专家、技术人员、软件开发者及其他一些在这类机构工作或热衷于此的人提供培训。</p>
        <p id="65">DPLA与公共图书馆的合作项目已经形成一个很好的模式，并接收了Bill&amp;Melinda Gates基金会的支持。该项目已在4个州拥有大量的公共图书馆员工作间，并正在开发可供广泛运用的数字培训课程。同时，DPLA员工和社区代表举办了数场编程马拉松活动，开发出许多创意软件用以数据处理及收集。最近，DPLA又发布了一系列关于如何举办编程马拉松的文件以及其他一些预计今年会举行的活动，这些活动将促进DPLA的使用。</p>
        <p id="66">(3）检索及媒体扩展</p>
        <p id="67">数字化将连接更多人，它同样在DPLA的推广延伸计划中扮演着相当重要的角色。现在，DPLA已经通过搜索引擎接收到50%的搜索通信量，但一些搜索引擎涉及的数据并没有那些使用了很久且高度完善的引擎准确。DPLA已采取措施确保收集到的内容通过搜索引擎编入系统，但还需要做一些优化使馆藏得到更好的呈现。</p>
        <p id="68">社交媒体是一个有效的扩展工具，通过Twitter、Facebook及Tumblr等，DPLA每天发布的一些推荐特殊资源的文章极受欢迎。二战海报在图片分享网站Imgur上的点击率超过了25万。与新闻媒体联系可以提高推广的成功概率，因此一个协同的新闻媒体战略，包括定期延展和共享联系人名单，将会特别有用。DPLA应该瞄准（并非通过垃圾邮件或无效电话）那些可以与别人分享信息的人建立长期合作关系，例如州和郡的社会研究协调人员，并特别关注州内及当地的公共图书馆员、大学师生、中学老师、家谱和家族历史研究团体、历史爱好者和技术组织及协会。</p>
        <p id="69">(4）教育</p>
        <p id="70">DPLA需要做更多事来适应并强调其在用户教育方面的价值。DPLA的资助机构Mrs.Giles Whiting基金会将参与一系列重要研究并重视与教育工作者的合作。在未来3年，将共同努力了解教育工作者的需求，关注怎样为其重要资源建立合适的体系框架，以便让学生及教师发现并有效地使用。DPLA已经开始关注如何让资源通过摘要和目录被教师使用；还必须调查关于学习的州级标准以及通用核心分类法来明确这些方法是否对DPLA的网站有帮助。DPLA努力的核心是通过更多、更好的拓展和连接来为任何机构组织提供优质的信息分享。</p>
        <p id="71">DPLA网页最受欢迎的部分是其资源展示板块。该板块涵盖美国历史及文化的重要主题。但目前展示的只是一小部分，因此还有很大的成长空间来扩展其他重要内容。这将作为DPLA教育战略的一部分，而且可以与数字化管理的相关课程联系在一起，或者作为执行具体战略的初始资源。DPLA要确定资源展示战略中需要优先完成的项目范围，包括主题范围（如历史、科学技术、文学、文化等），并重点关注哪些主题资源最受欢迎，以及谁在使用它们、如何发现他们，从而在馆藏建设过程中进一步完善发展战略。</p>
        <p id="72">(5）评估宣传推广方法</p>
        <p id="73">对宣传推广的方法开展评估是非常复杂的，这需要依靠一系列专业的评定方式。DPLA希望未来3年的网页浏览量能够显著增加，其将追踪在当地传统媒体、博客、社交媒体、图书馆、教师论坛及用户邮件中是否含有针对DPLA的报道，并且尝试将这些报道与具体的宣传推广阶段和方法联系起来。不仅如此，DPLA的电子邮件推送项目可以通过打开阅读、分享以及地区间转发次数等指标来进行评估，并能通过邮件清单程序来评价相关推广是否成功。</p>
        <p id="74">对于一些来自于个人家族研究领域、学校开展的创业项目、馆藏新艺术再利用等优质的评价结论，DPLA会更好地利用社区代表平台及网络来反馈这些数据。成功利用及再利用地DPLA馆藏资源的实际案例标志着宣传推广是成功的，尤其是那些通过开放可用的元数据和内容来改善无法使用DPLA的人们生活的方案，而不是大范围的、大量的点击率。</p>
        <p id="75">(6）资金来源及可持续发展战略</p>
        <p id="76">通过各种收入来源，包括公共和私人赞助、核心业务成本回收以及企业财团或会员的支持，实现到2017财年年底的可持续发展；在保持组织精简的同时，使员工数量随着资金和项目的增长而增长。</p>
        <p id="77">DPLA在建成初期得到很多基金公司的慷慨资助。2014财年，DPLA共计获得了250万美元的补贴。为了让DPLA的目标对公众和国内外产生更深远的影响，在初期比较薄弱的战略规划阶段，DPLA希望得到更多维持可持续发展的资金支持。</p>
        <p id="78">未来3年，DPLA必须通过增加资助和扩大收入来源来强化财政基础。DPLA会制定一个长期发展目标，通过多元化资助的模式来支持各项新举措；通过基金会、合作企业和个人慈善所提供的赞助来保证核心业务；通过各种活动的收入来实现成本回收；通过会员或赞助模式帮助大型社区或企业财团开展工作。</p>
        <p id="79">目前，DPLA已经开始采集关于收入来源的数据，并时刻关注其重要合作伙伴，同时，新任命的商业发展部主任将带领DPLA在未来几年内朝着上述目标不断努力。</p>
        <p id="80">DPLA现已得到博物馆及图书馆服务协会和国家人文基金会的大力援助，并得到联邦政府的额外补助，包括全国人文学科捐赠基金会和图书馆服务协会办事处的资金援助。但就目前来看，DPLA是唯一一家非政府全额资助的国家数字图书馆。</p>
        <p id="81">DPLA发展的可持续性主要取决于组织的发展规模。目前有11名全职员工，包括一名执行董事、一名主任、一名内容主任助理、一名数据服务协调员、一名技术主管、两名技术专家、一名元数据平台架构师、一名业务拓展主任、一名项目经理和一名项目协调员。而包括财务和会计工作等在内的后台操作全部外包给其他公司。从2015财年开始，DPLA将雇佣一个兼职财务经理来制订更多实质性财务计划，开展预算编制及其他一些比较重要的相关业务。</p>
        <p id="82">从长远看，DPLA明显需要在技术和内容上做一些延伸。在执行本规划时，需增加3～4个全职雇员，而这也取决于后续资金的多寡。对于内容创建部门，全职雇员需要负责进一步的元数据管理和优化处理以及质量控制。技术部门的全职雇员需要进行基础架构、API、web应用以及UI/UX（用户界面/用户体验）内幕开发。同时，在本规划实施期间，有必要增加一名宣传推广协调员。</p>
        <p id="83">2014 财年，DPLA的净收入约为150万美元，在雇员人数增加之后，2015财年的净收入会攀升至200万美元。鉴于组织现有规模以及未来预期的扩张趋势，预计至2017年年底，年度净收入将达到300万～350万美元。</p>
    </body>
    <bibliography/>
    <footnote/>
</article>
