<?xml version="1.0" encoding="utf-8" standalone="no"?>
<article id="6" type="standard" filename="result" version="2.1.1.1">
    <title>4 缩略语</title>
    <body>
        <p id="1">下列缩略语适用于本文件。</p>
        <p id="2">ABS制动防抱死系统（Antilock Brake System)</p>
        <p id="3">AES/EBU美国音频工程师协会/欧洲广播联盟（Audio Engineering Society/European BroadcastUnion)</p>
        <p id="4">CRC循环冗余校验（Cyclic Redundancy Check)</p>
        <p id="5">DSP数字信号处理（Digital Signal Processing)</p>
        <p id="6">HD高清晰度（High Definition)</p>
        <p id="7">HDR高动态范围（High Dynamic Range)</p>
        <p id="8">HLG混合对数伽马（Hybrid Log-Gama)</p>
        <p id="9">IP互联网协议（Internet Protocol)</p>
        <p id="10">MIC麦克风（Microphone)</p>
        <p id="11">PGM节目（Program)</p>
        <p id="12">PTP精确时间协议（Precision Time Protocol)</p>
        <p id="13">SDI串行数字接口（Serial Digital Interface)</p>
        <p id="14">SDR标准动态范围（Standard Dynamic Range)</p>
        <p id="15">SNMP简单网络管理协议（Simple Network Management Protocol)</p>
        <p id="22">SQD方形分割（Square Division)</p>
        <p id="16">UHD超高清晰度（Ultra High Definition)</p>
        <p id="17">UMD动态源名跟随（Under Monitor Display)</p>
        <p id="18">VIN车辆识别码（Vehicle Identification Number)</p>
        <p id="19">2 SI二样本交织（2 Sample Interleave)</p>
        <p id="20">3 Gbps-SDI 3 Gbps串行数字接口（3 Gbps Serial Digital Interface)</p>
        <p id="21">12 Gbps-SDI 12 Gbps串行数字接口（12 Gbps Serial Digital Interface)</p>
    </body>
    <prolog>
        <metadata>
            <cataloglink/>
            <phypage>8-9</phypage>
            <pubpage>2-3</pubpage>
        </metadata>
    </prolog>
    <bibliography/>
</article>
