<?xml version="1.0" encoding="utf-8" standalone="no"?>
<article id="44" type="book" filename="result" version="2.1.1.1">
    <title>第2节||数字图书馆的文献信息检索与利用</title>
    <body>
        <section id="1">
            <title>1 文献的概念、等级</title>
            <section id="2">
                <title>1.1 文献的概念</title>
                <p id="3">文献是记录有知识的一切载体（GB/T 3792.1—1983）。具体地说，文献是将知识、信息用文字、符号、图像、音频等记录在一定的物质载体上的结合体。在查新中，文献是科技文献的简称，是指通过各种手段（文字、图形、公式、代码、声频、视频、电子等）记录下科学技术信息或知识的载体。</p>
                <p id="4">由上述定义我们可以看出，文献具有三个基本属性，即文献的知识性、记录性和物质性。它具有存贮知识、传递和交流信息的功能。</p>
            </section>
            <section id="5">
                <title>1.2 文献的等级</title>
                <p id="6">依据文献传递知识、信息的质和量的不同以及加工层次的不同，人们将文献分为四个等级，分别称为零次文献、一次文献、二次文献和三次文献。</p>
                <p id="7">(1）零次文献</p>
                <p id="8">这是一种特殊形式的情报信息源，主要包括两个方面的内容：一是形成一次文献以前的知识信息，即未经记录，未形成文字材料，是人们的“出你之口，入我之耳”的口头交谈，是直接作用于人的感觉器官的非文献型的情报信息；二是未公开于社会即未经正式发表的原始的文献，或没正式出版的各种书刊资料，如书信、手稿、记录、笔记和包括一些内部使用通过公开正式的订购途径所不能获得的书刊资料。</p>
                <p id="9">零次文献一般是通过口头交谈、参观展览、参加报告会等途径获取，不仅在内容上有一定的价值，而且能弥补一般公开文献从信息的客观形成到公开传播之间费时甚多的弊病。</p>
                <p id="10">(2）一次文献</p>
                <p id="11">这是人们直接以自己的生产、科研、社会活动等实践经验为依据生产出来的文献，也常被称为原始文献（或叫一级文献），其所记载的知识、信息比较新颖、具体、详尽。一次文献在整个文献中是数量最大、种类最多、所包括的新鲜内容最多、使用最广、影响最大的文献，如期刊论文、专利文献、科技报告、会议录、学位论文等等，这些文献具有创新性、实用性和学术性等明显特征。</p>
                <p id="12">(3）二次文献</p>
                <p id="13">二次文献也称二级文献，它是将大量分散、零乱、无序的一次文献进行整理、浓缩、提炼，并按照一定的逻辑顺序和科学体系加以编排存储，使之系统化，以便于检索利用。其主要类型有、目录、索引等，如《中文科技资料目录》、《中国科技期刊数据库》等。二次文献具有明显的汇集性、系统性和可检索性，它汇集的不是一次文献本身，而是某个特定范围的一次文献线索。它的重要性在于使查找一次文献所花费的时间大大减少。</p>
                <p id="14">(4）三次文献</p>
                <p id="15">三次文献也称三级文献，是选用大量有关的文献，经过综合、分析、研究而编写出来的文献。它通常是围绕某个专题，利用二次文献检索搜集大量相关文献，对其内容进行深度加工而成。属于这类文献的有综述、评论、评述、进展、动态等，这些对现有成果加以评论、综述并预测其发展趋势的文献，具有较高的实用价值。</p>
                <p id="16">尽可能引用一次文献，经过加工的二、三次文献往往带有加工者的主观倾向，可靠性大大降低。</p>
            </section>
        </section>
        <section id="17">
            <title>2 信息检索的基本概念与原理</title>
            <p id="18">信息检索是指信息按一定的方式组织起来，并根据信息用户的需要找出有关的信息的过程和技术。狭义的信息检索就是信息检索过程的后半部分，即从信息集合中找出所需要的信息的过程，也就是我们常说的信息查寻，即指从信息资源的集合中查找所需文献或查找所需文献中包含的信息内容的过程。</p>
            <p id="19">信息检索原理：信息的存储是实现信息检索的基础。这里要存储的信息不仅包括原始文档数据，还包括图片、视频和音频等，首先要将这些原始信息进行计算机语言的转换，并将其存储在数据库中，否则无法进行机器识别。待用户根据意图输入查询请求后，检索系统根据用户的查询请求在数据库中搜索与查询相关的信息，通过一定的匹配机制计算出信息的相似度大小，并按从大到小的顺序将信息转换输出。</p>
        </section>
        <section id="20">
            <title>3 主要文献信息源</title>
            <p id="21">(1）科技图书</p>
            <p id="22">(2）科技期刊</p>
            <p id="23">(3）专利文献</p>
            <p id="24">(4）科技报告</p>
            <p id="25">(5）学位论文</p>
            <p id="26">(6）会议文献</p>
            <p id="27">(7）政府出版物</p>
            <p id="28">(8）标准文献</p>
        </section>
        <section id="29">
            <title>4 文献检索方法</title>
            <section id="30">
                <title>4.1 查找文献的基本方法</title>
                <section id="31">
                    <title>4.1.1 直接法</title>
                    <p id="32">直接利用检索工具（系统）检索文献信息的方法，这是文献检索中最常用的一种方法。它又分为顺查法、倒查法和抽查法。</p>
                    <p id="33">(1）顺查法</p>
                    <p id="34">按照时间的顺序，由远及近地利用检索系统进行文献信息检索的方法。这种方法能收集到某一课题的系统文献，它适用于较大课题的文献检索。例如，已知某课题的起始年代，现在需要了解其发展的全过程，就可以用顺查法从最初的年代开始，逐渐向近期查找。</p>
                    <p id="35">(2）倒查法</p>
                    <p id="36">倒查法是由近及远，从新到旧，逆着时间的顺序利用检索工具进行文献检索的方法。此法的重点是放在近期文献上。使用这种方法可以最快地获得最新资料。</p>
                    <p id="37">(3）抽查法</p>
                    <p id="38">抽查法是指针对项目的特点，选择有关该项目的文献信息最可能出现或最多出现的时间段，利用检索工具进行重点检索的方法。</p>
                </section>
                <section id="39">
                    <title>4.1.2 追溯法</title>
                    <p id="40">不利用一般的检索工具，而是利用已经掌握的文献末尾所列的参考文献，进行逐一地追溯查找“引文”的一种最简便的扩大信息来源的方法。它还可以从查到的“引文”中再追溯查找“引文”，像滚雪球一样，依据文献间的引用关系，获得越来越多的相关文献。</p>
                </section>
                <section id="41">
                    <title>4.1.3 综合法</title>
                    <p id="42">综合法又称为循环法，它是把上述两种方法加以综合运用的方法。综合法既要利用检索工具进行常规检索，又要利用文献后所附参考文献进行追溯检索，分期分段地交替使用这两种方法。即先利用检索工具（系统）检到一批文献，再以这些文献末尾的参考目录为线索进行查找，如此循环进行，直到满足要求时为止。</p>
                    <p id="43">综合法兼有常用法和追溯法的优点，可以查得较为全面而准确的文献，是实际中采用较多的方法。对于查新工作中的文献检索，可以根据查新项目的性质和检索要求将上述检索方法融汇在一起，灵活处理。</p>
                </section>
            </section>
            <section id="44">
                <title>4.2 文献信息基本检索方法</title>
                <section id="45">
                    <title>4.2.1 布尔检索</title>
                    <p id="46">利用布尔逻辑算符进行检索词或代码的逻辑组配，是现代信息检索系统中最常用的一种方法。常用的布尔逻辑算符有三种，分别是逻辑或“OR”、逻辑与“AND”、逻辑非“NOT”。用这些逻辑算符将检索词组配构成检索提问式，计算机将根据提问式与系统中的记录进行匹配，当两者相符时则命中，并自动输出该文献记录。</p>
                    <p id="47">下面以“计算机”和“文献检索”两个词来解释三种逻辑算符的含义。</p>
                    <p id="48">(1）“计算机”AND“文献检索”，表示查找文献内容中既含有“计算机”又含有“文献检索”词的文献。</p>
                    <p id="49">(2）“计算机”OR“文献检索”，表示查找文献内容中含有“计算机”或含有“文献检索”以及两词都包含的文献。</p>
                    <p id="50">(3）“计算机”NOT“文献检索”，表示查找文献内容中含有“计算机”而不含有“文献检索”的那部分文献。</p>
                    <p id="51">检索中逻辑算符使用是最频繁的，对逻辑算符使用的技巧决定检索结果的满意程度。用布尔逻辑表达检索要求，除要掌握检索课题的相关因素外，还应在布尔算符对检索结果的影响方面引起注意。另外，对同一个布尔逻辑提问式来说，不同的运算次序会有不同的检索结果。布尔算符使用正确但不能达到应有检索效果的事情是很多的。</p>
                </section>
                <section id="52">
                    <title>4.2.2 截词检索</title>
                    <p id="53">截词检索就是用截断的词的一个局部进行的检索，并认为凡满足这个词局部中的所有字符（串）的文献，都为命中的文献。按截断的位置来分，截词可有后截断、前截断、中截断三种类型。</p>
                    <p id="54">不同的系统所用的截词符也不同，常用的有?、$、*等。分为有限截词（即一个截词符只代表一个字符）和无限截词（一个截词符可代表多个字符）。下面以无限截词举例说明：</p>
                    <p id="55">(1）后截断，前方一致;</p>
                    <p id="56">(2）前截断，后方一致;</p>
                    <p id="57">(3）中截断，中间一致。</p>
                    <p id="58">截词检索也是一种常用的检索技术，是防止漏检的有效工具，尤其在西文检索中，更是广泛应用。截断技术可以作为扩大检索范围的手段，具有方便用户、增强检索效果的特点，但一定要合理使用，否则会造成误检。</p>
                </section>
                <section id="59">
                    <title>4.2.3 原文检索</title>
                    <p id="60">“原文”是指数据库中的原始记录，原文检索即以原始记录中的检索词与检索词间特定位置关系为对象的运算。原文检索可以说是一种不依赖叙词表而直接使用自由词的检索方法。</p>
                    <p id="61">原文检索的运算方式，不同的检索系统有不同的规定，其差别是：规定的运算符不同；运算符的职能和使用范围不同。原文检索的运算符可以通称为位置运算符。从Recon、Orbit和Stairs三大软件对原文检索的规定，可以看出其运算符主要是以下4个级别：</p>
                    <p id="62">(1）记录级检索，要求检索词出现在同一记录中；</p>
                    <p id="63">(2）字段级检索，要求检索词出现在同一字段中；</p>
                    <p id="64">(3）子字段或自然句级检索，要求检索词出现在同一子字段或同一自然句中；</p>
                    <p id="65">(4）词位置检索，要求检索词之间的相互位置满足某些条件。</p>
                    <p id="66">原文检索可以弥补布尔逻辑检索、截词方法检索的一些不足。运用原文检索方法，可以增强选词的灵活性，部分地解决布尔检索不能解决的问题，从而提高文献检索的水平和筛选能力。但是，原文检索的能力是有限的。从逻辑形式上看，它仅是更高级的布尔系统，因此存在着布尔逻辑本身的缺陷。</p>
                </section>
                <section id="67">
                    <title>4.2.4 加权检索和聚类检索</title>
                    <p id="68">(1）加权检索</p>
                    <p id="69">加权检索是某些检索系统中提供的一种定量检索技术。加权检索同布尔检索、截词检索等一样，也是文献检索的一个基本检索手段，但与它们不同的是，加权检索的侧重点不在于判定检索词或字符串是不是在数据库中存在、与别的检索词或字符串是什么关系，而是在于判定检索词或字符串在满足检索逻辑后对文献命中与否的影响程度。加权检索的基本方法是：在每个提问词后面给定一个数值表示其重要程度，这个数值称为权，在检索时，先查找这些检索词在数据库记录中是否存在，然后计算存在的检索词的权值总和。权值之和达到或超过预先给定的阈值，该记录即为命中记录。</p>
                    <p id="70">运用加权检索可以命中核心概念文献，因此它是一种缩小检索范围提高检准率的有效方法。但并不是所有系统都能提供加权检索这种检索技术，而能提供加权检索的系统，对权的定义、加权方式、权值计算和检索结果的判定等方面，又有不同的技术规范。</p>
                    <p id="71">(2）聚类检索</p>
                    <p id="72">聚类检索是在对文献进行自动标引的基础上，构造文献的形式化表示——文献向量，然后通过一定的聚类方法，计算出文献与文献之间的相似度，并把相似度较高的文献集中在一起，形成一个个的文献类的检索技术。根据不同的聚类水平的要求，可以形成不同聚类层次的类目体系。在这样的类目体系中，主题相近、内容相关的文献便聚在一起，而相异的则被区分开来。</p>
                    <p id="73">聚类检索的出现，为文献检索尤其是计算机化的信息检索开辟了一个新的天地。文献自动聚类检索系统能够兼有主题检索系统和分类检索系统的优点，同时具备族性检索和特性检索的功能。因此，这种检索方式在信息检索中大有用武之地。</p>
                </section>
                <section id="74">
                    <title>4.2.5 扩检与缩检</title>
                    <p id="75">扩检与缩检是检索过程中经常面临的问题。在联机检索时，由于机时的限制，用户应该在上机前就拟定好扩检与缩检的策略，也就是说，在拟定检索策略时，应该同时考虑如命中文献太少或太多时如何处理的办法。否则，会大大增加机时，而且不易得到满意的结果</p>
                </section>
            </section>
        </section>
        <section id="76">
            <title>5 文献信息检索途径</title>
            <p id="77">检索工具有多种索引，可以提供多种检索途径。一般来讲，检索途径可以分为以下四种：分类途径、主题途径、著者途径和其他途径。</p>
            <p id="78">(1）分类途径</p>
            <p id="79">分类途径是指按照文献资料所属学科（专业）类别进行检索的途径，它所依据的是检索工具中的分类索引。</p>
            <p id="80">分类途径检索文献关键在于正确理解检索工具的分类表，将待查项目划分到相应的类目中去。一些检索工具如《中文科技资料目录》是按分类编排的，可以按照分类进行查找。</p>
            <p id="81">(2）主题途径</p>
            <p id="82">主题途径是指通过文献资料的内容主题进行检索的途径，它依据的是各种主题索引或关键词索引，检索者只要根据项目确定检索词（主题词或关键词），便可以实施检索。</p>
            <p id="83">主题途径检索文献关键在于分析项目、提炼主题概念，运用词语来表达主题概念，是一种主要的检索途径。</p>
            <p id="84">(3）著者途径</p>
            <p id="85">著者途径是指根据已知文献著者来查找文献的途径，它依据的是著者索引，包括个人著者索引和机关团体索引。</p>
            <p id="86">(4）其他途径</p>
            <p id="87">其他途径包括利用检索工具的各种专用索引来检索的途径。专用索引的种类很多，常见的有各种号码索引（如专利号、入藏号、报告号等），专用符号代码索引（如元素符号、分子式、结构式等），专用名词术语索引（如地名、机构名、商品名、生物属名等）。</p>
        </section>
        <section id="88">
            <title>6 文献信息检索程序</title>
            <p id="89">文献检索工作是一项实践性和经验性很强的工作，对于不同的项目，可能采取不同的检索方法和程序。检索程序与检索的具体要求有密切关系，大致可分为以下几个步骤。</p>
            <p id="90">(1）分析待查项目，明确主题概念</p>
            <p id="91">首先应分析待查项目的内容实质、所涉及的学科范围及其相互关系，明确要查证的文献内容、性质等，根据要查证的要点抽提出主题概念，明确哪些是主要概念，哪些是次要概念，并初步定出逻辑组配。</p>
            <p id="92">(2）选择检索工具，确定检索策略</p>
            <p id="93">选择恰当的检索工具，是成功实施检索的关键。选择检索工具一定要根据待查项目的内容、性质来确定，选择的检索工具要注意其所报道的学科专业范围、所包括的语种及其所收录的文献类型等，在选择中，要以专业性检索工具为主，再通过综合型检索工具相配合。如果一种检索工具同时具有机读数据库和刊物两种形式，应以检索数据库为主，这样不仅可以提高检索效率，而且还能提高查准率和查全率。为了避免检索工具在编辑出版过程中的滞后性，还应该在必要时补充查找若干主要相关期刊的现刊，以防止漏检。</p>
            <p id="94">(3）确定检索途径和检索标识</p>
            <p id="95">一般的检索工具都根据文献的内容特征和外部特征提供多种检索途径，除主要利用主题途径外，还应充分利用分类途径、著者途径等多方位进行补充检索，以避免单一途径不足所造成的漏检。</p>
            <p id="96">(4）查找文献线索，索取原文</p>
            <p id="97">应用检索工具实施检索后，获得的检索结果即为文献线索，对文献线索进行整理，分析其相关程度，根据需要，可利用文献线索中提供的文献出处，索取原文。</p>
        </section>
        <section id="98">
            <title>7 文献信息检索工具</title>
            <p id="99">(1）计算机检索工具</p>
            <p id="100">(2）手工检索工具</p>
            <p id="101">(3）线索检索工具、原文检索工具、馆藏检索工具</p>
            <p id="102">(4）各类文献的网络检索工具</p>
            <p id="103">①图书信息检索工具</p>
            <p id="104">②学术期刊检索工具</p>
            <p id="105">③学位论文检索工具</p>
            <p id="106">④专利的检索工具</p>
            <p id="107">⑤标准信息的网上检索</p>
            <p id="108">(5）参考信息的网上检索工具</p>
            <p id="109">①百科知识</p>
            <p id="110">②人物信息</p>
            <p id="111">③地理信息</p>
            <p id="112">④时事、新闻</p>
            <p id="113">⑤网络版年鉴选介</p>
            <p id="114">⑥机构信息</p>
            <p id="115">⑦黄页信息</p>
            <p id="116">⑧词语信息</p>
            <p id="117">⑨统计信息</p>
        </section>
    </body>
    <bibliography/>
    <footnote/>
</article>
