<?xml version="1.0" encoding="utf-8" standalone="no"?>
<article id="8" type="standard" filename="result" version="2.1.1.1">
    <title>6 技术要求</title>
    <body>
        <section id="1">
            <title>6.1 基本配置要求</title>
            <section id="2">
                <title>6.1.1 高清晰度数字电视转播车基本配置要求</title>
                <p id="3">高清晰度数字电视转播车基本配置应符合表1的要求。</p>
                <figure id="4">
                    <title>表1 高清晰度数字电视转播车基本配置要求</title>
                    <image type="table" href="images/result_00400.jpg" placement="break">
                        <alt>表1 高清晰度数字电视转播车基本配置要求</alt>
                    </image>
                </figure>
                <figure id="5">
                    <title>表1 （续）</title>
                    <image type="table" href="images/result_00500.jpg" placement="break">
                        <alt>表1 （续）</alt>
                    </image>
                </figure>
            </section>
            <section id="6">
                <title>6.1.24 K超高清晰度数字电视转播车基本配置要求</title>
                <p id="7">4 K超高清晰度数字电视转播车基本配置应符合表2的要求。</p>
                <figure id="8">
                    <title>表2 4K超高清晰度数字电视转播车基本配置要求</title>
                    <image type="table" href="images/result_00800.jpg" placement="break">
                        <alt>表2 4K超高清晰度数字电视转播车基本配置要求</alt>
                    </image>
                </figure>
                <figure id="9">
                    <title>表2 （续）</title>
                    <image type="table" href="images/result_00900.jpg" placement="break">
                        <alt>表2 （续）</alt>
                    </image>
                </figure>
            </section>
        </section>
        <section id="10">
            <title>6.2 车体要求</title>
            <section id="11">
                <title>6.2.1 整车</title>
                <p id="12">车辆整体要求应符合A.1的规定。</p>
            </section>
            <section id="13">
                <title>6.2.2 车体建造</title>
                <p id="14">车体建造要求应符合A.2的规定。</p>
            </section>
            <section id="15">
                <title>6.2.3 验车</title>
                <p id="16">验车相关要求应符合附录B的规定。</p>
            </section>
            <section id="17">
                <title>6.2.4 配电及工作条件</title>
                <p id="18">6.2.4.1 配电</p>
                <p id="19">数字电视转播车配电应符合表3的要求。</p>
                <figure id="20">
                    <title>表3 数字电视转播车配电要求</title>
                    <image type="table" href="images/result_02000.jpg" placement="break">
                        <alt>表3 数字电视转播车配电要求</alt>
                    </image>
                </figure>
                <p id="21">6.2.4.2 空调</p>
                <p id="22">6.2.4.2.1 车内空调应采用专业的、符合环保标准的且达到国家一级能效比的冷暖空调装置。环境温度在-5ºC～45ºC时，在加电1h后，各工作区及分设空调控制器的车内人员工作区的工作温度应符合表4的要求，相对湿度应符合表5的要求；强制冷机柜内工作温度和相对湿度应符合表6的要求。应根据各类设备的发热量、散热进出风方式及方向，科学规范设计机柜空间布局，提升机柜制冷效果和效率，避免因部分设备排风方向特殊，阻滞机柜整体制冷循环气流。强制冷区域的空调系统应具备应急备份技术措施。</p>
                <p id="23">注：本条参考GB 37479—2019、GY/T 5043—2013。</p>
                <figure id="24">
                    <title>表4 工作区工作温度技术要求</title>
                    <image type="table" href="images/result_02400.jpg" placement="break">
                        <alt>表4 工作区工作温度技术要求</alt>
                    </image>
                </figure>
                <figure id="25">
                    <title>表5 工作区相对湿度技术要求</title>
                    <image type="table" href="images/result_02500.jpg" placement="break">
                        <alt>表5 工作区相对湿度技术要求</alt>
                    </image>
                </figure>
                <figure id="26">
                    <title>表6 强制冷机柜内工作温度、相对湿度技术要求</title>
                    <image type="table" href="images/result_02600.jpg" placement="break">
                        <alt>表6 强制冷机柜内工作温度、相对湿度技术要求</alt>
                    </image>
                </figure>
                <p id="27">6.2.4.2.2 冷凝水应能排出顺畅，不应漏入车厢。</p>
                <p id="28">6.2.4.2.3 空调系统设计应确保设备不凝露，不影响人员及设备正常工作。</p>
                <p id="29">6.2.4.2.4 车内应保证新鲜风的送入，应有自动换气装置，且对室外沙尘、雾霾有过滤功能。6.2.4.3照明</p>
                <p id="30">6.2.4.3.1 应配备检修照明、应急照明、场地照明。</p>
                <p id="31">6.2.4.3.2 每个工位应配备工作照明，照度应不小于300lx。应避免灯光直接照射到监视器屏幕上，监视器所在区域的灯光，一般显色指数应不低于85。</p>
            </section>
        </section>
        <section id="32">
            <title>6.3 工位及配置要求</title>
            <section id="33">
                <title>6.3.1 导演工位</title>
                <p id="34">负责节目的整体制作，把握节目制作流程及各工种的协调。应具备良好的视野，适当的工作台面，合适的照明，具备与各工种之间通话的能力。</p>
            </section>
            <section id="35">
                <title>6.3.2 助理导演工位</title>
                <p id="36">负责协助导演完成节目的整体制作。应具备良好的视野，适度的照明，具备与各工种之间通话的能力，具备信号副切的能力。</p>
            </section>
            <section id="37">
                <title>6.3.3 切换工位</title>
                <p id="38">负责机位调度、切换台操作、应急切换等。应具备良好的视野，适度的照明，具备与各工种之间通话的能力。</p>
            </section>
            <section id="39">
                <title>6.3.4 视觉工程师工位</title>
                <p id="40">负责图像画面的质量控制，应配置专业技术监视器、示波器等，应合理放置摄像机主控制面板、监视器、示波器等设备，具备所有摄像机信号、系统输出信号、外来信号等的选切、监看、监测的能力，具备与相关工种之间的通话能力。</p>
            </section>
            <section id="41">
                <title>6.3.5 字幕及包装工位</title>
                <p id="42">负责字幕及包装信号的编辑及播出。应具有合适的操作台面和显示器、鼠标、键盘等配套工具，具备与主、备系统之间的信号路由，具备与相关工种的通话能力。</p>
            </section>
            <section id="43">
                <title>6.3.6 编辑工位</title>
                <p id="44">负责节目及素材的编辑。应具备合理的工作台面、技术电源、信号通路等。</p>
            </section>
            <section id="45">
                <title>6.3.7 通用工位</title>
                <p id="46">用于节目审看、相关工位的扩展及临时设备接入及操作等。应配置合理的工作台面、监看设备、技术电源、信号通路、照明等，具备与相关工种之间的通话能力。</p>
            </section>
            <section id="47">
                <title>6.3.8 素材播放工位</title>
                <p id="48">负责素材插播。应合理放置播放器控制面板、监视器等设备，具备信号选切、监看的能力，具备与相关工种之间的通话能力。</p>
            </section>
            <section id="49">
                <title>6.3.9 慢动作制作工位</title>
                <p id="50">负责慢动作制作。应合理放置慢动作系统控制面板、监视器等设备，具备信号选切、监看的能力，具备与相关工种之间的通话能力。</p>
            </section>
            <section id="51">
                <title>6.3.10 技术监制工位</title>
                <p id="52">负责转播任务的整体把握，对数字电视转播车、转播系统和输入输出信号的状态实时监控，同时负责信号及节目技术质量的整体控制。应配置专业技术监视器，应合理放置摄像机总控制面板、监视器、示波器等设备，具备所有输入输出信号同时监看、监测的能力，具备所有信号的选择切换能力，具备与相关工种之间的通话能力。</p>
            </section>
            <section id="53">
                <title>6.3.11 系统工程师工位</title>
                <p id="54">负责系统和测试设备调试、网络系统设置、视频及通话系统设置、信号监看、摄像机图像调整等。应具备所有输入输出信号的选切、监看、监测能力，具备所有主体设备的控制配置能力，具有适当的工作台面、适度的照明，具备与所有工种之间的通话能力。</p>
            </section>
            <section id="55">
                <title>6.3.12 摄像机调整控制工位</title>
                <p id="56">负责摄像机光圈调整及参数设置。应配置专业监视器和示波器，应合理放置摄像机控制面板、监视器、示波器等设备，具备所负责摄像机信号同时监看、监测的能力，具备所负责的信号及主切信号之间的选择切换能力，具备与相关工种之间的通话能力。</p>
            </section>
            <section id="57">
                <title>6.3.13 录制工位</title>
                <p id="58">负责节目的录制、素材迁移等。应合理放置录制系统控制面板、监视器等设备，具备信号源选择能力，具备录像设备设置、录制信号监看、录像设备状态查看的能力，具备与相关工种之间的通话能力。</p>
            </section>
            <section id="59">
                <title>6.3.14 调音师工位</title>
                <p id="60">负责音频信号的制作。按照节目需求设计音频制作方案，合理安排话筒拾音，确定相关音频播放素材，对所有音频信号内容及质量负责，具备完善的音频信号混合、制作的能力。</p>
            </section>
            <section id="61">
                <title>6.3.15 助理调音师工位</title>
                <p id="62">辅助调音师工作，能够协助其完成音频信号的制作。协助主调音师规划音频制作方案，完成主调音师安排的相关话筒拾音、音频素材播放、流程节点提示、相关工位沟通等工作，具备一定的音频信号混合、制作能力。</p>
            </section>
            <section id="63">
                <title>6.3.16 音频技术工位</title>
                <p id="64">负责音频系统设置、音频设备调试、音频信号监控。具备所有音频信号的调度分配、监听监控的能力，具备所有主体设备的控制配置能力。</p>
            </section>
        </section>
        <section id="65">
            <title>6.4 视音频系统通用技术要求</title>
            <section id="66">
                <title>6.4.1 高清晰度视频系统通用技术要求</title>
                <p id="67">6.4.1.1 高清晰度数字电视转播车通道示意图</p>
                <p id="68">高清晰度数字电视转播车通道示意图见图5。</p>
                <figure id="69">
                    <title>说明：</title>
                    <image href="images/result_06900.jpg" placement="break">
                        <alt>说明：</alt>
                    </image>
                </figure>
                <p id="70">SDI信号IP信号</p>
                <p id="71">通道中路由必备设备通道中路由非必备设备</p>
                <p id="72">图5高清晰度数字电视转播车通道示意图</p>
                <p id="73">6.4.1.2 高清晰度数字视频通道接口特性</p>
                <p id="74">6.4.1.2.1 输出接口</p>
                <p id="75">高清晰度数字电视转播车数字视频通道输出接口特性应符合表7的要求。</p>
                <figure id="76">
                    <title>表7 高清晰度数字电视转播车数字视频通道输出接口特性要求</title>
                    <image type="table" href="images/result_07600.jpg" placement="break">
                        <alt>表7 高清晰度数字电视转播车数字视频通道输出接口特性要求</alt>
                    </image>
                </figure>
                <figure id="77">
                    <title>表7 （续）</title>
                    <image type="table" href="images/result_07700.jpg" placement="break">
                        <alt>表7 （续）</alt>
                    </image>
                </figure>
                <p id="78">6.4.1.2.2 视频参数</p>
                <p id="79">高清晰度信号输入/输出和超高清晰度信号输入/高清晰度信号输出的视频参数应符合GY/T 155—2000的规定。</p>
                <p id="80">6.4.1.2.3 信号格式与数据格式</p>
                <p id="81">高清晰度信号输入/输出和超高清晰度信号输入/高清晰度信号输出的信号格式与数据格式应符合GY/T 157—2000和GY/T 161—2000的规定。</p>
                <p id="82">6.4.1.2.4 CRC误码</p>
                <p id="83">CRC误码秒应为0。</p>
            </section>
            <section id="84">
                <title>6.4.24 K超高清晰度视频系统通用技术要求</title>
                <p id="85">6.4.2.1 4K超高清晰度数字电视转播车通道示意图</p>
                <p id="86">4 K超高清晰度数字电视转播车通道示意图见图6。</p>
                <figure id="87">
                    <title>说明：</title>
                    <image href="images/result_08700.jpg" placement="break">
                        <alt>说明：</alt>
                    </image>
                </figure>
                <p id="88">SDI信号IP信号</p>
                <p id="89">通道中路由必备设备通道中路由非必备设备</p>
                <p id="90">图6 4K超高清晰度数字电视转播车通道示意图</p>
                <p id="91">6.4.2.2 4K超高清晰度数字视频通道接口特性</p>
                <p id="92">6.4.2.2.1 输出接口</p>
                <p id="93">4 K超高清晰度（4×3Gbps-SDI）数字电视转播车输出接口特性应符合表8的要求。</p>
                <figure id="94">
                    <title>表8 4K超高清晰度（4×3Gbps-SDI）数字电视转播车输出接口特性要求</title>
                    <image type="table" href="images/result_09400.jpg" placement="break">
                        <alt>表8 4K超高清晰度（4×3Gbps-SDI）数字电视转播车输出接口特性要求</alt>
                    </image>
                </figure>
                <p id="95">四个3Gbps输出通道间的延时差应符合表9的要求。</p>
                <figure id="96">
                    <title>表9 四个3Gbps输出通道间的延时差要求</title>
                    <image type="table" href="images/result_09600.jpg" placement="break">
                        <alt>表9 四个3Gbps输出通道间的延时差要求</alt>
                    </image>
                </figure>
                <p id="97">载荷标识（Payload ID)(4×3Gbps-SDI）应符合表10的要求。</p>
                <figure id="98">
                    <title>表10 载荷标识（Payload ID)(4×3Gbps-SDI）技术要求</title>
                    <image type="table" href="images/result_09800.jpg" placement="break">
                        <alt>表10 载荷标识（Payload ID)(4×3Gbps-SDI）技术要求</alt>
                    </image>
                </figure>
                <p id="99">4 K超高清晰度（12Gbps-SDI）数字电视转播车视频通道输出接口特性应符合表11的要求。</p>
                <figure id="100">
                    <title>表11 4K超高清晰度（12Gbps-SDI）数字电视转播车视频通道输出接口特性要求</title>
                    <image type="table" href="images/result_10000.jpg" placement="break">
                        <alt>表11 4K超高清晰度（12Gbps-SDI）数字电视转播车视频通道输出接口特性要求</alt>
                    </image>
                </figure>
                <figure id="101">
                    <title>表11 （续）</title>
                    <image type="table" href="images/result_10100.jpg" placement="break">
                        <alt>表11 （续）</alt>
                    </image>
                </figure>
                <p id="102">载荷标识（Payload ID)(12Gbps-SDI）应符合表12的要求。</p>
                <figure id="103">
                    <title>表12 载荷标识（Payload ID)(12Gbps-SDI）技术要求</title>
                    <image type="table" href="images/result_10300.jpg" placement="break">
                        <alt>表12 载荷标识（Payload ID)(12Gbps-SDI）技术要求</alt>
                    </image>
                </figure>
                <p id="104">6.4.2.2.2 视频参数</p>
                <p id="105">超高清晰度信号输入/输出和高清晰度信号输入/超高清晰度信号输出的视频参数应符合GB/T41809—2022和GB/T 41808—2022的规定。</p>
                <p id="106">6.4.2.2.3 信号格式与数据格式</p>
                <p id="107">超高清晰度信号输入/输出和高清晰度信号输入/超高清晰度信号输出的信号格式与数据格式应符合GY/T 347.3—2021和GY/T 161—2000的规定。</p>
                <p id="108">6.4.2.2.4 CRC误码</p>
                <p id="109">CRC误码应为0。</p>
                <p id="110">6.4.2.2.5 视频指标</p>
                <p id="111">4 K超高清晰度输入/输出的通道视频指标应符合表13的要求。</p>
                <figure id="112">
                    <title>表13 4K超高清晰度输入/输出通道视频指标要求</title>
                    <image type="table" href="images/result_11200.jpg" placement="break">
                        <alt>表13 4K超高清晰度输入/输出通道视频指标要求</alt>
                    </image>
                </figure>
            </section>
            <section id="113">
                <title>6.4.3 音频系统通用技术要求</title>
                <p id="114">6.4.3.1 通路分类</p>
                <p id="115">按照声源设备输出信号类型的不同，将音频通路分为三种类型：</p>
                <p id="116">——通路Ⅰ：声源设备输出信号为麦克电平信号，此种类型的通路中包含话筒放大，典型通路见图7 a);</p>
                <p id="117">——通路Ⅱ：声源设备输出信号为模拟线路电平信号，典型通路见图7 b);</p>
                <p id="118">——通路Ⅲ：声源设备输出信号为AES/EBU信号，典型通路见图7 c)。</p>
                <figure id="119">
                    <title>a)通路Ⅰ-MIC输入典型通路</title>
                    <image href="images/result_11900.jpg" placement="break">
                        <alt>a)通路Ⅰ-MIC输入典型通路</alt>
                    </image>
                </figure>
                <figure id="120">
                    <title>b)通路Ⅱ-模拟输入典型通路</title>
                    <image href="images/result_12000.jpg" placement="break">
                        <alt>b)通路Ⅱ-模拟输入典型通路</alt>
                    </image>
                </figure>
                <figure id="121">
                    <title>c)通路Ⅲ-数字输入典型通路</title>
                    <image href="images/result_12100.jpg" placement="break">
                        <alt>c)通路Ⅲ-数字输入典型通路</alt>
                    </image>
                </figure>
                <p id="122">说明：</p>
                <p id="123">模拟信号AES/EBU信号SDI信号</p>
                <p id="124">图7音频典型通路</p>
                <p id="125">6.4.3.2 音频接口特性</p>
                <p id="126">数字音频信号应符合GY/T 158—2000的规定，数字音频接口特性应符合表14的要求。</p>
                <figure id="127">
                    <title>表14 数字音频接口特性要求</title>
                    <image type="table" href="images/result_12700.jpg" placement="break">
                        <alt>表14 数字音频接口特性要求</alt>
                    </image>
                </figure>
                <p id="128">6.4.3.3 音频通路特性</p>
                <p id="129">音频通路特性应符合表15的要求。</p>
                <figure id="130">
                    <title>表15 音频通路特性要求</title>
                    <image type="table" href="images/result_13000.jpg" placement="break">
                        <alt>表15 音频通路特性要求</alt>
                    </image>
                </figure>
            </section>
            <section id="131">
                <title>6.4.4 IP流数据格式</title>
                <p id="132">4 K超高清晰度视频及辅助数据的IP流数据格式应符合SMPTE ST 2110-20、SMPTE ST 2110-40的规定。高清晰度视频及辅助数据的IP流数据格式应符合SMPTE ST 2110-20、SMPTE ST 2110-40或SMPTE ST 2022-6的规定。音频IP流数据格式应符合SMPTE ST 2110-30或GY/T 304—2016的规定。</p>
            </section>
        </section>
        <section id="133">
            <title>6.5 同步特性技术要求</title>
            <section id="134">
                <title>6.5.1 三电平同步特性</title>
                <p id="135">三电平同步特性应符合表16的要求。</p>
                <figure id="136">
                    <title>表16 三电平同步特性要求</title>
                    <image type="table" href="images/result_13600.jpg" placement="break">
                        <alt>表16 三电平同步特性要求</alt>
                    </image>
                </figure>
            </section>
            <section id="137">
                <title>6.5.2 黑场同步特性</title>
                <p id="138">黑场同步特性应符合表17的要求。</p>
                <figure id="139">
                    <title>表17 黑场同步特性要求</title>
                    <image type="table" href="images/result_13900.jpg" placement="break">
                        <alt>表17 黑场同步特性要求</alt>
                    </image>
                </figure>
                <figure id="140">
                    <title>表17 （续）</title>
                    <image type="table" href="images/result_14000.jpg" placement="break">
                        <alt>表17 （续）</alt>
                    </image>
                </figure>
            </section>
            <section id="141">
                <title>6.5.3 PTP同步特性</title>
                <p id="142">PTP同步特性应符合GY/T 348—2021的规定。</p>
            </section>
        </section>
        <section id="143">
            <title>6.6 视音频相对延时技术要求</title>
            <p id="144">视音频相对延时范围应为-30ms～22.5ms。</p>
        </section>
        <section id="145">
            <title>6.7 IP通道通用技术要求</title>
            <section id="146">
                <title>6.7.1 通道定义</title>
                <p id="147">数字电视转播车典型IP通道见图8。串行数字视/音频信号经过IP网关封装成IP流，通过1台或多台交换机与数字电视转播车的其他设备连接，由IP调度系统建立、控制视/音频通道。</p>
                <figure id="148">
                    <title>图8 数字电视转播车典型IP通道</title>
                    <image href="images/result_14800.jpg" placement="break">
                        <alt>图8 数字电视转播车典型IP通道</alt>
                    </image>
                </figure>
            </section>
            <section id="149">
                <title>6.7.2 IP通道链路传输特性</title>
                <p id="150">IP通道链路传输特性应符合表18的要求。</p>
                <figure id="151">
                    <title>表18 IP通道链路传输特性要求</title>
                    <image type="table" href="images/result_15100.jpg" placement="break">
                        <alt>表18 IP通道链路传输特性要求</alt>
                    </image>
                </figure>
            </section>
            <section id="152">
                <title>6.7.3 传输流量整形指标</title>
                <p id="153">传输流量整形指标应符合表19的要求。</p>
                <figure id="154">
                    <title>表19 传输流量整形指标要求</title>
                    <image type="table" href="images/result_15400.jpg" placement="break">
                        <alt>表19 传输流量整形指标要求</alt>
                    </image>
                </figure>
            </section>
            <section id="155">
                <title>6.7.4 IP信号切换功能</title>
                <p id="156">IP信号切换功能应支持视音频净、静切换，在系统的IP信号切换过程中，不应出现黑场、花屏、静帧、爆音等现象。</p>
            </section>
            <section id="157">
                <title>6.7.5 冗余备份IP流倒换</title>
                <p id="158">冗余备份IP流倒换应实现无缝切换，切换过程中，不应出现黑场、花屏、静帧、抖动、爆音等现象。</p>
            </section>
            <section id="159">
                <title>6.7.6 双路信号时延差</title>
                <p id="160">双路信号时延差应符合表20的要求。</p>
                <figure id="161">
                    <title>表20 双路信号时延差要求</title>
                    <image type="table" href="images/result_16100.jpg" placement="break">
                        <alt>表20 双路信号时延差要求</alt>
                    </image>
                </figure>
            </section>
        </section>
        <section id="162">
            <title>6.8 音频区声学通用技术要求</title>
            <section id="163">
                <title>6.8.1 概述</title>
                <p id="164">本条适用于与视频系统在同一车底盘但独立分割出的音频区。</p>
            </section>
            <section id="165">
                <title>6.8.2 噪声</title>
                <p id="166">车内空调和设备工作时，音频区噪声应符合噪声评价曲线NR-40的要求。</p>
            </section>
            <section id="167">
                <title>6.8.3 混响时间</title>
                <p id="168">在100Hz～5kHz的范围内，混响时间应在0.1s～0.2s之间。</p>
            </section>
            <section id="169">
                <title>6.8.4 隔声量</title>
                <p id="170">车内外隔声量D                    <sub>1s,2m,nT,w</sub>≥30dB。</p>
            </section>
        </section>
    </body>
    <prolog>
        <metadata>
            <cataloglink/>
            <phypage>12-13-14-15-16-17-18-19-20-21-22-23-24-25</phypage>
            <pubpage>6-7-8-9-10-11-12-13-14-15-16-17-18-19</pubpage>
        </metadata>
    </prolog>
    <bibliography/>
</article>
