<?xml version="1.0" encoding="utf-8" standalone="no"?>
<article id="9" type="book" filename="result" version="2.1.1.1">
    <title>第5节||数字图书馆的服务模式</title>
    <body>
        <p id="1">数字图书馆发展的最终目标是为读者提供高质量的数字化服务，一方面在于数字环境下传统图书馆的数字化处理，另一方面在于内在服务平台的建设。与传统图书馆相比，数字图书馆有其自身的发展特点，这种在高技术的支撑下发展起来的数字图书馆，其服务对象、服务方式和服务手段等都发生了变化，以“用户信息活动”为基础是数字图书馆未来发展的方向。数字图书馆作为高校教育和科研的辅助机构，也面临着服务模式的转型和发展，其服务模式的转型发展大致需要经历以下三种循序渐进的发展模式。</p>
        <p id="2">(1）“被动”的无交互Web网站的服务模式</p>
        <p id="3">“被动”式无交互Web网站的服务模式是数字图书馆发展的最初模式，这种模式主要是采用无交互的网站模式来实现其服务，进行的是一种单向信息的传递模式。通常，不会考虑用户的具体需求，只是将整理后的数字资源以网页的形式或数据库的形式输入到电脑，用户自行取用，图书馆与用户之间根本不存在任何互动。</p>
        <p id="4">这种模式的发展结果就是图书馆不了解用户的需求，用户无法向图书馆反馈信息，不能从根本上解决图书馆发展的问题。这种“被动”式无交互Web网站的服务模式提供给用户的只是一种简单的服务指南。由于我国高校图书馆特殊的社会性质和地位，一直以来，其发展都是比较滞后的。目前，很多高校图书馆都是采用千篇一律的“阵地式”的被动服务模式，信息资源流动的单向性依然沿袭着传统的以“资源为中心”的服务模式。这种服务模式只注重馆藏文献资料系统的数字化加工，而不考虑用户信息需求的多维度和层次性，从而造成了严重的“资源闲置”与“用户需求无法满足”的两极分化现象，这也是现代图书馆门庭冷清的根本原因。所以，这种不能满足用户需求的“被动”服务模式必将被淘汰，一种逐步改良的“过渡”服务模式将取而代之。</p>
        <p id="5">(2）“过渡的”E-mail或Web表单服务模式</p>
        <p id="6">“过渡的”E-mail服务模式是指在数字图书馆的主页设置图书馆馆员的电子邮箱地址的链接，让用户点击进入网页之后，可以与馆员进行简单的交互。与“被动的”无交互Web网站的服务模式相比，这种简单的交互模式依然不能完全满足用户与图书馆之间的全面互动，但至少向用户提供了一种更加便捷、更加经济的信息渠道。由于这种服务模式要求的技术含量并不很高，所以比较容易实现。对于一些条件有限的数字图书馆来说，这种模式是一种简单易行的从“被动”转型为“主动”的“过渡”服务的模式。</p>
        <p id="7">Web表单方式是在纯粹的E-mail基础上改良的服务模式，用户要先填写一个Web表单，通过E-mail的形式将表单发送给图书馆员，图书馆员根据用户的需求，在规定的时间内，通过E-mail或电话的形式答复读者，这是一种“被动”服务向“主动”服务转化的中间模式。</p>
        <p id="8">“过渡的”E-mail或Web表单服务模式实现了图书馆馆员与用户之间的简单互动，不仅能满足用户的需求，还可以让图书馆尽快地得到用户的反馈信息，不断地完善图书馆的服务，从而最大化地体现数字图书馆的实质和含义。同时，这种简单易行，且行之有效的“过渡的”E-mail或Web表单服务模式能让高校图书馆在数字化时代走得更稳定、更快捷。</p>
        <p id="9">(3）“主动”的专业交互式Web网站服务模式</p>
        <p id="10">事物的发展总是从低级走向高级，当作为“过渡的”E-mail或Web表单服务模式发展到一定程度时，一种更加高级的服务模式自然而然地诞生了，这就是“主动”的专业交互式Web网站服务模式。</p>
        <p id="11">“主动”的专业交互式网站服务模式是数字图书馆网络服务的高级方式，主要是通过专业的交互式Web网站，图书馆馆员与用户之间进行即时互动交流，不仅可以增进用户和馆员之间的情感交流，而且馆员可以即时地了解用户的具体要求，并针对用户的需求制定服务方案，有利于图书馆的建设和管理。“主动”的专业交互式Web网站服务模式包括交互问答模式和个性化信息推送模式。</p>
        <p id="12">交互式问答模式实际上是一种在线聊天形式，用户与馆员之间进行心与心的在线交流，用户的需求直接反馈给馆员，馆员可以根据用户反馈的信息进行工作上的完善和改进，这是一种双向度的互动模式，不仅有利于满足用户的需求，而且能促进图书馆的建设。这种交互式问答模式起源于美国宾夕法尼亚大学商学院采用聊天软件提供实时信息咨询，后来被图书馆引入，开始在网上以聊天的形式接待用户，形成一种实时性数字化的服务。同时，图书馆员还可以帮助一些初次使用网络浏览器阅读书刊的用户，快速有效地阅读数字书刊。</p>
        <p id="13">个性化信息推送模式是指用户根据自己的需求自行设计数字图书馆的界面，并制定数字图书馆资源。这种模式用户是主动的，数字图书馆系统处于被动地位，数字图书馆只是根据用户的个性化需求定制和推送信息。当然，图书馆还应该重视数字资源的整合以便于用户更好地操作和使用。这种服务体现了“以用户为本”的服务思想，我国高校图书馆是从属于学校的辅助教学科研机构，其发展受高校整体发展水平的制约。如今，绝大多数高校图书馆处于数字图书馆发展的初级阶段，甚至依然沿袭传统图书馆的模式。当然，高级发展阶段需要复杂的技术和较高的馆员素质，在高校有限的条件下，其发展速度相当缓慢。</p>
        <p id="14">数字图书馆服务模式从“被动”的单向信息传递模式发展到“主动”的个性化信息推送模式，一方面体现了现代科技的进步，更有利于用户使用图书馆资源，将图书馆的资源发挥到最大限度；另一方面资源的丰富性和数字系统的复杂性给高校图书馆带来了巨大的挑战，其数字化的转型被日益提上日程。</p>
    </body>
    <bibliography/>
    <footnote/>
</article>
