<?xml version="1.0" encoding="utf-8" standalone="no"?>
<article id="30" type="book" filename="result" version="2.1.1.1">
    <title>第2节||国外一流研究型图书馆战略规划及其启示</title>
    <body>
        <p id="1">随着信息社会的快速发展，读者和科研人员对图书馆的依赖程度越来越低，如果图书馆仍维持现状，停滞不前，必将被淘汰。只有以用户需求为驱动，向研究型图书馆方向发展，才会使读者重新依赖图书馆的资源与服务。该如何设计自身的发展战略规划呢？通过文献调研，本书认为，以下几所国外图书馆协会及一流大学图书馆的战略规划比较明确并具有代表性，值得国内大学图书馆借鉴（如表5-2-1）。从以上几所国外图书馆协会及一流大学图书馆战略规划，可以得出以下几点启示。</p>
        <section id="2">
            <title>1 围绕“人”的建设和发展</title>
            <p id="3">“人”包括用户和馆员。首先树立“以用户为中心”的服务理念，用户的需求就是图书馆的服务方向。然后，建设高素质的馆员队伍，有意识、有能力地为用户提供高水平的资源与服务。</p>
        </section>
        <section id="4">
            <title>2 围绕“物”的建设和发展</title>
            <p id="5">“物”就是资源。一方面，在引进资源方面，不一定追求大而全，应注重特色；另一方面，应在资源整合方面下工夫，使用户不必大海捞针般地查找文献，而是有针对性地查找，节省了用户的时间。</p>
        </section>
        <section id="6">
            <title>3 围绕“事”的建设和发展</title>
            <p id="7">“事”就是服务，也就是高素质的馆员利用高质量的资源，为用户做什么事的问题。高校研究型图书馆不仅要作为教师和学生的图书借阅、资料查询等的服务载体，更要在提高整个学校科研水平上发挥先导性作用。应开展嵌入学科一线、融入科研过程的学科服务，切实成为科研人员的助手。只有这样，才能保证图书馆得以长期生存和发展。</p>
        </section>
        <section id="8">
            <title>4 我国一流大学图书馆建设模式探讨</title>
            <p id="9">我们将进一步对国内一流大学图书馆建设模式（如图5-2-1所示）进行探讨。</p>
            <figure id="10">
                <title>图5 -2-1国内一流研究型大学图书馆建设模式</title>
                <image href="images/result_01000.jpg" placement="break">
                    <alt>图5 -2-1国内一流研究型大学图书馆建设模式</alt>
                </image>
            </figure>
            <section id="11">
                <title>4.1 图书馆馆员应具有相应的素质水平</title>
                <p id="12">一所图书馆办得好坏，从人力资源角度看，主要取决于馆员，馆员的水平即图书馆的水平。因此，世界一流大学图书馆的馆长把广招天下英才，促进高质量馆员队伍的建设作为重要任务。这些图书馆之所以能在大学图书馆中独占鳌头，是因为他们有一批一流的馆员，能够把基础理论研究与应用相结合，并且在其研究领域具有超前性。</p>
                <p id="13">一流大学图书馆馆员应具备以下素质。</p>
                <p id="14">(1）具有全球视野和创新开拓精神，在专业领域具有较深造诣和非常高的学术研究水平，在图情领域具有一定的影响力和知名度，能够引领图书馆界的新潮流、新动向。</p>
                <p id="15">(2）具有指导和培养图情领域研究生的水平和能力。</p>
                <p id="16">(3）紧跟世界图书馆发展前沿，对新科技的发展和应用具有足够的敏感性和学习吸纳能力。</p>
                <p id="17">(4）能够积极参与具有前瞻性的研究活动，并能将科研成果与图书馆的服务实践进行有机结合。</p>
                <p id="18">(5）能把自己的专业知识与本校师生的专业知识相融合，帮助各类用户实现其学习和科研任务。</p>
            </section>
            <section id="19">
                <title>4.2 进行全方位的、具有学科深度的信息资源建设</title>
                <p id="20">从馆藏内容来说，一流研究型大学图书馆的馆藏不仅要丰富全面，更要考虑到学科特色。门类齐全，还要兼顾学科深度。从馆藏资源的类型来说，一流大学图书馆馆藏资源资源的载体形式要多样化，尤其电子资源需顺应时代发展要求，满足不同读者的个性化需求，并将更多的网络开放存取资源纳入图书馆的检索平台。从馆藏的影响力来说，一流大学图书馆的馆藏资源应具有突出的特色，在高校中具有一定的权威性和影响力。从馆藏资源的功能来说，一流大学图书馆的馆藏资源不仅能够满足本校读者的需求，还可以在联盟资源共享服务中承担服务馆的职能，为其他高校及社会提供文献资源服务。</p>
            </section>
            <section id="21">
                <title>4.3 建设集成知识服务的数字图书馆</title>
                <p id="22">目前，科研用户的需求逐步转向知识发现，因此，数字图书馆建设并不是单纯的资源数字化，而着重强调在提供数字资源的同时提供基于数字图书馆平台的知识挖掘、知识分析、知识组织服务。我们需要主动对文献数据进行知识层面的深度加工、分析，充分挖掘、揭示知识内容和知识关系，逐步将各种已有的文献数据库从检索工具转化为知识发现工具。此外，还要重视对资源的聚合，进行以知识为单元的整合和知识化组织，构建用户可以实时参与的、动态可操作、交互处理的知识平台，并支持跨文献、跨数据库的知识关联和知识发现。</p>
            </section>
            <section id="23">
                <title>4.4 建立嵌入式的学科服务模式</title>
                <p id="24">建立嵌入式的信息服务模式，应该从人员的嵌入、技术的嵌入和过程的嵌入3个方面入手。人员的嵌入，强调研究型图书馆的馆员要融入科研团队的基层，成为其科研项目的一员，及时全面了解科研需求，由此提供更具针对性的信息服务。技术的嵌入，表现为开发可用于用户桌面上的集成化检索存储工具。过程的嵌入，强调的是学科馆员从科研项目立项之初就进入项目组，从项目的调研、论证、立项到开展具体研究，提供全程的跟踪式服务。在每个过程中，为科研项目的运行提供技术和信息的支撑。</p>
            </section>
            <section id="25">
                <title>4.5 构建具有科研环境的信息共享空间</title>
                <p id="26">科学研究需要更多可以进行信息共享、交流和学习的空间。研究型、数字化图书馆应考虑对图书馆空间结构进行重组。将更多纸本文献集中到存储书库中，腾出更多空间规划成信息共享空间，包括电子化学习区、个人或群组交流学习空间。</p>
            </section>
            <section id="27">
                <title>4.6 具有科学数据的整合与保存能力</title>
                <p id="28">研究型图书馆对科学数据的管理可从如下两个方面入手。</p>
                <p id="29">(1）整合分布式数据。研究型图书馆需要对分布广泛的网络数据进行物理上的集中，建立相应的数据存储和处理中心，将相关联的数据进行整合、集成和链接，为个性化推送服务提供资源储备。</p>
                <p id="30">(2）长期保存数据。研究型图书馆应该担当起对数据进行长期保存的任务，研究其相应的法律责任、服务可靠性等，制定相应的数据资源长期保存策略，采取相应的措施，支持国际上开放获取信息资源的长期保存机制。</p>
                <figure id="31">
                    <title>表5 -2-1几所国外图书馆机构战略规划</title>
                    <image type="table" href="images/result_03100.jpg" placement="break">
                        <alt>表5 -2-1几所国外图书馆机构战略规划</alt>
                    </image>
                </figure>
                <figure id="72">
                    <title>续表</title>
                    <image type="table" href="images/result_07200.jpg" placement="break">
                        <alt>续表</alt>
                    </image>
                </figure>
            </section>
        </section>
    </body>
    <bibliography/>
    <footnote/>
</article>
