<?xml version="1.0" encoding="utf-8" standalone="no"?>
<article id="36" type="book" filename="result" version="2.1.1.1">
    <title>第4节||数字图书馆用户的身份认证</title>
    <body>
        <section id="1">
            <title>1 身份认证过程</title>
            <p id="2">(1)CA→U:user＿id,certificate(PK                <sub>u</sub>,SK                <sub>u</sub>)</p>
            <p id="3">其中CA代表数字图书馆的用户管理服务器；U代表用户；CA→U表示由用户管理服务器向用户发送信息；user＿id是该用户的标识号；certificate(PK                <sub>u</sub>,SK                <sub>u</sub>）是包含了用户公开密钥和私钥的数字证书。</p>
            <p id="4">(2)U→CA:use＿id,certificate(PK                <sub>ij</sub>),r                <sup>u</sup>
            </p>
            <p id="5">其中use＿id是该用户的标识号；certificate(PK                <sub>ij</sub>）是包含了用户公开密钥PK                <sub>ij</sub>的用户的证书，r                <sup>u</sup>表示用户选取的一个随机数，以明文方式传送。</p>
            <p id="6">(3)CA→U:certificate(PK                <sub>c</sub>),SKc (r                <sup>u</sup>),PKu(r                <sup>c</sup>)</p>
            <p id="7">其中certificate(PK                <sub>c</sub>）是用户管理服务器的证书，PKu(r                <sup>c</sup>）是由用户管理服务器生成并用用户公开密钥加密的另一个随机数，SK                <sub>c</sub> (r                <sup>u</sup>）表示用用户管理服务器的私有密钥对信息加密。</p>
            <p id="8">(4)U→CA:PK                <sub>c</sub>(SK                <sub>u</sub>(r                <sup>c</sup>))</p>
            <p id="9">整个认证过程如图6-4-2所示。</p>
            <figure id="10">
                <title>图6 -4-2身份认证过程</title>
                <image href="images/result_01000.jpg" placement="break">
                    <alt>图6 -4-2身份认证过程</alt>
                </image>
            </figure>
        </section>
        <section id="11">
            <title>2 认证过程说明</title>
            <p id="12">(1）由数字图书馆具有用户管理功能的服务器给每个合法用户分发数字证书。</p>
            <p id="13">(2）当用户与用户管理服务器建立连接时，向用户管理服务器发送认证请求信息。</p>
            <p id="14">(3）在用户管理服务器接收到信息后，采用用户管理的公开密钥验证证书的合法性，同时获得包括在证书中的请求登录用户的公开密钥，然后由用户管理服务器采用用户的公开密钥加密一个随机数，返回给用户。</p>
            <p id="15">(4）在用户收到用户管理服务器的回答后，首先验证证书的真伪。并得到用户管理服务器的公开密钥，用此公开密钥验证经用户管理服务器加密的信息，如果能得到自己发出的r                <sup>u</sup>，说明对方是用户管理服务器，因为只有用户管理服务器才能用它的私有密钥加密，并且，由于r                <sup>u</sup>是用户选择的随机数，所以攻击者不可能通过冒充先前截获的信息来达到目的。用户再用自己的私有密钥解密PK                <sub>u</sub>(r                <sup>c</sup>），得到r                <sup>c</sup>，最后用户发出返回信息。</p>
            <p id="16">(5）在用户管理服务器收到信息后，用自己的私有密钥解开信息，得到SK                <sub>u</sub>(r                <sup>c</sup>）；再用用户的公开密钥解密SK                <sub>u</sub>(r                <sup>c</sup>），如果能得到自己发出的随机数r                <sup>c</sup>，说明对方是合法用户。</p>
        </section>
        <section id="17">
            <title>3 认证过程的优点</title>
            <p id="18">(1）本认证过程具有不可否认性。这样，就可以完整地保护合法用户，最大限度地保障合法用户的利益不受侵犯。</p>
            <p id="19">(2）本认证过程具有健壮性。即本认证过程通过生成2个大随机数，可以保证传递的信息不可篡改，防止受到外来攻击者的冒名顶替。</p>
            <p id="20">这样，通过这一认证过程，用户的合法身份就可以得到数字图书馆管理系统的认证，进而访问数字图书馆的数字化资源。</p>
        </section>
    </body>
    <bibliography/>
    <footnote/>
</article>
