<?xml version="1.0" encoding="utf-8" standalone="no"?>
<article id="2" type="standard" filename="result" version="2.1.1.1">
    <title>前言</title>
    <body>
        <p id="1">本文件按照GB/T 1.1—2020《标准化工作导则第1部分：标准化文件的结构和起草规则》的规定起草。</p>
        <p id="2">本文件代替GY/T 222—2006《数字电视转播车技术要求和测量方法》，与GY/T 222—2006相比，除结构调整和编辑性改动外，主要技术变化如下：</p>
        <p id="3">——更改了规范性引用文件清单（见第2章，2006年版的第2章）；</p>
        <p id="4">——更改了术语和定义的内容（见第3章，2006年版的第3章）；</p>
        <p id="5">——增加了对数字电视转播车的概述（见第5章）；</p>
        <p id="6">——更改了高清晰度数字电视转播车基本配置要求（见6.1.1,2006年版的4.1);</p>
        <p id="7">——增加了4K超高清晰度数字电视转播车基本配置要求（见6.1.2);</p>
        <p id="8">——更改了车体要求（见6.2,2006年版的4.2);</p>
        <p id="9">——增加了工位及配置要求（见6.3);</p>
        <p id="10">——更改了视音频通用技术要求和测量方法（见6.4和7.1,2006年版的4.3、4.4、4.5、5.1和5.2）</p>
        <p id="12">——增加了同步特性和视音频相对延时的技术要求和测量方法（见6.5、6.6、7.2和7.3）；——增加了IP网络部分通用技术要求和测量方法（见6.7和7.4);</p>
        <p id="13">——更改了音频区声学通用技术要求和测量方法（见6.8和7.5,2006年版的4.6);</p>
        <p id="14">——删除了网络通讯接口要求（见2006年版的4.7）。</p>
        <p id="15">请注意本文件的某些内容可能涉及专利。本文件的发布机构不承担识别专利的责任。</p>
        <p id="16">本文件由全国广播电影电视标准化技术委员会（SAC/TC 239）归口。</p>
        <p id="17">本文件起草单位：中央广播电视总台、国家广播电视总局广播电视规划院、上海东方传媒技术有限公司、广东广播电视台、北京广播电视台、腾讯科技（北京）演播室技术中心、北京星光陆通视音频广播技术有限公司、北京锐驰思创影视文化有限公司、航天新长征电动汽车技术有限公司、北京环达汽车装配有限公司。</p>
        <p id="18">本文件主要起草人：姜文波、徐进、李岩、周磊、宁金辉、颜枫、姜柏宁、刘斌、甄占京、林云川、高磊、常树磊、李伟、宋润杰、安永茂、王世国、刘小根、王帆、袁跃、翟爽、赖旻、李洪占、谭昕。</p>
        <p id="19">本文件于2006年11月首次发布，本次为第一次修订。</p>
    </body>
    <prolog>
        <metadata>
            <cataloglink/>
            <phypage>5</phypage>
            <pubpage>5</pubpage>
        </metadata>
    </prolog>
    <bibliography/>
</article>
