<?xml version="1.0" encoding="utf-8" standalone="no"?>
<article id="33" type="book" filename="result" version="2.1.1.1">
    <title>第1节||数字图书馆用户关系管理的特点</title>
    <body>
        <p id="1">数字图书馆用户的基本特征是类型多、范围广、需求变化大，目前又以团体用户为主，集体统一购买某方面资源的使用权。在网络环境下，由于数字图书馆用户不受地域和空间的限制，可以较为全面地得到与需求相关的信息，因而具有更大的自由度。数字图书馆的用户关系管理具有如下的一些特点。</p>
        <section id="2">
            <title>1 数字图书馆用户关系管理体现的是一种新型管理理念</title>
            <p id="3">数字图书馆用户关系管理的核心思想是将用户关系作为一种重要的资源，对用户的需求进行深入分析，通过完善服务来满足用户的需求。它将注意力集中于用户发展，以便使潜在用户变成现实用户、现实用户变成忠诚用户，同时又通过满足用户的需求，与用户建立长期稳定的关系，从而不断拓展产品或服务的范围。数字图书馆用户关系管理是从“内视型”向“外视型”的视角转变，过去数字图书馆管理的着眼点在后台即资源建设，而对前台即直接面对用户服务等方面注意不够。随着数字图书馆服务的发展，完全依靠“内视型”管理模式难以适应新的发展要求，必须转变为以“外视型”的观念去研究和发展用户。</p>
        </section>
        <section id="4">
            <title>2 数字图书馆用户关系管理是一种新的管理机制</title>
            <p id="5">数字图书馆用户关系管理，旨在改善数字图书馆与用户之间的关系。它通过对用户的深入调查和分析研究，掌握用户全面或个性化的资料，并强化跟踪服务，建立和维护一系列制度，吸引和保持更多的用户，从而提高服务质量。另一方面则通过有关用户的信息共享，以用户的需要为出发点构建数字图书馆系统，完善对用户服务的形式，进而培养用户对数字图书馆系统的依赖关系。因此，数字图书馆用户关系是一种重在改善组织与用户之间关系的新型管理机制。</p>
        </section>
        <section id="6">
            <title>3 数字图书馆用户关系管理是一种管理战略</title>
            <p id="7">用户关系管理目的在于发现、了解、预测和管理现有或潜在的用户。数字图书馆用户关系管理通过搜集、跟踪和分析用户的有关信息，观察和研究用户的行为，使用户关系及时得到优化，有针对性地发展和管理用户关系，为用户提供相应的产品或服务，以实现用户价值最大化和数字图书馆收益最大化之间的平衡。数字图书馆用户关系管理涉及许多方面，是对数字图书馆与用户之间发生的各种关系进行全面管理，而不是数字图书馆某一方面或某一阶段的短期行为，是围绕用户的有关行为而进行有效管理的一种长期战略。</p>
        </section>
        <section id="8">
            <title>4 数字图书馆用户关系管理是一种现代管理技术</title>
            <p id="9">数字图书馆用户关系管理借助数据仓库、数据挖掘、知识发现、专家系统和人工智能等多种现代信息技术手段，建立一个能搜集、追踪和分析用户信息的系统，为数字图书馆用户服务和决策支持等提供一个自动化解决方案，实现数字图书馆由传统的人工管理模式向现代化管理模式的转变。实际上，目前有些数字图书馆系统本身就具有用户数据的自动收集、统计、分析功能。数字图书馆用户关系管理的一些新技术，如数据仓库技术、数据挖掘技术和知识发现技术等，有效地使数字图书馆用户数据的获取、模式发现、数据的积累、传播和共享更为快捷有效。</p>
        </section>
    </body>
    <bibliography/>
    <footnote/>
</article>
