<?xml version="1.0" encoding="utf-8" standalone="no"?>
<article id="32" type="book" filename="result" version="2.1.1.1">
    <title>第6章||数字图书馆服务的用户管理</title>
    <body>
        <p id="1">在数字信息资源快速增长，数字化技术、数字化信息资源的采集、组织与检索技术以及数字图书馆建设技术日益成熟的今天，如何使数字图书馆在资源共享、知识产权保护和系统运行效率之间找到一个适宜的结合点，并使数字图书馆的信息服务在满足一般用户普遍需求的基础上，能面向用户多元化、多层次的需求，提供主动的个性化、智能化信息服务，已经成为数字图书馆发展建设必须解决的重要问题。</p>
    </body>
    <bibliography/>
    <footnote/>
</article>
