<?xml version="1.0" encoding="utf-8" standalone="no"?>
<article id="41" type="book" filename="result" version="2.1.1.1">
    <title>第3节||数字图书馆资源的组织与管理</title>
    <body>
        <section id="1">
            <title>1 数字图书馆资源的评价</title>
            <section id="2">
                <title>1.1 数字图书馆信息资源绩效评价体系构建的意义</title>
                <p id="3">数字图书馆建设工作的重要一环是数字图书馆信息资源绩效评价，这是其自我完善的一个具体措施，建立数字图书馆信息资源绩效评价体系具有重要意义：一是可以使各数字图书馆对自身拥有的信息资源量、服务方式方法、信息利用手段等有一个正确认知和全面掌控，据此制定行之有效的整改举措，以促进数字图书馆不断向前稳步发展；二是数字图书馆信息资源绩效评价可以使各数字图书馆通过总结成功经验和失败教训，来加强馆内信息资源的优化设置和有效利用，在最大范围内尽可能发挥出数字图书馆的全部功能，为用户带来更为个性、贴心的满意服务；三是数字图书馆信息资源绩效评价可以使各数字图书馆比较直观、深刻地了解其影响因素和影响程度，为评价体系的构建提供重要依据。</p>
            </section>
            <section id="4">
                <title>1.2 存在的问题</title>
                <p id="5">我国数字图书馆信息资源的绩效评价目前处于探讨这一初级阶段，科学、普遍、可操作性强的整体规范尚未形成，其评价体系还只是一个大致雏形。目前已有的指标体系可以说各有所长，也各有不足，其绩效评价存在以下缺点：一是评价指标仍然侧重于单个或单种数字资源（如数据库）等的评价，未包含成本等方面的评价内容。评价内容简单，不够具体全面；二是评价指标仍然把定性指标和定量指标区分为主、辅两个层次；三是指标的合理性和前瞻性不强，指标的设计还存在不合理的地方，对数字图书馆的发展前景缺乏大致预测。上述缺陷的存在说明现有的数字图书馆信息资源绩效评价指标已不能适应新时期数字图书馆发展的需要，目前尚没有形成统一的简单易行的数字图书馆信息资源整体绩效评估指标体系和方法。</p>
            </section>
            <section id="6">
                <title>1.3 评价体系的构建</title>
                <section id="7">
                    <title>1.3.1 构建的原则</title>
                    <p id="8">在构建数字图书馆绩效评价指标体系过程中，应遵循以下几方面的原则。</p>
                    <p id="9">(1）科学性与合理性相结合的原则</p>
                    <p id="10">科学性原则是评价体系构建应遵循的最基本原则，要在综合分析信息资源的基本构成、系统平衡影响因素的基础上，对评价标准进行明确定位。同时还要结合其合理性对评价指标进行有效筛选，保证指标选择与层次划分具备逻辑性，做到结构合理，层次分明。</p>
                    <p id="11">(2）独立性与整体性相结合的原则</p>
                    <p id="12">独立性原则是指各指标要内涵明确清晰，尽量避免指标交叉、重复设置，以免出现“评价失真”现象。但评价体系作为一个有机整体，其指标之间还需要有逻辑关系，具备相关性能够相互补充、支撑，以形成一个系统、完整的有机体系。</p>
                    <p id="13">(3）全面性与代表性相结合的原则</p>
                    <p id="14">全面性原则是指评价体系要尽可能系统反映全部的评价内容，在不同层次上采取不同的评价指标，做到不遗漏主要因素，但并非多多益善，而是要抓住主要因素，突出重点，选取有代表性的评价指标，做到客观实际，便于比较。</p>
                    <p id="15">(4）定性分析与定量分析相结合的原则</p>
                    <p id="16">根据评价指标的显性、隐性两种特征，可分别采取定性或定量分析。如数字资源数量等指标可以获取相关数据，是显性指标，所涉及的数据资料易于收集，便于统计处理，可用定量分析法进行研究，其评价结果也可以量化表示。如馆员信息素养等指标获取不到相关数据，是隐性指标，可用定性分析法进行研究，通过一定的方法和途径对相关内容进行有效处理，尽量使其评价指标具备可比性。两者结合可以实现科学、全面评价。</p>
                </section>
                <section id="17">
                    <title>1.3.2 评价体系的构建</title>
                    <p id="18">依据数字图书馆“资源”“技术”“用户”和“项目运营管理”四要素，将其提取为4个一级评价指标、16个二级评价指标，以此对数字图书馆各维度效果进行全面评估（见图7-3-1）。</p>
                    <figure id="19">
                        <title>图7 -3-1数字图书馆信息资源绩效评价体系结构图</title>
                        <image href="images/result_01900.jpg" placement="break">
                            <alt>图7 -3-1数字图书馆信息资源绩效评价体系结构图</alt>
                        </image>
                    </figure>
                    <p id="20">(1）一级指标“数字资源”。“数字资源”由数字图书馆“内容层面”确定。数字信息资源是全面还是片面，正确还是错误，是否具备权威性和时效性等，都是对数字图书馆信息资源绩效衡量的重要依据。“数字资源”细分为“资源配置”“资源适用性”“资源特色性““资源更新性”和“资源整合能力”五个二级指标（见表7-3-1）。</p>
                    <figure id="21">
                        <title>表7 -3-1一级指标“数字资源”构成表</title>
                        <image type="table" href="images/result_02100.jpg" placement="break">
                            <alt>表7 -3-1一级指标“数字资源”构成表</alt>
                        </image>
                    </figure>
                    <p id="22">(2）一级指标“系统技术”。“系统技术”由数字图书馆“系统层面”确定。因为数字图书馆的储存空间非常巨大，所以就必须要有一个先进、有效、稳定的系统来储存，以保障用户的检索资料的信息行为。对储存系统的有效性进行评价，是衡量数字图书馆信息资源绩效的重要依据。“系统技术”细分为“检索界面”“检索方式”“检索效率”“系统速度”和“系统稳定性”五个二级别指标（见表7-3-2）。</p>
                    <figure id="23">
                        <title>表7 -3-2一级指标“系统技术”构成表</title>
                        <image type="table" href="images/result_02300.jpg" placement="break">
                            <alt>表7 -3-2一级指标“系统技术”构成表</alt>
                        </image>
                    </figure>
                    <p id="24">(3）一级指标“用户感知”。“用户感知”由数字图书馆“利用层面”确定。数字信息资源的存在，以其可用、适用的特性可以满足用户的信息需求，是评价体系的一个重要评价指标。“用户感知”细分为“用户满意”“用户互动”和“用户知晓”三个二级指标（见表7-3-3）。</p>
                    <figure id="25">
                        <title>表7 -3-3一级指标“用户感知”构成表</title>
                        <image type="table" href="images/result_02500.jpg" placement="break">
                            <alt>表7 -3-3一级指标“用户感知”构成表</alt>
                        </image>
                    </figure>
                    <p id="26">(4）一级指标“运营管理”。“运营管理”由数字图书馆“成本层面”确定。数字信息资源质量以及用户满意度，可以通过对比成本与收益之间的差距来体现，通过数字图书馆的“低成本”实现用户的“高满意度”，可以作为衡量信息资源绩效的一个有效标准。“运营管理”细分为“资源使用成本”“资源支出成本”和“人员培训成本”三个二级指标（见表7-3-4）。</p>
                    <figure id="27">
                        <title>表7 -3-4一级指标“运营管理”构成表</title>
                        <image type="table" href="images/result_02700.jpg" placement="break">
                            <alt>表7 -3-4一级指标“运营管理”构成表</alt>
                        </image>
                    </figure>
                </section>
                <section id="28">
                    <title>1.3.3 评价体系实践</title>
                    <p id="29">要实现数字图书馆信息资源绩效评价体系的有效运行，就要对其进行正确合理的有效操作，数字图书馆信息资源绩效评价体系实践流程如下（见图7-3-2）。</p>
                    <figure id="301">
                        <title>图7-3-2　数字图书馆信息资源绩效评价体系实践流程图</title>
                        <image href="images/result_30100.jpg" placement="break">
                            <alt>图7-3-2　数字图书馆信息资源绩效评价体系实践流程图</alt>
                        </image>
                    </figure>
                    <p id="32">在“用户调查”阶段，设计调查问卷（包括纸质、网络问卷），并结合数字图书馆实情对调查指标做出微调，以确保问卷的科学合理性；在“调查抽样”阶段，要对抽样规模进行有效控制，对抽样范围进行有效选择，以提升调查的可信度；在“数据统计”阶段，应用恰当的统计工具对调查数据进行计算；在“数据处理”阶段，对调查用户进行地域统计，计算评价指标的综合期望与感知差距；在“数据分析”阶段，采用某种分析法对已整理的调查数据进行细致分析，评价各变量是否存在联系，以及他们之间联系的程度。</p>
                </section>
            </section>
        </section>
        <section id="33">
            <title>2 数字信息资源的综合利用</title>
            <section id="34">
                <title>2.1 课题查询及论文搜集资料</title>
                <p id="35">一般来说，大学教育是我们从事专业性课题研究的开始，在进行科研活动时，一方面要借鉴前人和同行的研究成果，或解决问题，或在此基础上有所创新，另一方面要避免课题的重复研究，浪费无谓的精力和时间。文献及其他形式的信息资料是科学研究成果的载体，查询、了解、搜集特定的信息资料对于科学研究具有举足轻重的意义，并在研究活动中占用相当的时间和精力。在当今信息量激增，信息载体形式多样化的发展趋势下，信息资料的含义和范围也在日益延伸和扩大，这给我们查询和搜集资料既带来了方便，也带来了困难。</p>
                <p id="36">无论是为课题研究寻找答案，还是为学术论文写作积累资料，都涉及一个怎样运用科学的方法进行课题查询和怎样搜集和运用资料的问题。掌握信息检索的知识，特别是运用现代化的技术手段，利用丰富的数字化的信息资源，借助于有效的资料检索方法，便可以以最少的时间和精力获得最有用的资料，起到事半功倍的效果。具体地说，能够有效地利用现有的资源，熟悉各种检索方法和重要工具，进而具备检索信息、评估信息、组织信息及运用信息的能力。同时依照学术论文的格式撰写报告，是一个大学生进行独立学习及研究的重要能力与信息素养。</p>
                <section id="37">
                    <title>2.1.1 课题查询的方法</title>
                    <p id="38">课题查询是课题研究及论文写作的第一步。为获得满足研究需要的结果，查询一般要分五个步骤进行，即</p>
                    <p id="39">(1）分析研究课题；</p>
                    <p id="40">(2）选择参考资源或检索工具及确定检索范围；</p>
                    <p id="41">(3）确定检索途径和选择检索方法；</p>
                    <p id="42">(4）评估检索结果，优化检索策略；</p>
                    <p id="43">(5）对检索结果进行组织整理。</p>
                    <p id="44">课题有大有小，有深有浅，因此检索的难度和耗费的精力和时间也不一样，以上步骤为比较系统地进行课题查询的过程。不同的课题需要获得的信息类型和信息量都不一样，运用研究策略也有不同，我们可以在实践中灵活运用，个中的步骤也可以根据需要省减，或者循环重复，不断调整。</p>
                    <p id="45">(1）课题分析与研究</p>
                    <p id="46">在进行资料检索之前，必须对检索课题进行分析，明确检索目的，界定主题范围。通常我们可以从课题类型、信息的深度与广度、主题的时效性、资料的数据类型等方面进行分析。</p>
                    <p id="47">课题的类型主要包括下面几种情况：</p>
                    <p id="48">①寻找针对具体问题的准确答案，或解决问题，或作为论据和引证。查找事实或数值型信息大多属于此类。</p>
                    <p id="49">②查找特定文献，根据某一篇文献的线索查找原文，或已知某一作者，查询其所有发表的文章。</p>
                    <p id="50">③对某一问题做大致的了解，并就问题的一个方面，表述自己的观点撰写小型论文。</p>
                    <p id="302">④查阅某一专题的前沿和最新资料，了解研究动态、发展趋势。</p>
                    <p id="51">⑤对某一课题做全面的调查研究，了解该课题的整个发展过程。全面而细致地了解国内外有关的所有出版物的情况，不仅包括书籍、期刊、报纸、报告、政府出版物，还包括声像、多媒体等新兴的载体形式。年代范围不仅包括现期的资料，也要对过期的资料进行回溯，撰写综述或研究报告。</p>
                    <p id="52">⑥对某一课题做深入的专题研究，在充分掌握材料和该领域重要研究成果的基础上。提出创新性的具有一定学术水平的观点或论断，撰写研究报告或学术论文。</p>
                    <p id="53">在确定了检索课题的类型之后，我们可以在此基础上确定该课题需要多少信息？查检信息的广度与深度如何？对时效性有什么要求？对信息资料的数据类型是否有所限定或侧重？</p>
                    <p id="54">第①、②种检索课题的类型很简单，只要正确选择了检索工具和参考资源，便可以一步到位查到所需要的信息，很快地达到检索目的。有的课题（如第③种类型）可能只需要浏览一些简短的摘要或者参考几篇概论性文章就可以了。有的课题则需要搜罗各种翔实、深入的信息，才能圆满完成。</p>
                    <p id="55">从主题的时效性讲，第④种类型的检索课题，需要最原始、最新颖的第一手资料，需要参考最新的期刊、会议资料、未发表的预印本文献（pre.Print）；有些课题如第⑤种类型却讲求系统全面，必须以时间为轴做纵向、深度的考察。</p>
                    <p id="56">从参考的数字信息资源类型上讲，创新性的课题项目、研究成果或要求较高的学位论文必须保证取材的数量和学术质量达到一定的深度和广度，因此第⑥种类型应着重参考各种学术品质较高的期刊论文、会议论文、研究报告、学位论文、重要专著；而有的课题则可以参考一般的图书、教材、杂志、报纸甚至视听资料。</p>
                    <p id="57">检索课题分析的另外一项主要任务就是明晰检索的主题内容，提取主题概念，确定中文及相应的英文检索词。同时注意挖掘隐含的主题概念，将表达同一概念的同义词一一列出，并确定主题词之间的逻辑关系。例如查找“计算机”这个概念的信息，也要查询“电脑”，而二者之间是逻辑“或”的关系。</p>
                    <p id="58">(2）检索工具的选择及确定检索范围</p>
                    <p id="59">在根据课题分析的结果，确定了自己的检索目的和欲查找的内容之后，下一步就是选择适用的参考资源作为检索的工具。参考资源选对了，便可以花很少的时间获得丰富有价值的资料；相反，参考资源选得不合适，就如同大海捞针，最后的结果是所获无几。对检索工具的正确选择必须建立在对图书馆可利用资源的全面了解的基础上，同时充分认识各种参考资源的类型、内容、意义和功能。使用参考资源的原则：</p>
                    <p id="60">①一般来讲，学科属性是考察参考资源是否适用的首选因素。首先要保证所选择的资源与检索课题的学科一致；其次应考虑所选资源在该学科领域的权威性如何，尽量使用权威性的专业数据库作为检索工具。如：学化学的一定要查CA、Beilstein/Gmelin化学数据库，学生物的一定离不开BA或BP。</p>
                    <p id="61">②了解参考资源收编的范围和特色收藏。包括：资源收录的资料跨越的历史年代、覆盖的地理范围，是单语种还是包括多种语言，信息类型是什么，等等。</p>
                    <p id="62">③参考资源的检索方法和系统功能。</p>
                    <p id="63">④了解并有效利用检索系统的助检手段和辅助工具，如检索帮助、培训课程等。</p>
                    <p id="64">课题的检索范围包括时间、地理、文献形式和资料类型的范围。在实际的检索过程中，课题检索的范围实际受两个因素的制约，一是检索课题本身提出的要求，二是可利用资源的数量。前者我们可以参照上述的课题类型、检索课题的信息量、深度及时间要求来决定，后者则依赖于图书馆资源建设的状况。另外，检索的范围与该课题的学科特点也有很大关系，社会人文科学方面的课题受地域因素的制约，在资料的检索范围上也应当有所侧重，如有关中国社会问题的研究应着重参考有关的国内文献。对于科学技术特别是高科技领域如计算机或通信方面的课题，仅仅查阅国内的文献是不够的，必须重点查阅先进国家在这个方面的研究情况。</p>
                    <p id="65">(3）制定初步的检索策略和选择检索方法</p>
                    <p id="66">检索策略是指为实现检索目标而制定的检索计划和方案。检索策略的编制，往往要涉及各方面的知识和技能。例如，是否了解检索系统的特点与功能；是否熟悉所检数据库的结构、标引规则及词表结构；是否掌握了必要的检索方法及检索策略的优化技术；还要对课题的专业知识有深入的了解和分析。</p>
                    <p id="67">不同的课题，不同的检索目的，有不同的检索方法和策略。在进行检索的过程中，如何有效地制定检索策略呢？以下将就关键词检索、限制字段、检索技术三种常用的检索策略进行讨论。</p>
                    <p id="68">①用关键词检索</p>
                    <p id="69">关键词检索是最常用的检索策略，可以利用单字或词组找到在书刊名称、篇名和其他检索字段中出现相同单字或词组的资料。在制定检索策略的时候，我们首先要把头脑中的概念用关键词的形式表达出来。在有的数据库系统里，当我们做关键词检索时，等于是在数据中去找所有字段包括正文出现关键词的所有记录，也叫做自由关键词检索。所以，我们所用的关键词就决定了检索结果的好坏。用关键词检索要得到满意的结果，必须注意下面几个原则：</p>
                    <p id="70">A.选用涵盖主要主题概念的词汇。我们选择的关键词要能正确传达研究主题的中心概念。关键词必须能清楚地界定研究主题。</p>
                    <p id="71">B.选用意义明确的词汇，如图书馆利用教育或信息素养，而不要用一般的、共通性的字汇，如教育或信息之类省略描述的意义太广的概念词。</p>
                    <p id="72">C.选用实质意义的概念词，不要使用过长的词组或短语。检索时，系统是到资料库中去比对我们所输入的字汇，我们输入的短语或词组愈长，找到完全匹配的几率就愈小，因为作者并不见得就刚好用我们所输入的短语或词组来表达。例如：不要用“课题查询和论文收集资料的方法”来检索，而应该抽取主要概念，去除非实质意义的概念，以“课题查询”和“收集资料”来进行检索。</p>
                    <p id="73">D.选用各学科的专门用语来检索各学科的资料库。当我们检索的是专科资料库时，不能用一般性的词或通俗用语来做关键词，此时必须参考资料库里的专门术语。例如我们用“management”（管理）来查商业、经济管理方面的专门数据库ABI/INFORM（商业信息数据库）的话，检索出来的资料肯定会非常庞大的。而我们在医学数据库MEDLINE里查有关肾病的文献，用“kidney desease”（肾疾病）和医学术语“nephropathy”（肾病）检索的结果也是差别很大的。</p>
                    <p id="74">E.确定关键词的检索范围。有些数据库专门设计有关键词字段，使用关键词查询时，系统只检索这个字段；有些数据库的关键词查询的范围是题名，或包括摘要等几个主要字段；这些都会影响检索结果。关键词的检索范围可通过查看“帮助”文件找到答案。</p>
                    <p id="75">除此之外，我们还可以利用布尔逻辑来组合关键词，以扩大或缩小检索范围。</p>
                    <p id="303">②检索技术</p>
                    <p id="76">布尔逻辑组合关键词用以扩大或缩小检索范围的技巧，是最常被读者使用的检索方法，同时也是大多数据库都有提供的检索运算方式。常见的运算算符有下面三种：AND、OR、NOT。</p>
                    <p id="77">用若干关键词和逻辑运算符相连接，就可以组成一个完整的检索式，表达一个检索策略。目前比较成熟的检索系统除了保留了命令检索（command search）的检索方式外，更设计了为大多数的读者欢迎的菜单式的检索界面，用户通过例如下拉菜单等方式直接选择，而不必手工键入检索命令和逻辑算符，即可以构造复杂的检索表达式。</p>
                    <p id="78">位置算符（WITH、NEAR等）可以设定检索词之间的邻近关系，其功能与AND相似，但比AND更精确。</p>
                    <p id="79">有些数据库允许我们利用截断方式（truncation）查检结尾不同的字汇，来扩大检索范围。例如，我们只要输入“depress？”或“depress*”就可以一次找到下列这一组字的结果：depress、depressed、depression、depressive等，大部分的数据库都提供这种检索技巧，但是每个数据库所使用的截断符号都不尽相同，使用时必须参考检索说明或手册。更重要的是要谨慎使用截断，确定所选的字根是最适当的，不确定时应查阅英文字典。试想，如果查检“corn？”将会得到什么样的结果？有些资料库系统会自动做截断，即词根检索（stemming），找出同样字根的字汇。查看“帮助”（help），了解数据库的设定的方式，可以帮助我们构建更有效的检索策略。</p>
                    <p id="80">③指定字段检索</p>
                    <p id="81">指定字段检索可节省时间，提高文献的查准率。常用的检索字段有：题名（TI）、作者（AU）、出处（so）、摘要（AB）、出版年（PY）、文献类型（PT）、主题（SU）等。不同类型的数据库系统所包括的字段不尽相同，字段标识也不一样。如：在OCLC First Seareh系统MEDLINE数据库中，检索式“heroin IN AB”表示摘要中含有heroin的记录；“rat brain IN TI”表示题名中含有rat brain的记录；“Smith—J IN AU”表示作者名为SmithJ的记录；“review INPT”表示文献类型为综述的记录。</p>
                    <p id="82">注意使用标题词检索：题名检索除了具有查找特定文献的便捷功能外，还可以在搜集某一专题资料的时候，提高检索资料的相关性和精确性。这是因为文章的标题往往反映文章中心内容的焦点，符合人们思维习惯的方式。</p>
                    <p id="83">(4）评估检索结果，优化检索策略</p>
                    <p id="84">①评估检索结果</p>
                    <p id="85">在实施检索之后，我们对检索结果有一个大致的浏览，便可以确定初步的检索策略是成功还是失败。请观察系统的检索结果：A.记录是否提供你对所研究的课题有全面的认识和了解？B.记录是否涵盖部分或某些部分的研究课题？C.记录是否涵盖你的研究课题所包括的国家或地方的情况？D.记录是否涵盖其他国家或地方的情况？E.当你检查了数据库所显示的记录后，若发现以下三种情况：显现太多和研究课题不相关的记录；显现太少和研究课题相关的记录；没有和研究课题相关的记录。你必须重新思考并建立检索命题，对检索策略进行优化，进行缩检或扩检。</p>
                    <p id="86">②检索策略的优化</p>
                    <p id="87">A.检索的细化：即缩小检索范围，大致有以下几种细化方式。</p>
                    <p id="88">a.主题细化，如：中等教育-教学法，就是在“中等教育”主题下根据不同的次主题细分，使资料更为精确。或者用主题词表、索引词表选择更专指的主题词或关键词。</p>
                    <p id="89">b.通过浏览结果选择更专指的词。</p>
                    <p id="90">c.运用算符AND、NOT、WITH、NEAR等加以限制或排除。</p>
                    <p id="304">d.指定字段检索。</p>
                    <p id="91">e.从年代和地理及语言、文献类型上限制。例如：限定检索结果为书本或期刊等，大致会以下面这种形式呈现：美国-历史-连续性出版物；或某个主题在特定地点的资料，如：哲学-德国；或某地的特定主题，如：阿根廷-历史；等等。</p>
                    <p id="92">B.检索的扩展：</p>
                    <p id="93">a.对已确定的检索词进行其同义词、同义的相关词、缩写和全称检索，可保证文献的检全率，防止漏检。例：查找有关“计算机”的文献，其检索词也可以是“微机”、“电脑”。查“环境污染”除了输入检索词“环境污染”直接进行查询外，还可从“大气污染”、“水污染”、“化学污染”、“工业污染”等相关方面着手查询。</p>
                    <p id="94">b.利用系统的助检手段和功能，有的系统提供树形词表浏览，使我们可以用规范词、相关词、更广义的上位词进行扩展。有的系统如Elsevier的Science Server，可以直接提供相关性文献查找的功能，只要在检索结果列表中点击“相关文献”按钮（Relevant Reference），系统便自动搜索与选中结果主题最相关的文献。</p>
                    <p id="95">c.利用论文所征引的参考文献，当找到和课题相关的论文时，可参考其所征引的参考文献。同样还可以利用引文数据库，由找到一篇的相关文献开始，从文献引用与被引用的关系入手，采用“滚雪球”方式找到更多的相关的参考资料。</p>
                    <p id="96">d.使用运算符OR或截词符“*”或“?”。</p>
                </section>
                <section id="97">
                    <title>2.1.2 论文资料的搜集</title>
                    <p id="98">搜集积累资料是写作论文的基础。资料的类型包括两大类：一类是直接的、原始的，是有关研究对象的数据、事实甚至是活材料；另一类是间接的，前人或同行对研究对象的论述，是第二手资料。</p>
                    <p id="99">原始的资料是我们研究的主要来源和依据，如科学实验的数据、经济商业指数等，这些资料在搜集过程中，最应该注意的就是客观性。</p>
                    <p id="100">同时，间接的资料也是很重要的。我们可以从他人的研究中受到启发，还可以引用一些经过考证的事实资料作为旁证，或者从他人的论点中找出漏洞加以批驳，树立自己的观点。在搜集旁人的论述时，要充分利用发表的图书、论文、报告。</p>
                    <p id="101">当我们利用数据库、数字化期刊和其他资源找到一些信息之后，可以看到有的可以直接获得全文，有的只有二次文献线索，还需要据此查找到原始文献。但必须认清这样的一个事实，即并非所有资料都适合你的研究课题使用，并非所有找寻的资料都是可信的。因此有必要对所找寻的资料加以科学的分析、比较、归纳和综合研究，进行去粗取精，去伪存真的工作，以决定是否符合你的研究需要。从中筛选出可供学术论文作依据的材料。</p>
                    <p id="102">(1）分析研究资料</p>
                    <p id="103">资料的评估是持续的过程，也是一个复杂而又艰苦的思考过程，可能需要在检索和资料运用的过程中再认识、再评估、再调整。在选择适用的资料时，可以考虑下列问题：</p>
                    <p id="104">①是不是与研究主题相关？大部分的索引都附有摘要，可以帮助我们了解文章的内容。大部分的索引和目录也都有标题或关键词，是了解图书和论文的重要线索。此外，文章长度也是判断的依据。</p>
                    <p id="105">②是学术性文章，还是通俗文章？参考文献的学术质量和深度，是必须要考量的因素之一，高水平的资料可以大大提高我们对事物认识的深度，拓展视野，成为支持课题研究成果的有利论据，而水平一般或较差的文章，则会折损课题成果的说服力和撰写论文的品质；在这方面，刊载文献的原始出版物的质量也很重要，例如是否是核心期刊等。</p>
                    <p id="106">③是不是够新颖？要注意文献的出版年，引文数据库里可以浏览文章的参考书目，确定一下作者是不是参考引用了最新的信息。有些领域进步神速，一两年前的信息就已经过时了。例如：如果我们要做的是生物科技的研究，就得注意所参考的最好是两三年内出版的资料。反之，如果是研究数学等理论科学，那么旧一点的资料也是可以接受的。想想我们要研究的主题变化速度有多快，再决定我们所需要的信息的新颖程度，然后再从所找到的资料中，检查作者所引用参考的资料是否适用。</p>
                    <p id="107">④资料权威性如何，是否可信？考察一下作者的所属机构和学术经历，这些信息通常出现在作者的联系地址里面。</p>
                    <p id="108">(2）获取资料原文</p>
                    <p id="109">在对检索的资料分析筛选之后，如何获取原始文献在现实中是一个普遍存在的问题。因此要对可以利用的资源有全面的了解，有哪些电子文献可以直接利用？有哪些文献可以在图书馆找到？图书馆有哪些服务可以帮助你获取全文？可以按照以下基本的步骤试试看：</p>
                    <p id="110">①先电子后印刷，数字化出版物一般更新快、出版快，查询输出非常方便。</p>
                    <p id="111">②先近后远，可以先查所在图书馆的馆藏，如果没有，之后可以利用联合目录数据库，查到附近的图书馆或其他信息机构是否有收藏。</p>
                    <p id="112">③利用馆际互借及原文传递服务，许多图书馆设立有此项服务，难以获取的外文文献可以向国外的图书馆和文献提供机构求助。</p>
                </section>
                <section id="113">
                    <title>2.1.3 检索示例</title>
                    <p id="114">下面我们从三个方面介绍几个综合检索示例供大家参考。</p>
                    <p id="115">(1）查找具体问题的答案</p>
                    <p id="117">【示例一】在下列一段英文文章中，出现了一个缩略语FTE，请查出其含义：Official staff numbers in headcount and FTE for 1999:FTE decreased to 2,054 from 2,122 in1997;Employment of casual staff has decreased by 7%since 1997;FTE of Faculty of Business was largest,closely followed by Science……</p>
                    <p id="118">分析：查找词语的意义，应当借助字典词典，我们可以应用的电子字典很多，但因为是查缩略语的含义，对于该题目最好是参考专门的缩略语字典。</p>
                    <p id="119">如选择网上免费词典：http：//www.acronymfinder.com，查到FTE可能是以下短语的缩写：</p>
                    <p id="120">FTE Full.Time Equivalent</p>
                    <p id="121">FTE Facilities,Terminals,and Equipment</p>
                    <p id="122">FTE Factory Test Equipment</p>
                    <p id="123">FTE Flight Test Engineer</p>
                    <p id="124">FTE Functional—Technical Expert</p>
                    <p id="125">FTE Full Time Employment</p>
                    <p id="126">根据上下文的意思，可确定文中的FTE对应的意思应该是“Full Time Employment”即全日制工作或学习的人。</p>
                    <p id="127">【示例二】查《飘》的著者玛格丽特•米切尔的生平传记，不能确知姓名的拼法，只知道其代表作为Gone with the wind，米切尔应为mi???，根据这两个信息，选择一种合适的数据库，用最有效率的方法检索出相关信息。</p>
                    <p id="128">分析：该题目是要检索某一事实，具体来说是要查找作家传记资料，我们就可以考虑直接选用GaleNet系统的“传记资源中心”（Biography Resource Center）或“文学资源中心”（Literature Resource Center），运用系统所提供的可以使用词截断的模糊查询技术，同时使用系统的高级检索方式，进行多个检索条件的组合，很快查检到准确信息。</p>
                    <p id="129">步骤：</p>
                    <p id="130">①选用GaleNet系统Literature Resource Center数据库；</p>
                    <p id="131">②打开Title Search，在作品名称内输入gone with the wind，限制选为Match words exactly as entered；作者名称输入mi，限制选为Start of last name;</p>
                    <p id="132">③可知作者的名字是Mitchell,Margaret;</p>
                    <p id="133">④在Biography Resource Center库中用Custom Search方法查找，输入人物名称；Mitchell,Margaret，职业是Author，之后查找即可得所查作者的详细资料。</p>
                    <p id="134">(2）小型课题查询</p>
                    <p id="135">【示例三】了解一些西方媒体关于恐怖主义与阿富汗战争的有关论点和报道。</p>
                    <p id="136">分析：该课题是对某一问题做大致的了解，不求查全，最好是能够比较快速准确地获取有代表性的文章，并且可以直接获取全文。因此可以使用ProQuest的“学术期刊图书馆”（Academic Research Library）全文库，该库收录有西方许多重要媒体报章，如《纽约时报》（New York Times）等。另外，该系统的检索功能与主题查询方式可以满足准确查询的要求。</p>
                    <p id="137">检索时间：2002年10月。</p>
                    <p id="138">步骤：</p>
                    <p id="139">①用ProQuest的Academic Research Library全文库。</p>
                    <p id="140">②使用基本检索方式：输入检索式terro?and Afghan?war；结果限定为全文。</p>
                    <p id="141">（注：“？”在ProQuest检索系统里表示后截断，如terro？将找出terrorism、terrorist、terroristic等检索词的文章，Afghan？将查出Mghan、Mghanistan、Mghanistani)</p>
                    <p id="142">③查出65篇全文，浏览结果，显示一篇相关文献，查看文献中的主题词，选择合适的主题词进行下一步的主题词检索（注：使用主题词检索，是一种比较全面准确的检索策略）。</p>
                    <p id="143">④使用Guided Search检索方式，设定检索字段和检索式：Subject（主题）：terrorism</p>
                    <p id="144">Subject:war or attack</p>
                    <p id="145">Geographic Name（地名）：Afghanistan；结果限定为全文；时间为2001—2002年</p>
                    <p id="146">⑤共查出542篇全文。其中一篇是从国际法的角度来研究阿富汗战争。文中文摘提到：对于在阿富汗采取的军事行动是否是正义的这一问题，可能永远没有使人满意的答案。因为一个人对这个问题的态度在于其背景、个人经历、宗教信仰及动机。甚至在国际法领域，目前仍存在着引起争议的空间。</p>
                    <p id="147">⑥文章里有几幅照片，其中一幅拍的是阿富汗人民的困境，图片标题是：恐怖主义和战争，对于阿富汗受害民众来说，正如贫困与饥饿一样并不是抽象的问题。</p>
                    <p id="148">(3）综合性课题查询</p>
                    <p id="149">【示例四】对有关尖晶石结构巨磁电阻材料的研究进展进行全面的调查研究。</p>
                    <p id="150">分析：该课题所涉及的专业为化学和物理学的交叉学科。由于调查的对象是学科领域的前沿进展，创造性是科技信息的生命，因此查找的文献应当突出新颖性。同时要全面调查国际范围的研究状况，注意系统性，在文献地域方面要注意全面，兼顾国内和国外的研究成果。另外，由于是有关新材料、新方法的科技成果，在查资料的时候不能光查期刊论文，专利和科技成果数据库是科技课题查询的重要信息源。</p>
                    <p id="151">检索策略：</p>
                    <p id="152">①年限：1995年至今；</p>
                    <p id="153">②关键词：（尖晶石）AND（磁电阻OR巨磁电阻）；</p>
                    <p id="154">③英文关键词：（spinel)AND(magnetoresistance OR magneto-resistance);</p>
                    <p id="155">④数据库：A.参考数据库：SCl、CA、INSPEC、CSA;B.全文数据库及电子期刊：ElsevierScience电子期刊、Springer电子期刊、英国皇家物理学会电子期刊、美国物理学会电子期刊和“中国期刊网”；C.专利及科技成果数据库：Derwent Innovations Index(DII）、中国专利数据库、中国科技成果数据库；D.博硕士学位论文库：ProQuest Digital Dissertation(PQDD）、北京大学学位论文库、万方的中国学位论文数据库。</p>
                    <p id="156">查出主要的参考文献如下：</p>
                    <p id="157">①期刊论文索引</p>
                    <p id="158">A.Yang ZR,Tan S,Zhang YH</p>
                    <p id="159">Colossal magnetoresistance effect in the inverse spinel FeCr2-xGaxS4</p>
                    <p id="305">PHYS REV B 65(18):art.no.184404 MAY 1 2002</p>
                    <p id="160">B.Kim SJ,Kim WC,Sur jc,et a1.</p>
                    <p id="161">Magnetic and e[ectron transport properties in CoO.1FeO.9Cr2S4J MAGN MAGN MATER 239(1-3):100-102 Sp.Iss.SI FEB 2002C.Branford W,Green MA,Neumann DA</p>
                    <p id="162">Structure and ferromagnetism in Mn4+spinels:AM(0.5)Mn(1.5)0(4)(A=Li,Cu;M=Ni,Mg)</p>
                    <p id="163">CHEM MATER 14(4):1649-1656 APR 2002</p>
                    <p id="164">D.Choi S,Manthiram A</p>
                    <p id="165">Chemical synthesis and properties of spinel Lil-xC0204-deltaJ SOLID STATE CHEM 164(2):332.338 MAR 2002</p>
                    <p id="166">E.Koroleva LI,Demin RV,Warczewski J,et a1.</p>
                    <p id="167">Giant magnetoresistance in spinel CuCrl.6Sb0.4S4</p>
                    <p id="168">PHYS STATUS SOLIDI A 189(3):853-857 FEB 23 2002②期刊论文全文</p>
                    <p id="169">A.Magnetic properties and magnetoresistance effect of Nil?xMnxFe204 sintered ferritesSolid State Communications Volume:115,Issue:5,June 19,2000,PP.233-235</p>
                    <p id="170">Hu,Jifan;Qin,Hongwei;Wang,Yizhong;Wang,Zhenxi;Zhang,Shougong.B.Colossal magnetoresistance of oxide spinels,CoxMn3?x04</p>
                    <p id="171">Materials Letters Volume:39,Issue:6,June,1999,pp.311-317Philip,John;Kutty,T.R.N.</p>
                    <p id="172">C.Magnetic properties and electron—transport properties in Fe0.92Cr2S4</p>
                    <p id="173">Journal of Magnetism and Magnetic Materials Volume:226-230,Part 1,May,2001,PP.518-520</p>
                    <p id="174">Kim,Sam Jin;Kim,Woo Chul;Lee,Bo Wha;Sur,Jung Chul;Kim,Chul SungD.Magnetic properties and electron-transport properties in Fe0.92Cr2S4</p>
                    <p id="175">Journal of Magnetism and Magnetic Materials Volume:226-230,Part 1,May,2001,PP.518-520</p>
                    <p id="306">Kim,Sam Jin;Kim,Woo Chul;Lee,Bo Wha;Sur,Jung Chul;Kim,Chul Sung</p>
                    <p id="177">E.Effects of light-irradiation on spin-glass state and magnetoresistive properties of Zn0.5Co0.5Fe204 spinel ferrite films</p>
                    <p id="307">Solid State Communications Volume:120,Issue:5-6,October 8,2001,PP.255-258</p>
                    <p id="179">Muraoka,Yuji;Tabata,Hitoshi;Kawai,Tomoji</p>
                    <p id="180">F.Magnetic and electron transport properties in CoO.1 Fe0.9Cr2S4</p>
                    <p id="181">Journal of Magnetism and Magnetic Materials Volume:239,Issue:1-3,February,2002,PP.100-102</p>
                    <p id="182">Kim,Sam Jin;Kim,Woo Chul;Sur,Jung Chul;Kim,Chul SungG.篇名巨磁电阻材料及其研究进展</p>
                    <p id="183">作者严纯华、黄云辉、王哲明、廖春生、徐光宪</p>
                    <p id="184">关键词巨磁电阻、钙钛矿、烧绿石、尖晶石</p>
                    <p id="185">中文刊名《化学通报》1998年07期</p>
                    <p id="186">①学位论文</p>
                    <p id="187">【作者】徐志刚</p>
                    <p id="188">【毕业学校】北京大学</p>
                    <p id="189">【答辩时间】1999.05</p>
                    <p id="190">【培养单位】化学与分子工程学院</p>
                    <p id="191">【学位名称】理学硕士</p>
                    <p id="192">【中文题名】钴铁氧体、稀土锰氧化物纳米材料及其复合颗粒体系的软化学合成和性质研究</p>
                    <p id="193">【专业】无机化学</p>
                    <p id="194">【导师】严纯华</p>
                    <p id="195">【导师单位】北京大学化学与分子工程学院</p>
                    <p id="196">【关键词/主题词】软化学方法钴尖晶石铁氧体稀土掺杂锰氧化物复合材料磁学性质巨磁阻效应</p>
                    <p id="197">检索分析：通过对上述数据库、期刊的查询，得到一些相关文献，得出以下结论：</p>
                    <p id="198">从目前的研究整体来看，这些文献还只是论述某一种尖晶石的结构及性质，或者只是偶尔的提及尖晶石的磁电阻性质，但还缺乏更深刻的探讨和全面的理论分析，也没有对整体尖晶石结构的磁电阻性质的综述及其可预测的新的改善的性能。</p>
                </section>
                <section id="199">
                    <title>2.1.4 小结</title>
                    <p id="200">检索与搜集资料一定要有必要的知识和技能上的储备，其中包括学科专业知识，也包括对图书馆资源的认知及用现代化的检索手段搜集资料的技能。在做课题查询的时候，要注意：对同一个检索课题的查询可以有不同的途径，要多做尝试。有的时候可能不能直接达到检索目标，要采用迂回的方式，逐渐逼近答案。</p>
                    <p id="201">2.1.4.1 学位论文开题及写作</p>
                    <p id="202">(1）学位论文开题及写作的特点、方法、步骤和格式</p>
                    <p id="203">第一，特点</p>
                    <p id="204">学位论文开题及写作是本科生和研究生从事科学研究活动的主要内容，也是检验其学习效果、考察其学习能力、科学研究能力及学术论文写作能力的重要参照。学位论文开题及写作对于接受高等教育的大学生，尤其是硕士以上的研究生具有极其重要的意义，而我们所介绍的数字信息资源的检索与利用的知识和技能最终是要为该类科研活动服务的。</p>
                    <p id="205">学位论文写作不同于一般的论文写作，它的要求更多、更为严谨；而且学位论文写作已经形成一套完整的、规范化的操作程序，比如论文写作之前要做开题报告；写作中应注意结构、观点、措辞等诸多方面；著者对其学位论文拥有绝对的版权，其论文的传播、复制均有相应规定等。具体说来，学位论文写作的特点，或称要求，可概括为如下几点。</p>
                    <p id="206">①具备一定规模与学术性：学位论文不同于一般的学术论文，一般的学术论文只要有一定的创见，达到几千字的规模即可成文。学位论文则是对本科生或研究生多年学习成果及科研能力的检验，是要体现多年积累的学术科研水平的，所以其选题和规模均有相关规定，当然这些规定视院校不同而有所差别，不过学术性的要求是共通的、第一位的；而在规模要求方面，首要的衡量指标即是论文字数。以国内大学为例，一般本科生论文应达到1万字左右，硕士研究生论文2万～4万字，博士研究生论文则应达到5万字以上，当然根据学科不同字数要求也有差别。</p>
                    <p id="207">②结构严谨、观点明确：学位论文一般是经过较长时间的资料收集、经过慎重的选题而确定的观点较为成熟的作品，它不是概况介绍或调查报告、总结以及争鸣一类的文章，而一定是作者深思熟虑之作，因而要求学位论文一定要观点明确、结构严谨。观点明确并不是要求观点一定是正确的、无懈可击的，只要鲜明、独立即可；而严谨的结构则体现在章节安排、段落层次以及上下文衔接等各方面。</p>
                    <p id="208">③语言规范、措辞得当：学位论文虽属非正式的出版物，但其用语要求却等同于正式的出版物，即一定要规范。对于数字、标点、章节编号等均要求符合书写标准；要尽量使用书面语言，摒除口头用语；要避免出现敏感字眼和避免毫无根据的绝对性判断词句等。如中国很多文科类的论文，如有涉及政治敏感话题时一定要注意措辞，如提到台湾时一定要注意我国政府对台的政策；再如“首位”、“世界第一”、“最佳”等绝对性的判断如无确切的根据不可轻易落笔。</p>
                    <p id="209">④装订、版式等要求：各院校的学位论文均有相对统一的装订和版式等方面的要求，如北京大学的学位论文有统一的装订封面，不同学位等级的论文采用不同颜色的封面。</p>
                    <p id="210">第二，方法和步骤</p>
                    <p id="211">前面已经提到，现代科学研究活动中对于学生而言最基础的是毕业论文写作，而毕业论文写作以及其他相关的科学研究活动如论文开题、撰写调查报告和一般专业论文写作等均由如下步骤构成。</p>
                    <p id="212">①选题</p>
                    <p id="213">选题是第一步，只有明确了研究的题目，才能有针对性地去搜集资料并最终顺利地完成任务。可以说，正确地和适当地选题是写好论文的关键。选题应注意以下两条原则：</p>
                    <p id="214">其一是选题应密切结合自身的专业特长，要选择自己有把握的、平时资料积累较多的领域。对具体的某一门专业课而言，甚至对整体的专业方向而言，都会有某个专题或者某个领域是自己平时较为感兴趣、且掌握了部分资料的。比如研究生学习的第一年都会有一项专业调研的任务，一般是由导师根据学生的专业情况和基础指定一个大概的范围，然后由学生针对该范围进行全面的资料搜集，并对搜集到的资料进行整理和分析，最后形成一份对该课题的综述性文章。</p>
                    <p id="215">其二要注意选题大小适当。选题太大，容易将论文写得空泛无味；选题太小则不容易有发挥的空间，这两者均会制约著者的写作水平。</p>
                    <p id="216">②资料搜集</p>
                    <p id="217">资料搜集是科学研究活动的基础，只有掌握了充足的且有说服力的论据资料，才能顺利地完成论文写作或开题。资料搜集一定要有目的性，要有所针对并有所取舍。同样一份资料不同的人可用其来支持不同的论点，这说明资料本身虽是客观的，但使用资料的人却各有侧重，这就要求资料搜集者应事先对所需的资料有明确的概念，要明确所搜集的资料将用来支持什么样的论点，或者其侧重点在哪方面，只有先明确了这些，才会有针对性地选择那些有说服性的、强有力的论据，而非那些模棱两可的、一驳便倒的论据，这对控制整篇论文的水平是非常重要的；基于同样的原则，也要善于取舍，即对那些说服性不强的、可有可无的论据要坚决地舍弃。</p>
                    <p id="218">搜集资料可采取很多方法和手段，传统的资料搜集方法一般是手工检索，即根据选题在一些重要的和核心的专业杂志中去搜集相关的论文；或利用一些专业的或综合性印刷版检索工具如《化学文摘》、《计算机应用文摘》或《全国报刊索引》等搜集相关论文的信息，再进一步根据其来源搜集原始文献；当然还要手工查询相关的学位论文或者专利报道等。此外，有一些更加传统的手工查询方法，如导师推荐或从其他途径获知的该领域的某些主要文章或某些重要研究者，根据这些口耳相传的信息再进一步地搜集资料，这实际上可算作是一种经验的积累。</p>
                    <p id="219">互联网时代，各种传统的手工搜集资料的方法已经越来越不能适应现代科学研究活动的需求，手工搜集资料有很多弊端，速度慢、耗时耗力是其最重大的缺点，但这还不是最主要的，主要的是其搜索不完全，很容易漏检，尤其容易漏掉那些属于交叉、新兴或边缘学科的重要文献。我们知道，手工查询受到印刷版检索工具的限制，很多印刷版的检索工具因受篇幅、资源等的限制，所收录的都是专业性极强、专业覆盖面比较单一的文献信息，这样就会使得一些重要的其他相关学科的文献不能很顺利地被检索出来，比如某种生物学方法在化学中的应用，再比如某个农业实验的计算机管理系统，这些课题均属于跨学科的，同时又是对两个学科而言均较重要的研究，在传统的资料搜集方式下很可能被漏检。与此不同的是现代的资料搜集方法与手段——数字信息资源的检索，以数据库为例，很多数据库的搜集范围均是跨学科的、覆盖多个专业领域的，这可保证资料搜集的全面性。</p>
                    <p id="220">数字信息资源检索的快速、便捷等优点是显而易见的，主题词检索，甚至是任意词的全文检索技术的突飞猛进的发展，使得现代的资料搜集变得快捷和容易得多，但前提是必须掌握电子资源检索与利用的方法和技巧。</p>
                    <p id="221">学位论文的特点及其资料搜集的特殊性如下：其一，在学位论文进程的不同阶段有不同的资料查询要求。学位论文必须先进行开题，开题的主要目标是确认论文选题是否恰当、新颖、不重复以及是否具有学术研究价值等，所以开题时的资料查询更多要求全和新，获取文献以文摘型为主，这个阶段的要求和一般性的课题查询的要求类似；正式开始学位论文写作后，资料查询则要求翔实、深入、获取文献以全文型为主。其二，在检索工具的选择方面，除了按学科选择各种类型资源外，一定要查询国内外的学位论文库和一些重要的专著。其三，在检索结果的选择方面，对资料的学术性要求较高，而且更多要求一次文献（即全文）。当通过检索不能获取全文时，还需要采取各种方法和途径进行索取，尤其是国外的学位论文和一些重要的会议论文、期刊论文和专著等，可通过图书馆或其他文献提供单位的馆际互借和文献传递机构请求订购国外学位论文或复制文献等。</p>
                    <p id="222">③论文开题</p>
                    <p id="223">学位论文和一般学术论文的重要差别之一是开题报告，这其实是对论文选题进行检验和评估认定的过程。学位论文的选题是否具有学术价值和新颖性、大小是否适当、是否能够反映写作者的专业科研水平，以及其论文论点是否成熟等，均是要通过开题报告来考察的。以北京大学的硕士研究生学位论文开题为例，写作者要在规定时间内将论文开题报告交给指导老师，由包括指导老师在内的本专业的相关教师组成审查小组，确认后方可正式开始论文写作。博士论文或某些专业的硕士论文开题时还要召开报告会，向院系的学术小组做正式的报告，接受相关教师的质询。</p>
                    <p id="224">④编写提纲</p>
                    <p id="225">开题之后、正式写作论文之前应先搭建论文提纲，提纲反映了论文构思的过程，它显示了论文的层次和内容安排以及论文的各级论点，对论文整体风格的把握及论文的顺利完成均有重要的规划意义。</p>
                    <p id="226">⑤定稿</p>
                    <p id="227">提纲编写完成后即可进行初撰、修改直至最后定稿。这里应特别提出的是，在论文的写作过程中如论点有变化等，此时常常需要针对这些变化进行第二次资料搜集，以便更好地适应写作的要求。另外，论文修改应尽量征求指导老师的意见，修改过程中要注意论文写作格式的规定，注意文字的精练，注意避免大段的抄袭，引用他人文字一定要注明出处。</p>
                    <p id="228">第三，写作格式</p>
                    <p id="229">学位论文一般包括序跋、文摘、目录、正文和参考文献等几个部分。</p>
                    <p id="230">序跋指的是学位论文最前面和最后面的一些关于论文写作说明、鸣谢之类的文字。这一部分内容不是所有的学位论文都有的，视写作者个人的意愿而设，有的只有序，有的只有跋。有些论文写作者愿意将整个论文的选题、资料积累等的过程形成文字放在论文之前，作为对论文的一个补充说明；大多数论文作者在序跋中表达谢意，对在论文资料搜集、写作等过程中所得到的帮助，尤其是对指导教师表达感激之情。</p>
                    <p id="231">文摘是学位论文中必须提供的，一般放在目录页之前。包括中英文的论文摘要以及中英文的关键词，均由论文著者提供。</p>
                    <p id="232">目录页是整个论文的章节导航，在正文之前。目录一般提供到第三级，规定要标明章节的题目及页码。</p>
                    <p id="233">正文是论文的主体，一般按章节、条款、项等排列和组织，现在多采用阿拉伯数字分级系列编号法，如第1章→1.1→1.1.1→1.1.2……1.2→1.2.1→1.2.2……第2章→2.1→2.1.1→2.1.2……2.2→2.2.1→2.2.2……</p>
                    <p id="234">参考文献包括正文中的注释或引文，以及论文著者推荐的参考文献两种。注释或引文包括夹注、脚注和尾注，夹注即写作过程中在需注释的文字后加括号说明的；脚注一般写在当前页的下方，用以注明文字出处，可连续编号，也可每页单独编号；尾注一般是和著者推荐参考文献一起写在论文的最后，通常较大段的引文采用尾注，尾注有时也写在章节的最后，篇幅较小的论文只有脚注，而专著或学位论文等常常采用尾注。</p>
                    <p id="235">著者推荐的参考文献可以全部写在学位论文的最后，也可以写在各章节的最后。参考文献有统一的著录格式，论文和图书的著录格式分别是：</p>
                    <p id="236">序号．著者．论文题名．期刊刊名，出版年，卷期数，起止页码.序号．著者．书名．出版地：出版社，出版年.</p>
                    <p id="237">(2）利用数字信息资源进行学位论文开题及写作</p>
                    <p id="238">下面介绍一下学位论文开题及写作的注意事项：</p>
                    <p id="239">①要查询学位论文库。这可以说是学位论文新颖性的要求。前面提到，学位论文不同于一般的学术论文，一般的学术论文只要在观点或阐述等方面有所创新或突破即可成文或发表，但学位论文要求学术性，如果一个学位论文的选题是他人已经作为学位论文写作过的，或他人已在学位论文写作中发挥得极为充分的，则极不利于后来者的论文的学术性的体现。所以写作学位论文之前，一定要尽可能地查询相关的学位论文数据库，尤其是本校或本国其他设立该专业的院校的学位论文，尽量避免相同或相近的选题，保证论文的新颖性。因学位论文属于半公开的出版物，所以学位论文很难查全。目前世界上较为著名、收录各国学位论文较多的数据库是“ProQuest博硕士论文数据库”（PQDD）。</p>
                    <p id="240">我国目前较大型的学位论文库是由CALLS牵头建设的“高校学位论文库”，其他还有中国学术期刊电子杂志社的“中国优秀博硕士学位论文全文数据库”、万方的“中国学位论文数据库”等，以及各高校各自分布的学位论文数据库，均可作为查询工具。</p>
                    <p id="241">②要选择学术性和专业性较好的数据库进行查询。并要尽量获取一次文献。学位论文写作的前提是占有充分的学术价值较高的参考文献，选择合适的、质量较高的数据库进行查询是非常必要的。同时，对一些参考文献，尤其是理工类的、实验性研究或应用研究方面的参考文献，一定要阅读原文才能真正了解其论点和借鉴其中的成果或数据等，所以要尽可能地获取一次文献。</p>
                    <p id="242">③应用研究或实验性、实践类的学位论文一定要查询事实型数据库。这一点是非常重要的。某个学位论文选题，比如关于数字照相机的成像原理探讨的论文，在搜集资料时就一定要考虑到相关产品的查询，要确认有没有相关的专利、成果、产品等。如果只是纸上谈兵地讨论原理、机制、前景，却忽略事实型资料的查找，那论文是不可能成功的。自然科学类的学位论文，除纯粹的基础研究或理论研究课题外，均有可能涉及事实型数据库的查询。</p>
                </section>
            </section>
        </section>
        <section id="243">
            <title>3 科技查新</title>
            <p id="244">科技查新是伴随我国科技发展过程中而产生的，这项工作是国家对科技研究与科研成果实施科学化管理的一项重大改革措施，为了公正、公平、准确地评价科研课题和科技成果，借鉴专利查新的经验，20世纪80年代末，开始对科研成果实行查新。为了加强对查新工作的管理，1990年10月，原国家科委印发了《关于推荐第一批查新咨询科技立项及成果管理的情报检索单位的通知》（[1990]国科发情字800号），授权11家查新工作单位成立科技查新站，科技查新工作开始正式成为科技管理中的一个重要环节，也标志着我国科技查新工作步入正规化。</p>
            <p id="245">此后又有更多的咨询机构加入到查新队伍中来。为规范查新工作，原国家科委起草了《科技查新咨询工作管理办法》和《科技查新咨询工作管理办法实施细则》。2000年12月，科技部颁发了《科技查新机构管理办法》和《科技查新规范》（国科发计字[2000]544号），标志着查新工作走向了法制化，也是落实国家大力发展科技中介服务机构，尽快制定和完善关于科技中介服务组织的法规，规范其行业行为的一项举措，同时为保证查新的公正性、准确性、独立性和规范查新机构的行为提供了法律依据。</p>
            <section id="246">
                <title>3.1 查新的定义</title>
                <p id="247">科技查新工作作为一个新生事物产生以来，随着科技的发展和社会的变革，以及查新工作的不断深入，其定义也一直在不断地变化。1992年8月，《科技查新咨询工作管理办法》和《科技查新咨询工作管理办法实施细则》中定义：科技情报查新工作是指通过检索手段，运用综合分析和对比方法，为科研立项、成果、专利发明等评价提供科学依据的一种情报咨询服务形式。</p>
                <p id="249">1993 年3月，《科技查新咨询工作管理办法》（试行稿）中定义：查新工作是指通过手工检索和计算机检索等手段，运用综合分析和对比方法，为评价科研立项、成果、专利发明等的新颖性、先进性和实用性提供文献依据的一种信息咨询服务形式。</p>
                <p id="250">1994 年6月，上报原国家科委的《科技查新咨询工作管理办法》（讨论稿）中定义：本办法所称的查新工作，系指通过手工检索和计算机检索等手段，运用综合分析和对比方法，为评价科研立项、成果等的新颖性和先进性事实提供文献依据的一种公众性信息咨询服务工作。</p>
                <p id="251">2000 年12月发布的《科技查新规范》对查新工作重新进行了定义：查新是科技查新的简称，是指查新机构根据查新委托人提供的需要查证其新颖性的科学技术内容，按照本规范操作，并作出结论。这里所提到的查新机构是指具有查新业务资质的信息咨询机构。</p>
                <p id="252">这是迄今为止，对科技查新工作下的最权威、全面的定义。由此可以看出，查新关键在于新颖性，所谓新颖性就是指查新委托日以前，查新项目的科学技术内容之部分或者全部是否在国内外出版物上公开发表过。</p>
                <p id="253">《科技查新规范》对整个查新工作进行了全面的规范，包括基本术语、基本原则、查新委托人、查新机构、查新合同、查新人员、查新咨询专家、检索、查新报告、查新过程中可能出现的争议、查新档案管理、查新程序和附则等共13个部分。《科技查新规范》中对查新过程中涉及的基本术语进行了定义和规范化，规定各方的相应权利和义务及行为规范。为维护查新各有关方的合法权益提供了法律依据。</p>
                <p id="254">由科学技术部认定或授权认定查新机构的资质，并根据查新机构的综合情况和特点，规定了各查新机构所能受理的专业范围。</p>
            </section>
            <section id="255">
                <title>3.2 科技查新的意义和作用</title>
                <p id="256">科技查新工作的服务范围包括：科研立项，成果鉴定、评估、验收、转化、奖励等。新的《科技查新规范》将以前的查新咨询明确为查新鉴定，查新报告是作为上述工作的鉴定资料的一部分，由此可以看出，查新在我国的科学研究和技术开发过程中扮演着十分重要的角色。</p>
                <p id="257">(1）为科研提供立项的依据：立项是科研过程中至关重要的第一步，查新可以作为科研立项的前期工作。为立项是否恰当提供客观依据，可以表现在以下几个方面：有效避免低水平科研项目的重复，节省人力、物力以及我国并不富裕的科研资金；有助于科研人员了解国内外相关研究领域和同类技术的现状，明确要建立的科研项目在论点、研究开发目标、技术路线、技术内容、技术指标等方面是否具有新颖性，并根据所掌握的情况调整、修订自己的研究和开发方向，保证科研开发在立项时就处于高起点、高水平，为获得科研经费提供有力的支持。</p>
                <p id="258">(2）为科研成果的处理提供依据：科技成果是科技工作者辛勤劳动的结果。查新可以使他们的劳动成果得到客观的确认，用文献检索的方法找出查新课题的新颖之处，给科研立项课题或科研成果一个独立、客观、公正的结论。</p>
            </section>
            <section id="259">
                <title>3.3 科技查新与一般课题查询的异同</title>
                <p id="260">科技查新是为科技研究和开发提供信息服务。它与一般的课题查询的相同点在于：以文献信息资源为基础，根据用户的文献需求，运用各种检索手段，为用户提供相关信息。但两者之间又存在着很大差异，具体表现为：</p>
                <p id="261">(1）目的：一般检索只是用户利用检索工具查找与某项专题相关的文献记录的一个过程，只提供文献和原始资料，而科技查新是要作为鉴定资料为科研立项、科技成果鉴定、评估、验收、转化、奖励等提供客观依据，不但要对相关文献进行检索，还要对检索出的文献和数据的结果进行综合加工、分析，再与查新课题相比较，通过对比来判别查新项目的新颖性。</p>
                <p id="262">(2）标准：科技查新更强调文献检索的准确性，以查到密切相关文献为目的，只要出现一篇与查新课题内容相似、主要技术指标相近或优于查新课题的文献，即对查新课题构成否定作用，其他检索就不是很重要了，而文献检索则要注重于查全。</p>
                <p id="263">(3）时限：一般文献检索没有特定的检索范围和时间限制，只需委托人提出要求即可，对于查新，《科技查新规范》中规定一般应从查新委托之日起前推10年，但也可根据不同的学科特点和技术产品、工艺和专利的成熟程度，缩短和延长检索年限。</p>
                <p id="264">(4）查新责任：一般检索向用户提供检索到的文献信息即可，检索人员没有什么法律责任可言，而科技查新报告作为科技鉴定资料，查新人员要对查新结论所产生的一切后果负相应的法律责任。</p>
            </section>
            <section id="265">
                <title>3.4 科技查新与专家鉴定</title>
                <p id="266">科技查新作为科技鉴定的资料与专家评审有相同之处，但也不同于专家评审。专家评审是专家根据自身对专业知识的掌握和实践经验，从主观上对评审对象作出结论，而查新是信息工作人员对已出版的文献信息进行有针对性的检索，并将检索结果进行综合分析，从而判别查新项目的新颖性，同时也为专家的评审从文献方面提供一个客观的事实依据，使科技评价更加公平、公正。</p>
            </section>
            <section id="267">
                <title>3.5 查新程序</title>
                <p id="268">科技查新工作是一项专业性强、难度大、要求也高的信息服务工作，为保证这项工作的高质量完成，科技部在制订《科技查新规范》时，根据以前的经验总结了一套查新程序供人们参考：查新委托→受理委托→检索准备→选择检索工具→规范检索词→确认检索方法和途径→实施检索→完成查新报告→提交查新报告。</p>
                <section id="269">
                    <title>3.5.1 委托</title>
                    <p id="270">查新委托的单位或个人在提出处理委托事物之前，首先自我判断以下查新项目是否属于查新范围，再根据查新项目的专业内容、科学技术特点、查新目的等和查新机构所能受理的专业范围自主选择查新机构，并据实、完整地向所选择查新机构提供查新必需的相关技术资料和有关材料，包括项目的科技资料、技术性能指标、中英文对照的检索词、参考文献、国内外同类科学技术和相关学科的背景资料等。</p>
                </section>
                <section id="271">
                    <title>3.5.2 受理委托与签订合同</title>
                    <p id="272">现行的《科技查新机构管理办法》和《科技查新规范》规定了科技查新机构的查新范围。因此查新机构在受理查新时要首先考虑委托课题是否属于自己的受理范围，而后根据委托人提供的相关资料确定是否可以受理，如果符合受理条件，再根据查新人员的个人状况，如所具备的专业知识等来确定查新员和审查人员。查新人员要确认委托人提交的材料是否齐全。确认是否能满足委托人的查新要求，确定完成查新的时间，如果可以接受委托，就要根据《科技查新规范》关于查新合同的要求与委托人签订查新合同。</p>
                    <p id="273">查新委托人与查新机构所签订的查新合同是具有法律效力的，就是说一旦合同成立。双方就要为此承担相应的法律责任，因此查新人员不仅要具有熟练掌握有关查新方面技术，而且要熟悉相关的科技法律制度，如国家科技进步法、科技组织方面的相关法律、关于科技成果方面的立法、科技奖励法律制度、关于科技人员管理方面的立法、技术合同与技术市场的立法、关于国际科技合作与交流方面的相关法律制度等。</p>
                </section>
                <section id="274">
                    <title>3.5.3 检索准备</title>
                    <p id="275">在实施查新之前，查新人员要进行课题分析，仔细阅读委托人提供的相关资料，了解委托人查新的目的和对查新的具体要求，并尽可能多地了解课题的研究情况，这对制订检索策略和文献对比很重要，必要时还要进行专家咨询。检索准备应包括：根据查新课题选择主题和确定相应的工具书。</p>
                </section>
                <section id="276">
                    <title>3.5.4 选择检索工具</title>
                    <p id="277">检索工具选择得是否恰当会直接影响检索结果，选择数据库要本着能够全面覆盖查新课题范围为原则。选择内容为：</p>
                    <p id="278">(1）首先要选择综合性的数据库，如SCI、Ei、INSPEC等，这些数据库不仅收录的学科全、范围广、年限长，且收录的期刊及其他类型的文献资料均为各学科领域的研究前沿出版物，尤其是对一些跨学科的查新项目最重要。</p>
                    <p id="279">(2）专业数据库的特点是收录本学科的资料全，因此在必查之列。另外现在各研究领域之间相互交叉与渗透，理论和应用涉及多学科，因此内容相关的其他专业数据库也要列入检索的范围。</p>
                    <p id="280">(3）国内外专利数据库。</p>
                    <p id="281">(4）重大课题时也有必要对一些重要期刊（如Nature和Science Online）进行专门检索。</p>
                    <p id="282">(5）其他网络资源。</p>
                    <p id="283">从检索工具的类型上要兼顾目录型、题录型、文摘型、全文型；从检索手段上要以计算机检索为主，而手工检索作为机检的补充不能忽略。</p>
                </section>
                <section id="284">
                    <title>3.5.5 检索词</title>
                    <p id="285">检索结果是否准确与全面，是关系检索报告结论的决定性因素，而检索词准备得如何是影响着检索结果的查准率和查全率的关键，因此检索词的选择就显得十分重要。</p>
                    <p id="286">检索词一般由委托人先来提供，但有些委托人不能准确提供主题词，许多情况下提供的是自然语言，查新人员应对照查新课题的内容，对委托人提供的主题词进行逐一核对，必要时查新人员要与委托人员反复面谈，然后对主题词加以完善，使自然语言变成计算机可以识别的规范语言，以便根据主题制定检索策略。</p>
                </section>
                <section id="287">
                    <title>3.5.6 检索方法和途径</title>
                    <p id="288">查新中使用最多的是描述文献主题内容的词（如主题词、关键词或者分类号〈词〉等）；在特定情况下（如已知某人有与查新课题相同的研究），也会使用描述文献外部特征的词（如著者、出处、专利号等）进行专指性检索。互联网检索要注意选择适用的搜索引擎。</p>
                </section>
                <section id="289">
                    <title>3.5.7 实施检索</title>
                    <p id="290">完成上述所有工作后，就要制定完整、确切表达查新委托人要求和查新课题主题内容的检索策略。检索策略中要慎重使用新的概念词，尤其是委托人提供的新概念词。一个检索式中参与检索的概念或检索词要适当，检索结果要适中，既不能为“零”，也不能过多，因为科技领域的任何工作或多或少都是建立在前人的研究基础之上的，可以没有相同文献，但不会没有相关文献；而检索到的文献过多会给分析对比增加许多困难。</p>
                    <p id="291">不同检索工具都有各自的使用方法和检索特征，这是因为每个数据库标引存在着差异，制定检索策略时要符合数据库的索引体系，检索时注意数据库的使用方法：逻辑算符、截词符、单复数等，要考虑到词序的变化，正确使用位置算符。尤其是跨数据库检索时，要注意每个数据库的操作方法、字段的定义、字段标识是否一致。</p>
                    <p id="292">当制定好检索策略后，根据课题学科特点确定检索年限，实施检索。在实际工作中，很难做到一次检索成功，经常会遇到检索结果太多或为零、检索到的结果与查新课题不相关等情况，这样就要用增加、减少、调整、修改检索词的方法来优化检索策略，有时要反复多次，才能得到满意的结果。如果有条件，最好的办法是利用DIALOG数据库总索引（编号411的数据库）进行试检索，该总索引既可以检测检索策略是否恰当，还可以帮助选择数据库，另外还可以根据某个概念词在各个数据库中的词频来判断该词正确性。</p>
                    <p id="293">随着计算机技术和网络技术的发达，全文数据库越来越多，需要注意的是：文本型的全文数据库可以做到全文检索，而图像型全文数据库（如全文为PDF格式）的全文检索只是对元数据部分（书目、题录、文摘等）进行检索。</p>
                </section>
                <section id="294">
                    <title>3.5.8 完成查新报告</title>
                    <p id="295">包括相关文献分析和编写检索报告。对检索出的文献进行全面分析，筛选出与查新课题内容相关的文献，这些文献要能反映其研究水平、技术指标、参数要求，与查新课题有较高的可比性。</p>
                    <p id="296">查新报告是查新机构用书面形式就查新事务及其结论向查新委托人所做的正式陈述，也是体现整个查新工作质量和水平的重要标志，查新人员要对查新课题内容及查新点与检索到的结果（即相关文献反映出的现有研究或技术水平）进行比较，实事求是地做出文献评述论证结论。报告应包括以下内容：</p>
                    <p id="297">(1）基本信息：查新报告编号，查新项目名称，查新委托人名称，查新委托日期，查新机构的名称、地址、邮政编码、电话、传真、电子信箱，查新员和审核员姓名，查新完成日期。</p>
                    <p id="298">(2）内容信息：查新目的，查新项目的科学技术要点，查新点和查新要求，文献检索范围，检索策略，检索结果，查新结论，查新员与审核员声明，包括与查新课题密切相关的原文在内的各种附件。</p>
                </section>
                <section id="299">
                    <title>3.5.9 提交查新报告</title>
                    <p id="300">查新机构完成报告后，按照查新合同的约定向查新委托人提交查新报告和相应的附件。鉴于查新人员对各种科技领域的发展的了解有一定的局限，即使是专业非常对口的查新人员，对本专业研究情况及发展趋势也难做到了如指掌，在查新过程中很多时候需要找有关专家咨询，以便了解与课题相关的领域目前的研究与开发状况。在此过程中，委托人可以提出不适合××做本次查新咨询专家的名单，作为查新人员的参考，而查新人员对查新咨询专家的意见及咨询结果也不予公开。</p>
                </section>
            </section>
        </section>
    </body>
    <bibliography/>
    <footnote/>
</article>
