<?xml version="1.0" encoding="utf-8" standalone="no"?>
<article id="20" type="book" filename="result" version="2.1.1.1">
    <title>第5节||数字图书馆信息服务的实质</title>
    <body>
        <p id="1">数字图书馆信息服务工作随着社会对信息的需求，有一个从低级向高级、从简单向复杂的发展过程，它的性质是在不断发展变化的。</p>
        <p id="2">数字图书馆信息服务工作从其性质来看，包含并概括了图书馆的基本性质。这是因为图书馆的性质及其对社会的作用，必须在用户利用文献信息的过程中才能显示出来。所以图书馆的主要属性也就是信息服务的基本属性。但是信息服务也有它的特性，具体来说，就是它在传播知识，交流信息中的中介作用。</p>
        <p id="3">不管是图书馆收藏的实体文献或网络上的虚拟信息资源，都蕴藏着丰富的知识，凝聚着人类智慧的结晶，人们通过利用印刷型文献或数字化、电子化信息资源，可以学到前人或他人所创造的知识信息，使人类对客观世界的认识，在时间上可以长期地积累和保存下去，在空间上可以广泛地传播、推广开来。人类社会正是靠着知识的继承、吸收和创造，才不断地发展，不断地创新和前进。文献和信息资源是人类极其宝贵的精神财富。图书馆通过信息的传递、信息检索、信息开发、信息咨询、网络信息服务等各种服务方式，将知识、信息提供给广大用户使用，在信息与用户之间发挥中介作用。当图书馆将信息传递、推送给用户或进行信息导航服务时，其实质是将知识、信息传送给了用户，是在人类知识的继承、交流中发挥着重要的中介作用。从这个意义上讲，图书馆信息服务是一项传播知识、交流信息的工作。</p>
        <p id="4">根据上述文献信息服务的发展变化及其所具有的性质，我们给它下的定义是：数字图书馆信息服务是利用本馆的或国内外其他信息机构的有序化的信息资源，或利用各种电子出版物和网络上的信息资源，通过组织用户和开发信息资源，在用户与信息资源中发挥中介作用的一种服务工作。其实质是向用户传播知识、交流信息、进行教育、丰富文化生活。</p>
    </body>
    <bibliography/>
    <footnote/>
</article>
