<?xml version="1.0" encoding="utf-8" standalone="no"?>
<article id="43" type="book" filename="result" version="2.1.1.1">
    <title>第1节||数字图书馆网站系统的构建</title>
    <body>
        <section id="1">
            <title>1 数字图书馆网站的功能及主要设计要素</title>
            <p id="2">数字图书馆网站是图书馆的网络地址，是物理图书馆在网上的具体表现形式。网站的功能则通过图书馆主页加以体现。图书馆主页是网络环境下图书馆揭示馆藏信息资源的重要窗口，是图书馆开展网上服务的门户。数字图书馆网站和主页建设是现代化图书馆建设的重要组成部分。数字图书馆网站利用网络通讯和信息资源的优势，超越时空限制，每天24小时为用户提供便捷、即时的文献信息服务，在现代化图书馆工作中起着十分重要的作用。数字图书馆主页设计的好坏，关系到用户对网站的访问量，对图书馆作用的发挥十分关键。</p>
            <section id="3">
                <title>1.1 数字图书馆网站的主要功能</title>
                <p id="4">(1）数字图书馆网站是信息工具</p>
                <p id="5">数字图书馆网站是图书馆传递自身信息的重要媒介。在读者不必亲自到馆的情况下，图书馆与读者的信息交流就主要通过网站进行。信息交流是图书馆网的重要功能，是沟通图书馆与读者联系的桥梁。传统图书馆需要向读者传递的信息都可以通过网站传递出去，包括馆址、员工名录、服务内容与方式、部门划分、规章制度以及有关图书馆的消息和事件通报。同时，图书馆也能通过网站接收读者的意见、建议和其他各种反映，实现图书馆与读者之间的互动。</p>
                <p id="6">(2）数字图书馆网站是参考工具</p>
                <p id="7">万维网拥有丰富的参考资料，如传记资料、词典、百科全书等，数字图书馆网站可建立与它们的链接以及与AltaVista和Infoseek等网络搜索引擎的链接，与Yahoo、因特网公共图书馆、万维网虚拟图书馆等网络指南的链接，还包括与其他图书馆OPAC的链接，与各种各样数据库的链接。通过这些链接，图书馆构筑起庞大的参考源，可以随时随地解答读者提出的各方面咨询问题，增加图书馆服务的深度，提升图书馆服务的水平。</p>
                <p id="8">(3）数字图书馆网站是研究工具</p>
                <p id="9">数字图书馆网站包括各学科因特网资源的专题书目、本地资源的路径、与订购服务的链接、与免费期刊的链接、与网上数据库的连通等。这些资源有助于满足科研人员的研究需要，提高服务的专指性。随着网络信息资源的不断丰富，数字图书馆网站为科研服务的能力也将越来越强。特别是由于网上信息资源的动态性和新颖性，它正逐步在支持科学研究方面占据重要地位，因而成为科研人员的首选。</p>
                <p id="10">(4）数字图书馆网站是教育工具</p>
                <p id="11">数字图书馆网站是传播教育资料最具吸引力的媒介。图书馆可以设立网上图书馆利用指导和计算机软件指导，包括指导怎样利用索引、数据库查询策略、怎样编写书目、怎样查找文章、科研的基本过程等等。网站的教育功能是传统图书馆教育功能在网络环境下的延伸和拓展，并且比传统图书馆的教育投入少，但影响范围更大，效果更好。</p>
                <p id="12">(5）数字图书馆网站是通讯工具</p>
                <p id="13">通过数字图书馆网站，可以使用户打破时空界限，与外部世界建立起双向的关系，包括发送和接收电子邮件、查询远程数据库、加入讨论组、参与电子邮件组等。通过诸如此类的功能，图书馆与用户的联系将更加紧密，图书馆与外界的沟通将更加畅通，图书馆对社会的反应将更加及时和主动，在为读者的服务工作中更加有针对性，更加超前，更加适应读者的现实和潜在需要。</p>
                <p id="14">(6）数字图书馆网站是公共关系工具</p>
                <p id="15">数字图书馆网站不仅是用户利用图书馆文献资源和服务的重要媒介，而且也代表着图书馆的形象，是图书馆借以向当前和潜在用户乃至全世界推销自己的公共关系工具。在图书馆理论与实践图书馆数字化技术平台借助数字图书馆网站为读者服务的过程中，数字图书馆网站的设计内容和设计思想，体现着为读者服务的理念，将决定读者对图书馆作出的评价，影响着对图书馆的基本看法，并最终影响对图书馆和信息资源的利用。数字图书馆网站应成为图书馆展示自身形象的阵地。</p>
            </section>
            <section id="16">
                <title>1.2 数字图书馆网站一般功能模块介绍</title>
                <p id="17">针对近几年国内外高校图书馆的发展方向，作为一个成熟的数字图书馆网站一般应具有以下几个功能模块。</p>
                <p id="18">(1）信息模块</p>
                <p id="19">作为实现数字图书馆网站信息传递功能的模块，此模块主要包括图书馆的基本概况、规章守则、开发时间、部门分布、联系方式、站点地图等最基本的图书馆信息，并能够及时发布图书馆最新动态信息。</p>
                <p id="20">(2）数字资源模块</p>
                <p id="21">实现数字图书馆网站教研辅助功能的模块，应该能够为读者提供图书馆数字资源的最新信息，并将数字资源及时地通过网站向读者公布，提供查询或是链接的功能，并提供各种数字资源的帮助使用文件。当图书馆数字资源建设具有一定规模时，如果仅仅在网页上提供每个数据库链接，显然是不够的。读者面对大量的光盘数据库、本地数据库及网络数据库时，获取所需信息具有一定难度，这时对本馆数字资源进行整合显得尤为重要。数字资源整合是要求图书馆馆员从专业的角度出发，打破数据库的限制，把这些资源按照一定的层次抽取出来，重新组合分类，并提供检索功能，使用户可以通过一个检索入口检索到所有数据库中的信息，从而大大缩短了检索进程，提高了查全率和查准率。</p>
                <p id="22">(3）咨询服务模块</p>
                <p id="23">此模块主要体现数字图书馆网站联系读者及教育辅导两个功能。提供一个图书馆与读者交流的平台，图书馆可以从此平台中收集到读者的意见建议，读者也可以从这里寻求答案，解答疑惑，并根据读者的提问形成专门的知识库，为后来者的查阅提供方便。此功能模块一个最典型代表是虚拟参考咨询系统，虚拟参考咨询是指在数字化信息环境下，图书馆以网络为基础，以电子邮件、实时问答、网上参考工具等形式，向用户提供参考咨询服务。目前，虚拟参考咨询系统主要分为非实时系统与实时系统两类。</p>
                <p id="24">(4）个性化服务模块</p>
                <p id="25">个性化信息服务是相对以往大众化服务而言产生的一种新型服务方式，是基于用户的信息使用行为、习惯、偏好和特点，提供具有针对性的信息内容系统功能，满足个性化需求的一种服务。这种服务也通常被称作My Library即“我的图书馆”，My Library是图书馆顺应读者用户的需求趋势，整合多个数据库服务，包括现实馆藏、OPAC系统资源、自建的特色数据库、引进或购进的数据库资源以及网络学术资源等，为用户提供量身定制的个性化和交互式服务。在My Library中，读者可以定制自己喜欢的数字资源、可以有针对性地进行咨询，可以及时获得图书馆最新的信息，可以获得自己在图书馆内的各种信息等。</p>
                <p id="26">(5）馆员个人网站模块</p>
                <p id="27">个性化服务使数字图书馆网站由以资源为中心向以用户为中心进行转变，这提供了数字图书馆网站的一种新的服务模式，但这种服务模式是以图书馆馆员的信息服务能力为基础的。图书馆馆员个人网站是馆员在网络环境下不断增强的在线信息服务能力的基础，是馆员在现代化信息时代进行服务能力的基础。</p>
                <p id="28">建立图书馆个人网站可以解决图书馆馆员知识结构“严重透支”问题，可以建立开放型的信息通道，能够弥补信息资源中的缺失，能够有效提高图书馆工作效率。</p>
                <p id="29">(6）网站统计分析模块</p>
                <p id="30">图书馆Web日志数据库包含了大量的读者信息，对这些信息进行分析研究，了解网站各页面的访问量、各数字化资源的利用情况，掌握读者信息需求取向，为调整图书馆资源结构提供依据。通过对日志文件的统计分析，对优化网站设计、分析用户需求提供决策支持。高校数字图书馆网站是体现图书馆自身形象、服务于读者的信息平台，使高校图书馆的各种馆藏资源得到充分利用是图书馆价值的体现。</p>
                <p id="31">总之，建立一个网站并不困难，困难的是如何节约读者的时间，让读者更快地找到所需要的内容；怎样了解读者的需求，并提供其感兴趣、对读者帮助最大的信息；如何利用有限的人力和物力资源为读者提供优质服务才是数字图书馆网站建设首要考虑的问题。</p>
            </section>
            <section id="32">
                <title>1.3 数字图书馆主页的设计要素</title>
                <p id="33">一个有效的数字图书馆网站最重要的决定因素是它有明晰的目标和清晰的用户及其需求意识。因此，图书馆主页设计要充分体现为用户服务的思想，将用户需求作为网页设计的依据。为此，我们可以从以下三个主要方面加以考虑。</p>
                <p id="34">(1）实用性</p>
                <p id="35">图书馆主页要对读者利用网上信息资源提供最大限度的帮助，既简洁明了，又满足目标用户的需求。</p>
                <p id="36">•标题：描述图书馆的名称，可以图像、图像文件格式出现。图像提示图书馆和所属学校的名称。</p>
                <p id="37">•图像：为主页增色的图像、动画，不宜过多过大，每一页不超过三幅，大小与浏览器的线素一致，以减少下载时间，提高传输效率，使用户在进入首页时不致等待很长时间；允许用户在阅读与避开图像之间作出选择；表明一幅图形可供下载（并提供文件大小），或使用小“略图”预览，链接到另一页全幅图像；使用分辨率600×400或更小的图像；使图像文件小于25K，最好小于15K。如有必要，减少图像的比特或颜色深度（即颜色数量），包括背景图像，使下载加快。</p>
                <p id="38">•背景：使背景文件小于5K，必要时减少颜色的数量；避免文本与背景类型相“冲突”；背景只用淡蓝、白或灰色，不要使用黑色；为达到某种特殊的效果，可使用有图案的背景，但对需要持久注意的网页使用素色背景；不要将交错的图像用作背景。</p>
                <p id="39">•颜色：利用色彩的变化表明文本地位的变化；每一幅图像、每一页或每一屏使用的颜色数量要尽可能减少；用亮色表示所强调的重点。</p>
                <p id="40">•声音：通过消除静音或其他外部声音使声音文件变小定期检查声音文件确保有效。</p>
                <p id="41">•视觉：画面典雅又不失活力和朝气；视觉效果要严谨有序、亲切友好，避免过分渲染和广告商业气息，最好有两个版面（分春季和秋季）定期更新，给用户以新鲜感。</p>
                <p id="42">•主体：图书馆概况，机构设置及各部主任E-mail及电话，服务内容，用户指南，利用图书馆常见问题解答（FAQ），联机公共书目查询（借阅、预约、续借、馆际互借），新书通报，订购建议，图书馆公告板，本馆电子资源。</p>
                <p id="43">•页脚：版权说明、维护责任人、联络反馈及更新时间。</p>
                <p id="44">•结构：采用树型结构，结构深度为3～5级；层次分明，布局合理，结构紧凑；在网页的上部提供文本以便在下载图片时用户有可读的内容；将重要内容放在网页上部，而不是底部。</p>
                <p id="45">(2）导航性</p>
                <p id="46">导航性是指用户可以在一个网站通过链接与远处网站建立联系并进行访问。</p>
                <p id="47">•直接与本校主页链接，而不是通过其他部门做链接，使数字图书馆网站更醒目、更易于查询。</p>
                <p id="48">•纵向链接不宜过多，只选择与图书馆功能有关链接。</p>
                <p id="49">·每层页面都有回到首页和重要栏目的链接，方便用户反复查询浏览。</p>
                <p id="189">·与本市公共图书馆、国家图书馆、国外重要数字图书馆网站链接。</p>
                <p id="50">•与中国教育科研网（CERNET）链接。</p>
                <p id="51">•与中国高等教育文献资源保障系统（CALIS）链接。</p>
                <p id="52">•与主要搜索引擎链接。</p>
                <p id="53">•提供网上教室。</p>
                <p id="54">•提供对“帮助”页的链接。</p>
                <p id="55">•同一地址不使用不同名称的链接。</p>
                <p id="56">•保持对所有远程链接的更新，以便用户不会找到失效的链接。</p>
                <p id="57">(3）可读性</p>
                <p id="58">页面设计要使文字、图像和空间相协调，以吸引用户继续浏览。</p>
                <p id="190">·每个网页中的图像不要太多，以1～2幅为宜。</p>
                <p id="59">·通过提供简明概括、分段表达的信息，使网页简洁有序。</p>
                <p id="191">·用标题或横线将各部分内容分开。</p>
                <p id="60">•不要将链接下划线。</p>
                <p id="61">•在网页上部提供导航选择。</p>
                <p id="62">•节省使用黑体和斜体字，不要将全部文本印成大写。</p>
                <p id="63">•避免使用多种字体。</p>
                <p id="64">•有效地使用白色空间。</p>
            </section>
        </section>
        <section id="65">
            <title>2 影响数字图书馆网站建设的因素</title>
            <section id="66">
                <title>2.1 数字图书馆建设的现状</title>
                <p id="67">数字图书馆的建设能够很好地满足读者的多样化需求，也能很好地顺应当今社会的发展趋势，还能促进图书事业的快速良好发展，具有重要的意义。就其发展现状来看，数字图书馆的发展状况可以分为以下几点。</p>
                <p id="68">(1）总体状况良好</p>
                <p id="69">我国数字图书馆兴起于20世纪90年代，距今已经有将近20年的发展历程，在此期间，已经有了初步的良好的效果。总的来说，已经建立起了超过100个数字图书馆，给我国图书事业的发展奠定了良好的发展基础。目前已有清华大学、北京大学等高校建立起了数字图书馆，因此，总体状况良好。</p>
                <p id="70">(2）发展结构不合理，没有形成完整的系统</p>
                <p id="71">虽说近20多年来数字图书馆已经有了较好的发展局面，但是就其具体情况而言，数字图书馆的建设缺乏有效的规划，很多地方受种种因素影响仍然没有建立起数字图书馆，而已经建立起的数字图书馆实行的是私有的独立的管理模式，而没有做到资源共享，总体来看，缺乏完整的系统，发展结构也很不合理。</p>
                <p id="72">(3）数字图书馆管理人员缺乏</p>
                <p id="73">现在很多已经建立起的数字图书馆没有建立有效合理的规章制度，因此，数字图书馆的管理方面仍不尽人意，难以满足数字图书馆建设的需求。此外，最重要的一项因素便是数字图书馆管理人才的缺乏了，由于我国现在数字图书馆事业尚处于起步阶段，因此，还没有建立起相应的数字图书馆人才培养制度，很多管理人员素质较低，不能很好地满足事业发展的需要，而且人才短缺，难以维持数字图书馆的发展。</p>
                <p id="74">(4）许多细节还有待进一步改善</p>
                <p id="75">总体来看，数字图书馆已经初步建立，但是考虑到以后长远发展的问题，数字图书馆的建设还有很多地方没有达到标准，在很多细节问题上都没有做好，比如，读者在进行图书检索的时候并不能快速有效地找到自己所需要的数据，有时候要花费很多时间，这会在很大程度上造成人力、财力的浪费，因此，细节问题需要进一步完善。</p>
            </section>
            <section id="76">
                <title>2.2 数字图书馆的特点</title>
                <p id="77">数字图书馆作为一项新兴起的事业，在未来必然有着良好的发展局面，其自身具有很多的特点，这些都需要我们明确然后才能有更多的动力去发展数字图书馆，其特点可以从以下几个方面来说。</p>
                <p id="78">(1）信息的丰富性</p>
                <p id="79">数字图书馆与传统的图书馆相比一个很大的优点便是所含有信息的丰富性，数字图书馆里包含大量的图书和相关电子资料，这些都会在读者进行查询时让读者得到满意的答案。</p>
                <p id="80">(2）查询的快捷性</p>
                <p id="81">数字图书馆还有一项很大的好处便是它的快捷性，读者只需要在信息化设备上输入自己所要查询的书籍名，便可以很快地得到自己所需要的结果，因此，具有极大的快捷性。</p>
                <p id="82">(3）服务的智能性</p>
                <p id="83">数字图书馆一项很突出的优点在于它的智能性，读者在进行图书查询、信息搜集的时候只需要键入关键字眼便会快速便捷地找到自己所需要的信息，还能很快得到大量的电子资源，给读者带来很大的便利性，也丰富了读者所需要的知识。</p>
            </section>
            <section id="84">
                <title>2.3 影响数字图书馆建设的主要因素分析</title>
                <p id="85">虽说数字图书馆在我国已经初步建立，但是就目前的发展形势来看，数字图书馆的建设仍会有很多限制因素，这些都会给图书馆的建设带来一定的不便，需要进一步完善和提高才能真正地促进图书事业的兴旺发展，因此，首先要找到影响图书馆建设的因素，然后有针对性也找出解决办法。总的来说，影响数字图书馆发展的因素可以分为以下几点。</p>
                <p id="86">(1）技术水平低下给数字图书馆的建立带来很大的限制</p>
                <p id="87">数字图书馆的建设是要建立在高水平技术的基础之上，它的建设对技术有着很高的要求，技术水平的高低直接影响着数字图书馆能否很好地建立起来。因此，这是影响数字图书馆建设的一项最基本的因素，就我国的发展现状来看，数字图书馆的建设水平总的来说较低，很多技术都是从国外引进而不能很好地自我研究和应用，因此有着很大的限制，技术水平的低下给我们国家数字图书馆的建设带来了很大的不便，很多地方由于缺乏相应的技术而导致了建设计划的搁浅。</p>
                <p id="88">(2）政策层面的问题</p>
                <p id="89">在我国这个社会主义国家里，很多事业的发展都需要国家政策的扶持，特别是作为公共事业的一个重要组成部分的图书馆事业。因此，数字图书馆的发展在很大程度上要借助于国家政策的扶持，只有国家相关部门制定出了关于建立数字化图书馆的一系列政策和采取相关措施，数字图书馆的发展才能加快，才能更好地促进图书事业的发展，为我国公众谋取福利，使得图书馆的发展变得全面。因此，国家政策的发展对于建立数字图书馆有着重要的意义。</p>
                <p id="90">(3）资金层面的问题</p>
                <p id="91">除上述的技术和政策之外，还有一个很重要的因素便是资金了。建立数字图书馆需要花费大量的人力物力，还要引进很多关于数字图书馆的最先进的技术，此外，还需要大量的资金来维持图书馆其他各个方面的发展以及数字图书馆事业的正常发展。因此，资金便成了发展数字化图书馆的最重要的一项事业，没有了资金的支持，各项事业的发展便无从谈起，所以，资金的支撑是建设数字化图书馆的基础和承载，而在建设数字化图书馆时，资金因素便成为了一项很大的限制因素。</p>
                <p id="92">(4）关于版权问题的限制</p>
                <p id="93">以上分析了关于建立数字图书馆的一些最基本的问题，在分析了这些外在的基本的条件之外，还有一项不容忽视的问题便是数字化图书馆里的著作的版权问题了。之前关于此方面就出现了“谷歌”事件，因此，这件事需要引起足够的重视，只有把数字化图书馆的著作权问题解决，且要找到最好的解决方法，才能很好地做好数字化图书馆的内部基本问题，才能保证在图书馆建立以后的正常运转。</p>
            </section>
            <section id="94">
                <title>2.4 解决数字图书馆限制因素的措施</title>
                <p id="95">(1）进行技术的自主研究</p>
                <p id="96">数字图书馆的发展需要有先进的技术作支撑，因此，一定要进行技术的自主研究，不能一味地从国外引进技术，只有从根本上建设我们自己的数字图书技术，我国图书事业才能长远健康地发展。</p>
                <p id="97">(2）制定相应的政策</p>
                <p id="98">国家相关部门应该制定相应的政策并且设立相关部门来促进数字图书事业的发展，从政策方面来促进数字图书事业的发展。</p>
                <p id="99">(3）引进足够的资金</p>
                <p id="100">除却技术和政策外的保策，还要由国家相关部门和社会企业合作，来保证数字图书馆事业发展和维持所需要的资金，从而促进图书事业的发展。</p>
                <p id="101">总之，数字图书馆的建设对于我国图书事业的良好发展和公共事业的发展有着重要的意义，它很好地顺应了社会的发展趋势，顺应了社会发展潮流。因此，我们应该大力提倡，但是现阶段数字图书馆的建设仍然面临着很多问题，受到了很大的限制，我们需要认清数字图书馆发展的现状，并且寻求解决问题的方法加以解决，只有这样，数字图书馆发展才有保障。</p>
            </section>
        </section>
        <section id="102">
            <title>3 数字图书馆网站的设计</title>
            <p id="103">建立一个高质量的数字图书馆网站，为图书馆与图书馆之间、图书馆与读者之间、读者与读者之间提供了一个广阔的交流平台，同时，数字图书馆网站作为对外服务的一个非常重要的窗口，是联系图书馆和图书馆之间、图书馆和读者的纽带与桥梁；数字图书馆网站建设的水平在一定程度上映射出这所图书馆的办馆思路、服务理念与发展方向。“人性化”的数字图书馆网站更能体现图书馆实现“以馆藏资源为中心”的服务模式向“以用户需求为中心”的服务模式的转变。</p>
            <section id="104">
                <title>3.1 数字图书馆网站的设计原则</title>
                <p id="105">从20世纪开始，对图书馆产生最深远影响的理念莫过于“人性化”。所谓人性化就是以满足人的需求，实现人的价值，追求人的发展为价值取向，以充满人文关怀，体现美与和谐的形式来开展活动的一种柔性活动原则。人性化设计是以人为中心和尺度的，满足人的生理和心理需要、物质和精神需要，营造舒适、高雅的使用空间，使人们享受数字图书馆网站使用的趣味和快感。把这个理念引进数字图书馆网站的建设，就是遵循图书馆服务的原则“读者第一，服务至上”，这个原则适合任何时代，但它也会随着时代的变化而增添新的内容。人性化的高校数字化图书馆的设计必须遵循以下原则。</p>
                <p id="106">(1）网站内容结构合理</p>
                <p id="107">对于数字图书馆网站来说，合理地组织发布图书馆馆藏、电子资源、服务项目等信息内容，以便用户能够快速、准确地检索到要找的信息，是网站成功与否的关键。如果数字图书馆网站不能让访问的用户迅速找到自己要找的内容，那么就要重新调整网站的内容结构，使之趋于合理，方便查询。</p>
                <p id="108">(2）网站信息必须经常更新</p>
                <p id="109">主页设计得好，自然会吸引人们的注意，但是只能吸引一两次而已，要想长期地吸引住用户，最终还是靠内容的不断更新。数字图书馆网站应及时把最新入藏的图书、期刊以及定购的数据库资源发布到网站，便于用户使用。</p>
                <p id="110">(3）每次更新的网页内容要尽量在主页中提示给用户</p>
                <p id="111">由于网站内容的结构一般都是树型结构，有的网站虽然经常更新网页，但每次更新的内容全被放进各级版块或栏目中，用户并不知道更新了哪些东西。所以一定要在首级主页中显示出最近更新的网页目录，以便用户浏览。</p>
                <p id="112">(4）网站内容的全中文检索能力</p>
                <p id="113">当网站的栏目、内容、功能达到一定规模的时候，要提高网站的实用性，达到快速有效获得信息的目的，务必要提供全中文检索能力，以便用户查找本网站的信息。</p>
                <p id="114">(5）网站的信息交互能力</p>
                <p id="115">网站的信息交互功能引导用户参与网站内容建设，使用户能方便、及时地和信息发布者交流，为网站的维护和建设提供宝贵的意见和建议，使网站的内容、功能模块不断充实。</p>
            </section>
            <section id="116">
                <title>3.2 数字图书馆网站的特征</title>
                <p id="117">人性化设计的最高境界是内容与表现形式的完美结合。在数字图书馆网站建设过程中，由于各个馆人力物力投入、技术水平基础等主客观因素的差异，把握和驾驭内容与表现形式结合的能力也会有所差别，但是，设计和建设“人性化”高效率的网站应该具备以下特征。</p>
                <p id="118">(1）实用性</p>
                <p id="119">强烈的视觉效果和完善的功能对于一个成功的网站来说极其重要，如果一个站点设置的栏目、发布的内容无法在最短的时间内提供给用户最想从这个站点中了解的信息，这就算失败了。数字图书馆网站目标是力求把读者最需要的服务信息和想要查找的资料放在最显眼的位置，让用户在最短的时间中找到，虽然这可能丧失掉某些创意，但这可以充分体现网站的实用性。</p>
                <p id="120">(2）可用性</p>
                <p id="121">网站可用性指的是网站的设计是否符合用户的需求，协助用户快速而有效地达到他们的目标。这是因为特定网络用户与一般人不同，他们在网站上并不是漫无目的地浏览，而是有着明确目标，或是查找资料，或是完成某项任务。具有良好可用性的网站能够协助用户寻找他们需要的信息，帮助他们高效、方便地完成任务。一般说来，可用性测量因素包括有效性、效率和用户满意度三部分内容。有效性表现在用户能否利用网站完成任务；效率表现为用户完成任务的时间；满意度是用户对网站的主观感受。因此，网站可用性设计一般要注重：高效、直觉、相关帮助、吸引人。</p>
                <p id="122">(3）易用性</p>
                <p id="123">美国著名的优化大师斯蒂夫•克鲁格推崇的效果优化第一原则就是“别让我动脑”。这个概念看似简单，如果想要真正做到这一点那是非常困难的。用户由于生活的地域不同，或者因为受到的教育经历不同，有着理解问题的差异，或者是个人观点和习惯的不同等等，有着各种各样的差异，“别让我动脑”这个概念在不同的人身上有着不一样的概念。我们要让所有人都能够理解使用我们的网站能够方便地达到他想要达到的目，比较现实又相对简单的方法就是“试用”，在“试用”以后我们就可以根据测试的结果分析出需要修改的部分，力求接近“别让我动脑”这个概念，最终的目的是“使用简单”，而“使用简单”是一个网站成功的基础。</p>
                <p id="124">(4）可扩展性</p>
                <p id="125">一个站点的结构、内容、样式会随着技术的不断进步和信息量的不断增加而有所变化。人性化的网站设计应该注意框架结构的总体布局，选用成熟的技术来实现，达到随时、随意补充信息内容和功能模块而不影响网站的整体架构和风格。</p>
            </section>
            <section id="126">
                <title>3.3 数字图书馆网站布局</title>
                <p id="127">网络的发展、技术的进步使得网站的布局呈现百花齐放、百家争鸣的状态。目前网络流行的网站布局大致有以下几种。</p>
                <p id="128">(1）“T”结构布局</p>
                <p id="129">所谓“T”结构，就是指页面顶部为网站标志（Logo）加广告条（Banner），下方左面为主菜单，右面显示内容的布局，因为菜单条背景较深，整体效果类似英文字母“T”，所以我们称之为“T”形布局。这种布局的优点是页面结构清晰，主次分明。缺点是规矩呆板，如果色彩搭配不当，很容易让人“看之无味”。</p>
                <p id="130">(2）“口”型布局</p>
                <p id="131">这是一个象形的说法，就是页面一般上下各有一个广告条，左面是主菜单，右面放友情链接等，中间是主要内容。这种布局的优点是充分利用版面，信息量大。缺点是页面拥挤，不够灵活。</p>
                <p id="132">(3）“三”型布局</p>
                <p id="133">这种布局多用于国外站点，国内用得不多。特点是页面上横向两条广告条，将页面整体分割为四部分。这种布局比较简洁大方。</p>
                <p id="134">(4）对称对比布局</p>
                <p id="135">顾名思义，采取左右或者上下对称的布局，一半深色，一半浅色，一般用于设计型站点。优点是视觉冲击力强，缺点是将两部分有机地结合比较困难。</p>
                <p id="136">(5)POP布局</p>
                <p id="137">就是指页面布局像一张宣传海报，以一张精美图片作为页面的设计中心。这种布局多用于时尚类站点，优点显而易见：漂亮吸引人；缺点就是速度慢。</p>
                <p id="138">数字图书馆网站作为图书馆信息服务的虚拟呈现，有其行业自身的特质：淳朴实用。网页的设计布局要充分考虑数字图书馆各项功能的发挥与完善，要充分利用计算机技术来处理要发布的信息，从网页中体现出本馆馆藏与特色服务，体现信息的网络搜索功能、浏览功能、文件上下载功能、信息获取与传输功能、音视频鉴赏与评价功能、读者与读者以及读者与工作人员的交流互动功能。选用以上其中一种或几种布局来设计建设数字图书馆的网站，内容的合理布局至关重要，一是要注意功能清晰，栏目分明；二是要信息内容井然有序，多而不乱；三是要斟酌信息的轻重、主次，突出重点、引人注目；四是简洁明快，迅速提供信息。</p>
            </section>
            <section id="139">
                <title>3.4 数字图书馆网站功能模块设计</title>
                <p id="140">数字图书馆网站建设的目的是为了让读者更好地利用现代科技多途径、省时、省力地利用图书馆的馆藏资源，现代的远距离的“虚拟化”服务模式由原来的辅助地位上升到与图书馆传统的“实物化”服务模式同等地位，因特网的发展已经从初创期进入了成熟期，相应地，网站界面设计也将重点从强调创意的视觉导向转移到了强调可用性的功能导向。因此，设计和建设“人性化”高效率的网站应该包括以下几个功能模块。</p>
                <p id="141">(1）图书馆概况</p>
                <p id="142">作为用户了解和使用图书馆的重要窗口，是图书馆实物服务模式的虚拟化，模块重点介绍图书馆的基础设施、业务流程、服务理念，主要包括：本馆简介、组织机构、规章制度、馆藏分布、馆舍馆貌、开放时间、公告等栏目。</p>
                <p id="143">(2）查找资料</p>
                <p id="144">为方便用户根据自己需要查找资料类型，数字图书馆网站应把目前现有的馆藏资源分门别类地作详细的介绍。模块细分为：图书、期刊、学位论文、音像资料、会议文献、专利、报纸、报告、标准、特色资源等栏目。</p>
                <p id="145">(3）电子资源</p>
                <p id="146">主要介绍数字图书馆提供的各种类型的数字化资源。模块包括：电子资源及数据库、西文电子期刊、中文电子期刊、电子图书、电子资源试用、免费电子资源等栏目。</p>
                <p id="147">(4）服务指南</p>
                <p id="148">为提高馆藏资源的利用率，帮助用户快捷、高效地利用图书馆资源，模块应包括：使用帮助、参考咨询、读者培训、借阅证办理、书库与阅览室、服务项目等栏目。</p>
                <p id="149">(5）互动平台</p>
                <p id="150">“以人为本”的人性化数字图书馆网站，应该有个交流平台，让用户通过E-mail、留言簿、BBS论坛、虚拟参考咨询等方法，对图书馆的资源利用作出反馈，从而提高馆藏资源的利用率。</p>
                <p id="151">(6）个性化信息服务</p>
                <p id="152">又叫我的图书馆或个人数字图书馆，是根据用户的专业、所选功能模块、定制的版面布局所呈现给用户的信息服务。</p>
                <p id="153">网站建设是一个长期累积不断更新的过程，随着社会的转型，科技的发展，网络数字时代的来临，围绕“以人为本”这个理念，每个图书馆应根据自己的现有馆藏、技术水平，加强图书馆的网站建设，这对于提高馆藏资源的利用率，提高图书馆的整体服务水平，提升图书馆的社会形象，都具有现实意义。</p>
            </section>
        </section>
        <section id="154">
            <title>4 数字图书馆网站的管理与维护</title>
            <p id="155">网站管理与维护是网站建设的后续保障，是一项持续性的工作，只有在不断更新和改进的过程中，图书馆的网上信息服务才能得到完善和提高。</p>
            <section id="156">
                <title>4.1 网站管理与维护的重要性</title>
                <p id="157">网站建成之后，并不意味着网站建设的结束，接下来持续的管理与维护工作更为重要。如果不进行网站管理与维护，将出现一系列问题，如网站风格一成不变，内容陈旧、长时间不更新，因软件或硬件的原因经常无法访问等。一个成功的网站随时都可能有内容和其他方面的更新，并能保证读者随时访问，这样才会有吸引力，获得更高的访问量，更好地发挥网站的作用。如果一个网站提供的信息总是不更新，并且经常无法访问，谁还会再去关注呢？</p>
                <p id="158">高校数字图书馆网站为广大读者提供了一个很好的网上服务平台，是对图书馆传统服务在时间和空间上的拓展和延伸。数字图书馆网站必须保证持续的长时间运行，才能使读者随时能够访问并获取最新的信息资源。因此网站的维护工作是十分重要的。不去维护，网站是没有生命力的。高校数字图书馆网站的维护主要包括：栏目和内容的更新、访问的统计和分析、网络信息安全和硬件的维护。这几方面都很重要，某一方面做不好都会影响网站的正常运行。</p>
            </section>
            <section id="159">
                <title>4.2 网站栏目的更新</title>
                <p id="160">网站栏目设置是否科学、合理，将会直接影响用户利用网络资源的效率。早期高校数字图书馆网站的栏目一般包括：本馆概况、读者指南、通知公告、信息检索、网络数据库和文件下载等。由于当时技术水平和硬件设备的限制，网站栏目的设置不规范，有一定的局限性。随着数字化图书馆建设的深入，网站建设时设置的栏目可能已经无法满足现在的需求，因此需要进行更新，主要包括以下几个方面。</p>
                <p id="161">(1）随着计算机硬件的发展和各高校图书馆对计算机等硬件设备投入的增加，很多图书馆建立了随书光盘数据库、特色馆藏数据库和视频点播系统等。</p>
                <p id="162">(2）随着软件技术的发展，数字图书馆网站为读者提供了留言和在线咨询等功能。</p>
                <p id="163">(3）很多图书馆都开展了新的业务，如科技查新、论文提交等。</p>
                <p id="164">这些数据资源和服务项目都要作为新的栏目添加到图书馆的网站上，使读者能及时了解和充分利用。网站栏目的更新也是对数字图书馆网站的逐步完善，删除一些设置不合理或已经不用的栏目，增加最新、最实用的，从而使读者更方便地查找需要的信息，提高上网的效率。</p>
            </section>
            <section id="165">
                <title>4.3 网站内容的更新</title>
                <p id="166">目前很多网站在内容上存在信息量少、更新速度慢的问题，导致访问量的下降。只有为读者提供最新的内容、最全面的信息，才能真正发挥网站的作用，提高网站的访问量。高校图书馆作为学校文献资源中心和信息资源的集散地，是校园网和教育科研网中最重要的信息源，因此内容的更新尤为重要。高校图书馆内容的更新主要包括：图书馆的新闻、通知，新书通报，催还通知，网络数据库等。新闻和通知可以使读者了解图书馆的工作动态，更好地利用图书馆。新书通报可以使读者了解图书馆进的新书，能够及时获取最新的知识，使新书得到充分的利用。催还通知可以让读者在规定的期限内把自己所借的图书归还或续借，避免不必要的损失。网络数据库对学术科研的帮助很大，也是更新比较频繁的。目前各高校图书馆除了购买的数据库外，都开通了很多的试用数据库，但试用数据库都有一定的期限，因此网站管理员应该定期与这些数据库公司联系，确认试用的期限，及时删除已失效的站点，增加新的试用数据库，使读者能够查找到更多的资料。</p>
                <p id="167">内容更新特别重要的是各部门的协作，网站管理员不可能随时了解图书馆各部门的工作动态，这就要求各部门利用网站提供的新闻发布功能，发布自己的新闻等，以确保网站内容的及时更新，并且在内容更新时要留下更新的时间，使读者有新鲜感。另外，新闻的发布还要有一个审核的过程，以保证网站上信息的准确性，杜绝反动言论等不良信息。</p>
            </section>
            <section id="168">
                <title>4.4 网站访问日志的统计和分析</title>
                <p id="169">网站的管理员在日常工作中，还要做好访问日志的统计和分析工作。访问日志的统计主要包括：不同时段网站访问的流量，不同资源的访问量，用户IP的来源等。通过对访问日志的分析，可以为高校图书馆的工作和网站的工作提供很大帮助，主要体现在以下几个方面。</p>
                <p id="170">(1）通过对不同时段网站访问量的统计分析，寻找访问高峰期，有利于我们调整工作步骤，及时发布新闻消息，以及对服务器进行调整和维护等。</p>
                <p id="171">(2）高校图书馆每年需要购买的数据库资源太多，但经费有限，只能选读者最需要、最想要的。数据库资源访问量的统计分析，可以成为购买数据库资源的重要依据。</p>
                <p id="172">(3）根据对用户IP来源的统计分析，可以比较校内用户和校外用户的兴趣差异，调整服务方式，满足不同读者的需求。</p>
                <p id="173">网站访问日志的统计和分析工作不会随时反映在网站上，但却使网站的更新及维护工作有所依据，更有目的性和针对性，对网站的长期发展和改善有着很大的帮助，因此必须作为一项日常工作长期坚持。</p>
            </section>
            <section id="174">
                <title>4.5 网络信息安全</title>
                <p id="175">网络信息安全是保障数字图书馆网站连续、可靠、正常运行的关键。目前危害网络信息安全的行为和方式主要有：计算机黑客恶意入侵和计算机病毒感染。因此网站管理员平时的工作应做到以下几点。</p>
                <p id="176">(1）及时打系统漏洞补丁。目前各高校数字图书馆网站一般都是放在基于Windows操作系统的服务器上，但Windows操作系统存在较多漏洞，网站管理员一定要随时关注微软官方发布的漏洞信息，及时打补丁，防止黑客的入侵和病毒的感染。此外还可以利用漏洞扫描软件，对系统进行扫描，以便及时发现漏洞，下载安装相应的补丁。</p>
                <p id="177">(2）设置和定期更换服务器密码。网站服务器的密码设置一定要复杂，这样才不容易被黑客软件破解，一旦服务器密码被盗，网站就没有任何安全性可言，因此服务器的密码设置一定要复杂并定期更换。</p>
                <p id="178">(3）为服务器安装杀毒软件和防火墙，定期进行升级和杀毒，确保服务器没有病毒，不受攻击。</p>
                <p id="179">(4）系统备份。系统备份包括自动备份和手动备份。自动备份在网站建设时就要做相关的设计。而手动备份则是网站管理员定期的工作。只有做了备份才能保证网站的万无一失。一旦发生意外情况导致网站无法运行或者服务器故障，没有备份将使所有的数据无法恢复，造成很大的损失，有了备份可以使网站在很短的时间内恢复正常运行。另外，还要做到异地备份，一旦发生火灾等不可预知的情况，可以保证数据少丢失或不丢失。</p>
                <p id="180">此外，网站服务器一定要放在相对独立的机房内，不允许在服务器上进行网站维护以外的任何操作，以防止系统出现问题和被病毒感染。</p>
            </section>
            <section id="181">
                <title>4.6 硬件的维护</title>
                <p id="182">硬件的维护也是非常重要的，任何软件都要在相关的硬件上运行。网站的正常运行主要包括服务器和相关网络设备的正常运行。网站管理员要定期检查服务器的运行情况，使硬件问题得到及时的解决。由于网站要保证全天候的连续开放，所以网络设备也要定期进行检查，保证网络的畅通。此外服务器最好定期重新启动，以保证最佳的运行状态。</p>
            </section>
            <section id="183">
                <title>4.7 网站维护过程中应注意的几个问题</title>
                <p id="184">(1）要安排责任心、事业心强、技术精通的专业人员负责网站的日常维护，使数字图书馆网站能够正常运行，跟上形势的发展。</p>
                <p id="185">(2）要对相关的技术人员进行培训。计算机是目前发展很快的专业，技术人员只有不断地学习，才能掌握最新的技术，以应对出现的问题。</p>
                <p id="186">(3）增加对硬件设备的投入，定期更换服务器等设备。硬件的使用寿命是有一定期限的，特别是网站的服务器要全天候运行，一定要及时更换新的设备，以免硬件损坏造成不必要的损失。</p>
                <p id="187">(4）制定相关的网络安全条例和安全保障制度，在重视安全技术的基础上，加强安全管理。</p>
                <p id="188">综上所述，高校数字图书馆网站的管理与维护是一项长期而又艰巨的任务，要受到包括计算机设备、网络软件、专业人员等多方面的限制。网站的好坏直接关系到图书馆的服务水平，数字图书馆网站的维护必须做到及时、安全，才可能满足读者的需求，只有把数字图书馆网站管理与维护的更好，才能留住读者，达到网站建设的最终目的。</p>
            </section>
        </section>
    </body>
    <bibliography/>
    <footnote/>
</article>
