<?xml version="1.0" encoding="utf-8" standalone="no"?>
<article id="37" type="book" filename="result" version="2.1.1.1">
    <title>第5节||数字图书馆用户的增加和删除</title>
    <body>
        <p id="1">用户密钥对的生成一般可以在服务器端进行。对于数字图书馆的用户群来说，他们并不关心密钥的生成及证书的认证等后台的技术性问题，所以，对于数字图书馆的管理者而言，更实际的做法就是先在服务器端生成，然后将相关的信息以某种安全的途径告知用户。</p>
        <section id="2">
            <title>1 用户的增加</title>
            <p id="3">(1）身份验证。图书馆管理员收集用户的相关信息并验证其真实性，比如姓名、电话、电子邮件以及其他纸质文档（护照、营业执照、单位证明等）。</p>
            <p id="4">(2）密钥生成。由用户管理服务器根据相关安全策略和密钥管理策略，通过密钥生成软件为用户生成一个密钥对。</p>
            <p id="5">(3）利用管理员收集到的用户相关信息，以及生成的密钥对在用户管理服务器为用户完成证书的生成及注册，然后将用户的私钥及数字证书通过电子邮件或者其他方式告诉用户。</p>
            <p id="6">(4）用户通过收取邮件或者从服务器网站上下载其私钥及数字证书。</p>
        </section>
        <section id="7">
            <title>2 用户的删除</title>
            <p id="8">当数字图书馆用户的身份发生变更，或者注册证书时的日期到期，都可能引发用户的删除问题。</p>
            <p id="9">(1）在经过一定的判断或者接收用户的停用请求后，从服务器发给用户一个证书撤销的原因说明。</p>
            <p id="10">(2）将该用户的证书从证书库中删除，移入证书撤销表中。</p>
            <p id="11">(3）该用户的状态从有效状态置为无效状态。</p>
            <p id="12">为了防止以后工作量的重复及增加系统的开销，用户的删除不必要每次都做得非常彻底，这样在将用户从无效状态向有效状态的转化时可以大大缩短工作的进程。另外，可以根据用户的相关信息做出一个初步判断，以证实用户删除的彻底性。</p>
            <p id="13">为了避免用户信息库及证书库的无用数据太多，服务器可以定期地执行系统清理工作，将长期不用的证书及用户相关信息剔除。</p>
        </section>
    </body>
    <bibliography/>
    <footnote/>
</article>
