<?xml version="1.0" encoding="utf-8" standalone="no"?>
<article id="3" type="standard" filename="result" version="2.1.1.1">
    <title>1 范围</title>
    <body>
        <p id="2">本文件规定了高清晰度和4K超高清晰度数字电视转播车的技术要求和测量方法。</p>
        <p id="3">本文件适用于高清晰度和4K超高清晰度数字电视转播车的设计、生产、测试、验收、运行和维护。</p>
    </body>
    <prolog>
        <metadata>
            <cataloglink/>
            <phypage>7</phypage>
            <pubpage>1</pubpage>
        </metadata>
    </prolog>
    <bibliography/>
</article>
