<?xml version="1.0" encoding="utf-8" standalone="no"?>
<article id="13" type="book" filename="result" version="2.1.1.1">
    <title>第2节||数字图书馆用户组织</title>
    <body>
        <p id="1">传统图书馆为了确定本馆的服务对象，加强与用户的联系和研究，要根据本馆的性质、任务及主观和客观条件，有计划地组建自己的用户队伍。还要建立各种用户组织，吸收用户参加图书馆的管理和图书馆的各种活动，对图书馆的工作提出建议和意见，将图书馆工作置于用户群众的监督之下。</p>
        <section id="2">
            <title>1 用户队伍的组建</title>
            <p id="3">各类型图书馆由于任务不同、服务对象和服务重点不同，组建用户队伍的方法也不同。机关图书馆、科研机构图书馆、高等学校图书馆组建用户队伍的工作比较简单，凡是本单位或本校的成员，都应是图书馆的服务对象。但是也要经过读者登记，发给借阅证以后，才能持证来图书馆借阅文献。公共图书馆的服务对象比较广泛、复杂，要求借书的人又很多，因此需要根据本馆的方针任务、藏书保障情况、馆员的人数、社会对图书馆的要求及本地区图书馆的分布情况等，有计划地发展用户。</p>
            <p id="4">用户队伍的构成包括：用户总数，各类型用户的比例，重点用户的确定，个体用户与群体用户的比例，内部用户与外部用户的关系和比例，用户队伍的整体特色等。当然，在虚拟图书馆的情况下，网上用户无法掌握，因而也就没有组建用户队伍的问题了。</p>
        </section>
        <section id="5">
            <title>2 用户组织的建立</title>
            <p id="6">数字图书馆为了加强与用户的联系，做好重点用户的服务工作，增强图书馆的活力，提高图书馆的服务效果，经常组织用户委员会、用户协会、读书小组、用户联谊会、用户沙龙等。</p>
            <section id="7">
                <title>2.1 建立用户组织的目的</title>
                <p id="8">(1）吸引用户参加图书馆的民主管理，为搞好图书馆工作当好参谋。如北京大学图书馆曾组织过图书馆委员会，参与每年的选购书刊工作。有的图书馆请用户委员会对工作计划的制订、执行给予监督、建议和评估等。</p>
                <p id="9">(2）建立用户积极分子队伍，协助图书馆开展各种活动。如：解答咨询，编写宣传栏，推荐好书等。</p>
                <p id="10">(3）组织用户发挥专长，为振兴地方经济，发展地方科技服务。例如：南京金陵图书馆将分散的退休科技人员组织起来，进行横向联合，开展集体科研活动，为地方经济发展服务。</p>
                <p id="11">(4）组织用户互相交流知识，活跃文化生活，如用户联谊会、用户各种专题沙龙等。</p>
            </section>
            <section id="12">
                <title>2.2 用户组织的功能</title>
                <p id="13">(1）信息集散交流的功能：将各种科研成果、动态、课题进展情况、研究方向等信息搜集起来，通过一定的组织，向社会输出，为社会服务。</p>
                <p id="14">(2）提高会员素质的功能：通过互相通报，交流启发，可以更新知识，掌握信息。</p>
                <p id="15">(3）协作研究的功能：通过不同学科的交合及思维的碰撞，可以启发思路，促进创造活动。</p>
                <p id="16">(4）应用服务的功能：利用用户组织中的专业人员，举办各种专题讲座，或开办外语、会计、计算机辅导班，为提高全民素质服务。</p>
            </section>
        </section>
    </body>
    <bibliography/>
    <footnote/>
</article>
