<?xml version="1.0" encoding="utf-8" standalone="no"?>
<article id="40" type="book" filename="result" version="2.1.1.1">
    <title>第2节||数字图书馆资源流通阅览与管理</title>
    <body>
        <section id="1">
            <title>1 数字图书馆流通阅览工作的特点</title>
            <p id="2">在网络环境下，图书馆的服务方式已经有了很大的变化，虽然传统的服务方式还存在，但是新型的服务方式受到更多读者的追捧，个性化服务更是图书馆工作中重点研究和探讨的话题之一。</p>
            <p id="3">数字图书馆的个性化服务是从信息提供者的角度为用户量身定制的信息服务，而用户体验则是用户利用这种服务的经历与感受。由于信息提供者和用户在认识方面存在偏差，所以，信息提供者只有通过与用户的交互，了解用户在使用个性化服务中的体验与感受，才能为用户提供更加切合用户实际的和更加高效的个性化服务。可以说，用户体验与数字图书馆个性化服务同出一辙，是目标与手段的关系，让用户获得愉快的体验是目标，而数字图书馆提供的个性化服务则是实现这一目标的手段。</p>
            <p id="4">流通阅览个性化信息服务的特点：</p>
            <p id="5">第一，信息服务内容丰富多彩</p>
            <p id="6">计算机技术、多媒体技术以及网络通讯技术的迅猛发展与综合利用，使得人类进入信息时代。网络信息的快速增长、信息形式的多种多样以及信息传播的发展，从而使图书馆的信息服务发生很大的变化。图书馆的网络数据库，电子资源、科技查询资源等大量的信息，读者希望不仅要为自己提供更加准确的信息，而且能够按照自己指定的方式进行服务，例如提供印刷版、电子版、网络版或者是电子邮件等服务要求，读者对服务的时间和地点也有一定的要求。</p>
            <p id="7">第二，与读者沟通更方便</p>
            <p id="8">一般来说，个性化信息服务都要求构建一个友好的读者信息服务平台。这个服务系统不仅要求方便读者使用，而且可以方便读者描述自己的需求，方便他们反馈服务结果的评价，可以跟踪了解读者的兴趣与要求，以便改进服务内容与方式，提供更合适的个性化信息服务。</p>
            <p id="9">第三，服务更加注重时效性</p>
            <p id="10">个性化服务能够保证信息的时效性，并且能够主动将符合读者特点与需求的信息及时推送给读者，而且可以为读者提供最符合的信息资源，排除不相关信息的干扰，极大地节约了用户从信息海洋中搜寻的时间。在用户创建用户名和密码后，可以在任何地方通过互联网浏览器登录个性化系统查找所需要的文献资源。</p>
        </section>
        <section id="11">
            <title>2 数字图书馆流通阅览服务与创新</title>
            <section id="12">
                <title>2.1 改进服务意识</title>
                <p id="13">流通工作不能单纯停留在以前的被动服务工作状态，应该要拓展流通部门的服务范围，深化服务内容，变被动服务为主动服务，积极开展个性化服务。在网络条件下，图书馆的工作人员要树立“读者第一，服务至上”的思想观念，改善服务态度，掌握好服务技巧，急读者所急，想读者所想，摆正自己与读者的服务与被服务的位置。例如对馆员采取请进来走出去的方式进行培训，组织到先进馆学习取经；开展网络调查，倾听读者心声等，以灌输和接受先进的服务理念，让馆员在潜移默化中改变陈旧落后的服务意识。</p>
            </section>
            <section id="14">
                <title>2.2 改革服务手段</title>
                <p id="15">传统的流通阅览服务手段比较单一，而网络条件下图书馆的个性化服务内容已经得到了更进一步的深入。流通阅览工作可以做到如下一些深入的改革。在借阅服务方面，可以做到预约、催还、网上续借等功能。例如建立邮箱服务，可以在系统上建立个性化服务邮箱，读者可通过该邮箱了解图书馆的藏书类别、藏书数量、新书信息等，可通过服务邮箱帮读者预定已经借出的图书，做到预约图书到馆提示，急需预约图书到期催还提示，所需新书到馆提示等服务；还可以为读者提供图书催还，网上续借等服务，还可利用通讯网络，开展短信/微信新书预告和借书提示与催还等服务。在流通统计工作方面，也可以做好流通阅览的统计，分析读者的需求，与读者建立互动。可以将读者的需求图书和新书入库后的借阅信息进行分析后，反馈给采访部门，使得购书计划可以得到优化调整，从而优化馆藏结构，真正做到藏为所用。还可以统计图书借阅排行榜，放到图书馆主页上，给其他读者提供阅读提示。</p>
            </section>
            <section id="16">
                <title>2.3 My Library的应用</title>
                <p id="17">很多图书馆的系统都有My Library功能，My Library最能表现图书馆的个性化服务。MyLibrary的理念来自于Connell大学的开创性贡献。研究人员发现用户需要更多的个人空间，需要定制重要资源。所谓My Library，是以用户为核心，以个性化选择为界面的图书馆信息资源搜集方式，是根据用户个性特征进行的图书馆信息服务。用户可以在数字图书馆申请取得一定空间，依据自己的兴趣爱好和专业领域建立服务定制，系统根据用户特征的不同而提供不同的服务项目和服务结果，帮助用户获得与其特征描述相一致的数字化资源。个人图书馆是一种图书馆个性化服务模式系统，是一个完全个性化的私人信息空间。在个人图书馆里，一方面用户通过系统界面、资源集合、检索工具、系统服务等的定制来创建愉悦的个性化界面以及对图书馆及网络资源与服务的便捷的链接；另一方面，系统通过提供个性化的信息编辑工具来创建、组织、加工和维护用户的个性化信息（个性化论文、读书笔记等），构筑网络信息时代的“私人藏书楼”。</p>
            </section>
            <section id="18">
                <title>2.4 OPAC检索系统的改进</title>
                <p id="19">OPAC检索系统可以说是流通阅览部的门面，很多读者进入图书馆查阅资料，都是先检索好索取号再到书库找书。现在国内图书馆使用的图书馆系统，都比较旧，虽然检索机更新很快，屏幕是液晶的，可是OPAC的用户界面没更新过，显得不够人性化。OPAC检索界面一般都是一成不变的几个项目可供检索，例如：题名、责任者、主题词、分类号等，不支持组合检索，没有相关词建议，回复信息经常是“没有满足条件的记录”。有专家认为，理想的OPAC系统应该具有用户友好的界面，提倡用户参与和学术合作。它应该具有以下几个功能：提供组合检索，相关词检索以及纠错提醒的功能。检索结果的排列应该有多种选择（按年代，字顺等）。用户可以编写标签和书评。可以根据系别、喜好建立群，通过群实现学业或学术交流。根据借还统计设立最受欢迎书籍或数据库排行榜。提供根据用户喜好的个人推荐书目。也有专家推荐书目。对于无馆藏的文献资源，提供数据库提示，网上书店的提示和馆际互借链接，达到文献资源和服务体系的无缝接合。</p>
            </section>
            <section id="20">
                <title>2.5 图书馆2.0的兴起</title>
                <p id="21">图书馆2.0这个概念自提出起，争论声不绝于耳。在争论过程中，图书馆2.0的内涵也在不断深化，图书馆2.0不仅仅是在图书馆服务中应用Web2.0技术，而是成为新一代图书馆的代名词。图书馆面临严峻挑战已经是老生常谈，图书馆2.0是图书馆界应对挑战的一个反应。近年来，信息技术的发展对图书馆而言可谓冲击和机遇并存。冲击在于新的信息服务模式震撼了图书馆的传统服务领域，并导致了这些服务模式的根本改变。这种新的服务模式显然会对图书馆服务产生影响。原先的图书馆服务是一个标准化的服务构架，图书馆用户只能被动地接受服务。如他们只能来到图书馆的OPAC上查书，到数据库服务商提供的网站上查找文章等等。而到了图书馆2.0时代，图书馆采用了Web2.0的服务构架，不是提供单一的服务模式，而是提供了一个服务构架，即将各种图书馆服务打包成一个个服务模块，而图书馆服务内容则由图书馆用户自行整合图书馆2.0的核心是用户参与，以前我们过多地将用户参与理解为用户的信息（内容）层面参与，而忽视用户参与整合服务内容。例如，图书馆可以采用博客服务商的服务模式，将图书馆主页变成一个信息服务提供者，用户在这个网页，注册一个用户，可以像建立自己的博客那样建立自己的图书馆。每个用户的图书馆都不是一样的，是按照自己的偏好建立起来的。就如同自己的博客那样。用户可以在自己的图书馆里整合各种图书馆服务，也可以添加自己的信息内容，建立自己的读者联系群落，成为一个个人的信息空间。</p>
            </section>
        </section>
        <section id="22">
            <title>3 数字图书馆流通阅览人力资源管理</title>
            <p id="23">随着信息化进程的加快，互联网的广泛应用，现代化信息服务全面进入了高校图书馆领域。在开展原有图书馆业务，即对文献信息加工整理的基础上，以信息技术为先导，进行了传统图书馆馆藏的数字化转换、大型数字化资源的引进、网络信息资源的挖掘和组织、信息资源的整合，并利用先进的信息技术、管理模式来提高信息利用率缩短用户的响应时间。社会信息化对图书馆的挑战真正来临，对图书馆事业的人力资源提出了更高的要求。</p>
            <section id="24">
                <title>3.1 图书馆人力资源管理现状</title>
                <p id="25">许多图书馆对人员管理基本上还停留于传统的人事管理，对人力资源管理的重要性缺乏认识，观念滞后于时代发展要求，所以就出现了很多可以避免但又发生了的现象，最具代表性的就是以下几种情况。</p>
                <section id="26">
                    <title>3.1.1 图书馆工作者在文化程度上整体偏低</title>
                    <p id="27">很多图书馆在引进研究生、博士生或者一些高级人才时，若是他们的家属学历较低，绝大部分都是将家属安排在图书馆；此外，凡是学院或其他部门认为办事或者教学能力不太强的教职工，也都将之安置于图书馆。这样一来，图书馆工作者在很大程度上既自我鄙视又受外界藐视，工作积极性受到严重挫伤。这都导致图书馆在人才配备上存在畸形，人为阻碍了图书馆人力资源的科学管理，使得各项工作的开展处于被动和停滞不前的状态。基于此，合理构建人才队伍是图书馆在人力资源管理中一个重要问题。</p>
                </section>
                <section id="28">
                    <title>3.1.2 图书馆工作者在工作上具有惰性</title>
                    <p id="29">由于有相当一部分图书馆工作者所学专业与工作对口程度不高，加之很多图书馆激励机制不够健全，一部分图书馆工作者工作热情不够甚至缺乏，更谈不上对业务的钻研、工作的创新，呈现一种惰性。如有些人只是按时上班，在工作中既不动脑也不动手，挨到下班时间就下班；还有些人在工作中动嘴多，动手少，动心就更少了。诸如此类的现象，使得图书馆各项工作的开展始终在被动中进行，毫无创新可言。</p>
                </section>
                <section id="30">
                    <title>3.1.3 图书馆工作者在思想上具有不稳定性</title>
                    <p id="31">图书馆相对于高校其他部门或二级学院来说，工作人员的社会地位较低，工资待遇较差，而工作又很繁琐。这就使得很大一部分具有较高文化程度或者较高职称的技术人才，在工作上不安心，更换部门的现象屡见不鲜。而其他文化程度不高或者职称较低的人员同样会有这种想法，工作甚至更加不安心。</p>
                </section>
            </section>
            <section id="32">
                <title>3.2 图书馆人力资源管理方法</title>
                <section id="33">
                    <title>3.2.1 采用职业化的能力评价机制，依据岗位职责对全馆员工分层分类进行评价</title>
                    <p id="34">职业能力应是馆员学历、科研、工作能力三者相结合的综合体现。管理者制定评价标准时应依据各馆具体情况制定合理的配比，再逐一进行量化分解。在评价过程中把学历评价量化分解为专科、本科、研究生（在读）、博士（在读）、博士后（在读）；而工作能力量化评价方法是，首先将图书馆整个工作职能分解到各个部门，再由部门细化到每一个岗位，接着将岗位职责细化到每一位馆员日常的工作任务中，最后实现工作任务的逐层分类、逐级细化，确保事事有人做、权责分明。具体来说，可以采用将图书馆工作按照工作流程分类的办法，即工作分为办公室、流通部、阅览部、文献资源建设部、参考咨询部、网络服务部等几大类，再将部门工作职责细分为采访人员、编目人员、典藏人员，然后细化到各个岗位的工作职责、工作范围、所需学历专业、具备的技能等等，把科研能力评价量化分解为除日常工作之外还需要具备的各项专业能力和科研能力。这样才能应对图书馆现代化、信息化、数字化的转变，科学、有效、快捷地进行图书馆信息服务工作，实现对知识内容性的加工整理，包括论文或科研成果、外语、计算机知识等。在评价过程中还要充分考虑个性特征，包括馆员的性格、爱好、职业道德、人生观、价值观、性别、年龄等等。在具体开展评价工作时，要根据实际情况酌情考虑图书馆及相关馆员的实际情况，评价体系与标准的制定应该成立专项小组具体负责，必须由本馆领导、人力资源专家、图书馆专业专家等各方人才参与制定，并要通过大量的数据统计、问卷调查分析工作，以科学的结论作为评价基础。</p>
                    <p id="35">根据评价结果，我们可以确定图书馆发展方向，结合能力评价体系，针对本馆实际情况制定招聘计划；实际工作中，评价指标可以作为图书馆馆员的工作准则，同时为馆员培训和继续教育提供课程科目设定及考试依据。考核评价体系提供图书馆馆员能力测评的内容，能够在馆员职业发展时提供依据，给馆员多重职业发展选择。</p>
                </section>
                <section id="36">
                    <title>3.2.2 改革图书馆馆员任用机制</title>
                    <p id="37">图书馆领导者应树立“人才第一”的用人理念，将合理利用人才作为提高图书馆核心竞争力的关键。图书馆的工作已经不再停留在简单的图书借还、加工整理上架等基础管理性工作，馆员应具备一定的图书馆专业背景，丰富的实践经验和较高的理论水平和科研能力。优秀人才更看重能够发挥自己才能的岗位和知人善任的领导。所以馆领导要以能委任，给人才一定的发展空间，做到业务层次结构与人才能力结构有机结合。以职业化能力评价给出的评定作为参考来配置岗位。做到人尽其才，才尽其用。在任用机制改革中也要注意动态配置，防止人才流失。根据人才学的理论，人才不仅有能质的差异还有能级的不同，同一能级的人才应按能力在其所在人才结构中进行定位。按人才价值工程原理，人才能级与其所在职位具有的能级应该相互对应，若前者大于后者，应上升更高层次，若前者小于后者，令其提高自身能级或进行必要的岗位调整。所以图书馆岗位层次结构应该与人才能力结构有机组合，建立一种稳定、动态的图书馆队伍，以应对图书馆发展与变化。</p>
                </section>
                <section id="38">
                    <title>3.2.3 加强图书馆馆员能力开发，积极开展继续教育</title>
                    <p id="39">从整体上讲，图书馆要有一支梯次衔接、专业配套、结构合理、富有生机的图书馆馆员队伍。这支队伍应在层次结构、知识结构、职能结构等方面比较适宜。要想图书馆良性发展，就需要图书馆每个成员发挥能力共同奋斗。馆员能力开发应由图书馆牵头，以继续教育培训为主、业余时间自主学习为辅。首先采用多样化继续教育培训形式，既有补充性质的培训班，又有提高性质的研究班；既有针对工作环节的专题培训班，又有更新内容的短期培训班；既有围绕某一新技术新标准的学习班，又有系统学习业务的进修班。图书馆馆员的教育与培训要形成终身教育体制，坚持在职、脱岗、交流等多种培训形式。在培训中鼓励每个馆员成为终身学习者，了解那些抑制馆员学习的因素，知道如何激励馆员学习。图书馆馆员还应当自主地将个人长期发展目标与短期发展目标相结合，依据个人的实际情况，制定既能满足目前工作需要又能促进馆员自身能力长期发展的职业生涯规划。认识自身的价值，自主学习并使其增值，增强职业竞争力。图书馆也可以定期对馆员的职业规划进行评估，把握馆员的职业定位和方向，使馆员的发展目标与图书馆的发展目标趋于一致。</p>
                </section>
                <section id="40">
                    <title>3.2.4 改革和健全图书馆馆员考核评价机制</title>
                    <p id="41">以职业化能力评价为依据，结合馆员工作情况，以工作实绩、工作技能、职业道德、科研能力为考核指标，多角度考核馆员。工作实绩考核主要针对工作的数量和质量，工作技能考核主要包括岗位技能和学习能力，职业道德考核主要包括出勤、协作、沟通、积极性、主动性、接受批评的态度、工作改进的速度、品德、政治倾向、品德修养，科研能力考核主要包括资格证书的取得、学位的获得、信息的敏感度、信息的搜集能力及科研成果。</p>
                </section>
            </section>
        </section>
    </body>
    <bibliography/>
    <footnote/>
</article>
