<?xml version="1.0" encoding="utf-8" standalone="no"?>
<article id="39" type="book" filename="result" version="2.1.1.1">
    <title>第1节||数字图书馆资源的配置、采集与编目</title>
    <body>
        <section id="1">
            <title>1 信息资源的种类</title>
            <p id="2">(1）按载体材料和存储技术可分为①印刷型信息资源：以纸质材料为载体，采用各种印刷技术把文字图像记录在纸上，便于阅读流通，存储密度低，加工难以自动化；②缩微型信息资源：以感光材料为载体，利用光学缩微技术将文字图像记录在感光材料上，存储密度高，便于收藏阅读，设备投资高；③声像型信息资源：以磁性和光学材料为载体，磁录光录技术将声音和图像记录，密度高，内容直观、表达力强，易于接受，需阅读设备；④数字化信息资源：计算机和存储技术，文字图像音视频转为数字化信息，磁光盘和网络载体等，密度高、读取高速、远距传输。</p>
            <p id="3">(2）按加工深度划分①零次信息：成为文献前的信息存在状态即进行中的研究，值可能比已发表文献高，可填补某些高新技术领域文献空白；②一次信息：本人研究工作或成果为依据撰写制作发布。提供新的知识，直接借鉴参考使用价值，检索利用的主要对象；③二次信息：对一次信息整理加工提炼和压缩之后得到的信息，便于管理大量分散无序的一次信息的工具性信息又称二手资料。提供一次信息的线索节省查找时间；④三次信息：根据一定目的和需求，大量利用有关一二次信息和其他三次信息基础上，对有关信息知识综合分析提取，重组概括形成，是对现有信息知识的再创作、再创造，使其进一步增值，有综合性参考价值高、系统性好的特点。</p>
        </section>
        <section id="4">
            <title>2 信息资源的特点</title>
            <p id="5">随着计算机网络技术、数据库技术和多媒体技术的发展，人们不断赋予图书馆新的含义，并产生了许多相关的新名词：电子图书馆（Electronic Library）、虚拟图书馆（VirtualLibrary）、虚拟现实图书馆（Virtual Reality Library）、无墙图书馆（No Wall Library）和全球图书馆（Global Library）、智能图书馆、智慧图书馆、移动图书馆。这些不同名称，只是人们为了从不同的角度描述DL（数字图书馆）的特征，不断将各种高科技应用到DL所产生的概念。数字图书馆作为现代信息技术环境下产生的新型图书馆，伴Internet和Web技术迅速壮大与成熟，图书馆信息资源的数字化、网络化是满足越来越多的图书馆用户渴望通过网络获取他们所需要的知识信息的必然要求。它是组织数字化信息及其技术进入图书馆并提供有效服务的一种新型信息服务方式。几乎图书馆所有载体的信息都以数字化形式存取和管理，通过诸如Internet国际互联网等计算机网络上网服务，供读者随时随地查询。在网络环境下，信息组织的对象逐渐多样化，其范围也随之扩大，包括图形、图像、声音和视频信息等，信息组织已不再停留在对文献特征的描述，而是深入到知识单元、信息单元。数字化图书馆的信息资源具有独有的特点和功能。</p>
            <section id="6">
                <title>2.1 信息资源数字化</title>
                <p id="7">这是数字图书馆的最基本特征，也是与传统图书馆的最大区别。信息存储的主要形式是从以纸张为载体的印刷型文献变成了数字化电磁信号，压缩了存储空间，改进了组织形式。数字是信息载体，信息依附于数字而存在，离开了信息资源的数字化，数字图书馆就成了无源之水。这也是图书馆信息资源数字化建设的最大难题，按学校一般藏书量计算，就算用最快的扫描仪，也是一个天文数字。一般可分两步走：第一步，两种文档并存，搞好电子目录和电子检索工作，为全面实现数字化做好前期准备。第二步，全面实现图书资料数字化。数字图书馆要求提供的数字化信息包括：文字、图形、图像、动态图像、数字声音、数字视频和超媒体资源，人们可以利用信息技术对其进行制作、加工、传输、转换和二次开发。这些信息资源种类繁多，只有对它们进行科学的组织，才能最大限度地提高信息的利用率。目前的数字化图书馆主要采取以下3种组织方法，一是文本方式：它用于对非结构化的文本信息进行组织和处理；二是超文本方式：这种方法将网上相关的信息有机地连接在一起，组成网状结构，用户可以从任一节点开始，从不同的角度浏览信息；三是主页方式：这是将某对象的信息集中在一起，全面介绍。因特网则采用这种方式。</p>
            </section>
            <section id="8">
                <title>2.2 信息传递网络化</title>
                <p id="9">数字图书馆通过由宽带网组成的因特网和万维网将世界各国的图书馆和成千上万个计算机联为一体，网上检索信息资源，并向网络输送信息，打破了纸印文献的局域性和局限性，可以跨时空检索，极大地缩短了信号传递的时间以及信息提供者和使用者的距离，从而加快了信息交流与反馈的速度。检索功能齐全，能提供题名、著者、主题词、关键词、号码、年代、出处等多种检索途径。这种数字化的信息以机读数据的形式存在，既可在计算机内高速处理，又可借助通信网络进行远距离传播，不受时间、空间限制。</p>
            </section>
            <section id="10">
                <title>2.3 信息利用共享化</title>
                <p id="11">信息资源具有通用性、开放性和标准化的数据结构。在信息网络环境下，可供多个用户使用，共享信息资源。由于有了数字化和网络化的坚实基础，信息利用共享体现出跨地域、行业资源无限与服务无限的特征。“馆藏”资源已不再是“私有”，而是面向世界，任何人得到的服务都是“虚拟馆”的服务，原先的信息围墙将被逐渐拆除。</p>
            </section>
            <section id="12">
                <title>2.4 信息提供知识化</title>
                <p id="13">信息资源内容丰富，类型多样，输出方式灵活。数字图书馆将图书、期刊、声像资料、数据库、网页等各类信息载体与信息来源在知识单元的基础上有机组织并链接起来，以动态分布式的方式为用户提供服务。与传统图书馆相比，数字图书馆已经并将实现由文献的提供向知识的提供转变。数字图书馆信息提供的知识化，将为读者建立起“知识宝库”，而图书馆员也将成为知识导航员。随着信息加工的知识化、智能化和建立起完备的检索系统将由信息提供的多次满足转变为信息提供的一次满足。</p>
            </section>
            <section id="14">
                <title>2.5 以用户为主的信息资源服务模式</title>
                <p id="15">通过计算机网络，用户只需坐在办公室或家里的终端前，就可以对远程的数据库进行联机浏览、检索。当用户在查找过程中遇到困难时，图书馆员通过数字图书馆可向用户提供多种形式的方便灵活的服务，体现了双方更加密切的合作性和交流性。</p>
            </section>
        </section>
        <section id="16">
            <title>3 信息资源采集的方式</title>
            <section id="17">
                <title>3.1 购买方式与非购买方式</title>
                <p id="18">(1）常规购买方式：如订购、预订、赊购。</p>
                <p id="19">(2）常规非购买方式：如呈缴、捐赠、无偿调拨、无偿征集等。</p>
                <p id="20">(3）其他方式（包括混合方式、中间方式、特殊方式）：如购买使用权（租借）、竞拍，交换，附购性呈缴、有偿调拨、有偿征集，复制、自行制作。如果考虑到“其他方式”中的下位类不好准确界定，建议采用N分法，在常规购买方式、常规非购买方式之后并列枚举具体方式，即：A．常规购买方式；B．常规非购买方式；C．交换方式；D．租借（购买使用权）方式；E．竞拍方式⋯⋯</p>
            </section>
            <section id="21">
                <title>3.2 两组并列性的采购方式</title>
                <p id="22">在购买方式和非购买方式（常规购买方式、常规非购买方式、其他方式）之外，是否还存在着其他与之具有并列性的采购方式分类呢？回答应该是肯定的。在目前的现状下以及可以预期的相当长的时间内，将图书馆文献采购方式同时再区分为集团采购与独家采购，纳入政府招标采购与自购，无论在理论上还是在实践上都是有意义、有价值的。</p>
                <p id="23">从逻辑上讲，这两种方式都属于具有严格排他性的二分法（即非此即彼）；从采购对象上讲，二者均主要基于有偿性的文献购置范畴，属于对文献购买方式（常规方式与非常规方式）的不同角度的重新分类。</p>
            </section>
        </section>
        <section id="24">
            <title>4 信息资源的编目</title>
            <p id="25">信息资源的编目包括传统文献编目和网络资源编目两种形式。</p>
            <p id="26">网络资源的编目就是描述、标引网络资源的内容和形式特征，指引用户如何使用网络资源，网络信息资源所独具的特点，亦就是其编目的难点，所以网络资源编目工作面临着前所未有的困境。网络资源编目的标准和规范如下。</p>
            <section id="27">
                <title>4.1 网络信息资源的MARC格式编目</title>
                <section id="28">
                    <title>4.1.1 MARC格式编目的优点</title>
                    <p id="29">(1)MARC格式是目前系统最完善、结构最复杂、表示最严谨的元数据格式，它的标准化程度高，兼容性强。</p>
                    <p id="30">(2)在MARC产生的几十年时间里，MARC一直处于不断发展完善的过程之中，为了适应环境及发展的需要，MARC经过多次修改，调整补充了多个字段。</p>
                    <p id="31">(3)MARC严格遵循AACR2的有关规定，尤其在选取原则上，能确保其数据元素组成具有统一性，有利于数据交换。因此，增加反映网络资源信息MARC字段，完善软件功能，同样可以获取如传统编目MARC格式的声誉，而且用MARC格式著录的网络资料信息将比DublinCore描述的信息更加准确和易为人们所信赖。</p>
                    <p id="32">(4)在相当长的一段时期里，MARC和AACR2一直是书目数据描述领域的主流工具，从世界范围来看，当前绝大部分的书目记录都是依据上述方式进行编制的，无论是从数据描述的丰富性，还是从数据检索的查准率来看，MARC和AACR2都是名列前茅的。面对网络资源的冲击，图书馆最直接采取的方法就是使用传统的MARC对网络资源进行著录。</p>
                </section>
                <section id="33">
                    <title>4.1.2 MARC格式的局限性</title>
                    <p id="34">(1)格式过于复杂、专业性太强。MARC繁琐的著录规则、标准以及数量众多的字段、子字段限制了编目的简易、通俗和效率。</p>
                    <p id="35">(2)MARC的编目成本较高，且速度慢。</p>
                    <p id="36">(3)MARC需要在专门的软件系统中使用，而且不太适应互联网的环境。</p>
                    <p id="37">(4)MARC是被结构化的特殊体系的著录格式，只有经过专业训练的图书馆专业人员才能做文献著录工作。</p>
                    <p id="38">(5)856字段需要维护，以确保其所提供信息资源的准确性。</p>
                </section>
            </section>
            <section id="39">
                <title>4.2 网络信息资源的元数据编目</title>
                <p id="40">由于MARC格式在网络资源的整理等方面存在着一定的缺陷，这就需要创建新的数据模式来弥补它的不足，元数据的概念就是为了描述和组织网络信息资源的需要而被提出来的。于是，建立一个更简单的元数据模型和构架，并且能在网络中为各种用户所接受的标准化元数据元素集就显得非常重要，都柏林核心（Dublin Core，简称DC）就是为满足这种需要而产生的。作为学科间资源描述的首选者，都柏林核心已得到国际间的广泛认同，是目前世界上使用最广泛的元数据格式。</p>
                <p id="43">都柏林核心作为一种新的元数据模式，备受研究者的关注，很多文章都运用了较大篇幅分别介绍了DC元数据的发展历程；三大类十五个数据元素和限定词；都柏林核心的特色和设计原则等。都柏林核心之所以能够成为网络信息资源的著录标准，是由其自身的优越性决定的。都柏林核心的特色在于：简单明了，能够同时为非编目人员以及资源描述专家所用；语义互用性，有助于统一其他内容标准并且普遍为人们所了解的描述符集合；国际认同，得益于世界20多个国家的参与和推动；可扩展性，适用于更丰富的资源标准内部的结构和更详细描述的语义编码；全面性，它概括了网络信息资源的主要特征，涵盖了资源的重要检索点、辅助检索点及有价值的说明性信息；兼容性强，DC通过内嵌在HTML语言中来实现其对Web资源的描述，而HTML现已成为一种通用的超文本标记语言，各种通用浏览器都支持对它的解释。</p>
                <p id="44">都柏林核心虽然是专门针对网络资源而制定的一种著录格式，但由于其还处在发展阶段，因此不可避免地存在一些问题。著录项目定义上的模糊；检准率与检全率；限定与控制的运用；互通性；格式的稳定性；应用软件。</p>
            </section>
            <section id="45">
                <title>4.3 MARC格式与DC元数据的映射研究</title>
                <p id="46">目前，国际和国内的图书馆的编目工作基本上都遵循MARC格式，而且大部分图书馆都存有数以万计的MARC格式的书目数据，如何将图书馆资源网络信息资源融于同一系统之中，使Dublin Core元数据与MARC格式书目数据相互转换，实现DC与MARC的映射，这也是网络信息资源编目研究的一个热点问题。由于DC与MARC并不兼容，给相互操作带来了相当大的困难。因此，必须建立DC与MARC元数据的映射，将MARC格式下的元数据一一映射到DC格式中，从而在DC元数据框架中实现互操作。从理论上说，从DC到MARC甚至其他元数据格式的映射并不是件很困难的事情，任何一种结构化的数据都能转换成另一种数据结构，解决DC到MARC的映射问题，也就解决了元数据互操作问题中的核心部分。</p>
                <p id="47">MARC互换的首要问题是建立二者的映射表。多位学者都以列表的形式介绍了都柏林核心与MARC数据单元的对照，从映射表中可以看出，DC与MARC之间的对应关系有一对一映射、一对多映射、多对一映射和无对应映射4种。然而，随着DC元数据描述细节的日渐完善，DC元数据元素在现行的MARC格式中可能找不到对应部分，也就是说，在很多方面，DC已经超越MARC。因此，这种转换不可避免地会造成一定程度的数据损失，这是在建立DC与MARC映射过程中的一大难题。</p>
                <p id="48">网络时代的图书馆强调信息资源的整合和检索的无缝性，然而，信息的整合并不意味着是各种资源的简单集合，而是强调利用各种技术对各种资源进行有效的整合，使多种资源形成一个有机的整体。不断研究MARC和DC之间的映射，就可以使传统资源与网络资源有机地结合在一起，向用户提供统一、全面的检索平台，克服数字化资源与纸质文献资源彼此分隔的弊病。</p>
            </section>
        </section>
        <section id="49">
            <title>5 编目业务外包</title>
            <p id="50">图书馆编目业务外包，就是图书馆把编目工作以合约方式委托给馆外从事编目的专业机构（如书商），完成编目数据加工的服务业务。编目业务外包的内容包括两方面：一是图书文献载体的物理加工，包括贴磁条、加盖馆藏章、贴条形码、贴书标等；另一方面是文献内容的加工，即通常所说的编目加工，包括文献分类、标引、主题分析、文献著录、馆藏记录等。20世纪90年代以来，随着自动化、信息化、网络化进程的不断加快，国外图书馆编目外包活动进入了一个新的发展时期。图书馆编目业务外包能够起到降低图书馆运作成本、节约人力、加快文献信息传播速度的作用，解决图书馆面对新技术、新形式的信息资源所造成的在人力技术方面上的不足的问题，使图书馆更好地集中馆内有限力量完成以读者为中心的各项工作。</p>
        </section>
        <section id="51">
            <title>6 编目工作发展趋势</title>
            <p id="52">随着网络技术的发展，图书馆文献编目的环境、内涵、外延和职业要求发生了一系列的变化：</p>
            <section id="53">
                <title>6.1 网络条件下编目环境的拓变</title>
                <section id="54">
                    <title>6.1.1 产生了新的岗位生长点</title>
                    <p id="55">数字化资源迅速发展，其内容广泛、传递速度快和使用方便等特点，使大量读者不再局限于纸质载体的使用而偏好网络资源。随着获取信息途径的增多，网络、电视等已成为人们获取信息的主要途径。为适应读者利用文献特点的变化，各图书馆对馆藏结构做出了相应的调整，电子期刊、电子书、免费网络资源等都已成为馆藏的重要内容。因此，有序地组织和整合这些资源成为拓展编目业务的新内容。</p>
                </section>
                <section id="56">
                    <title>6.1.2 传统工作内容萎缩</title>
                    <p id="57">继2003年CALIS(China Academic Library&amp;Information System，中国高等教育文献保障系统）联机合作编目中心、国家图书馆编目中心和上海图书馆联机编目中心建立以后，随着计算机网络条件下国内联机合作编目的蓬勃发展，各地区相继建立了联机合作编目中心。这些中心为全国各类图书馆共享书目数据奠定了基础。大量的可套录数据不仅加快了文献编目的速度，降低了大部分文献编目的技术难度，提高了编目工作的效率，同时也促进了传统编目工作流程的改革，进而导致了传统编目工作内容的萎缩和部分工作岗位的消失。</p>
                    <p id="58">联机合作编目具有执行标准统一、数据质量高、制作数据速度快等优点，在为各图书馆奠定共享书目数据基础的同时，也为书商套录书目数据、实现图书编目外包创造了条件。尽管各图书馆实现图书外包的做法不一，但是无论实现编目工作部分外包还是全部外包，都可以使图书馆节省大量的劳动力。因此，编目外包推动了传统编目工作向新的知识组织和整合领域拓展，促进了具有文献组织技能的部分人员向其他信息资源组织岗位流动和转移。</p>
                    <p id="59">综上所述，一方面联合编目和编目外包导致了传统编目工作内容的萎缩和转型，甚至在个别图书馆中不仅失去了昔日的权威地位，而且还面临着消亡的危险。另一方面，面对虚拟信息资源采购和收集数量的剧增，如何对它们进行有效的组织，以提高读者了解、检索、辨识和获取这些信息资源的方便程度，对现代编目人员提出了极大的挑战。因此，网络环境下编目工作的挑战和机遇并存，我们应该从知识组织和图书馆知识管理的角度重新认识编目工作的内涵，在传统文献编目的基础上拓展工作的内容和形式，使编目工作在知识组织领域突现出新的活力。</p>
                </section>
            </section>
            <section id="60">
                <title>6.2 编目工作内涵的变化</title>
                <section id="61">
                    <title>6.2.1 编目岗位名称的变化</title>
                    <p id="62">网络条件下，编目人员的角色出现了越来越多新的称谓，如“电子/数字资源馆员”、“元数据馆员”、“元数据分析员”、“印刷型/数字型编目员”、“MARC数据库管理员”、“信息馆员”等。这说明在网络环境与数字化技术的冲击下，编目员的职能范围得到了进一步的拓展。无疑，图书馆编目人员具有组织管理印刷型文献信息的丰富经验，他们在收集、分析和整理信息资源方面具有的专业素养，对电子资源和其他文献类型的整合、有序化将大有裨益。随着元数据（Mata-data）格式的完善和标准的推出，编目人员在整合和处理网络资源中将扮演关键角色。</p>
                </section>
                <section id="63">
                    <title>6.2.2 编目理念的拓展</title>
                    <p id="64">编目理念上，应具备创新意识，在新技术的协助下，设计出符合时代潮流与读者需求的目录，让编目员对读者的信息需求做出更直接的贡献，如：增加目录选择及辨识的功能，让读者可以在查询目录时，除了题名之外也能看到资料的目次、著者的生平甚至是书评，并通过在相关文献之间建立关联来提高文献聚集的功能；把单一图书馆的资源与虚拟图书馆的资源实现超链接，以提高聚合读者需求的功能，由文献的揭示深入到知识层面的揭示，即深入到揭示文献的章节及单篇文章，进而提高文献的检索功能。概言之，文献编目实现由文献组织向知识组织层面的转移，是实现目录揭示、识别、聚合和获取功能的重要方面。编目理念的变化对书目数据制作的质量提出了更高的要求，使编目工作更具挑战性。</p>
                </section>
                <section id="65">
                    <title>6.2.3 编目对象的多元化</title>
                    <p id="66">无论是实施联机合作编目还是编目外包，编目的对象都仅仅局限于传统的印刷型图书和期刊。然而，目前图书馆收藏的文献对象已经远远超越传统文献的范围，呈现多种载体、多种类型并存的局面，其中包括电子图书、电子期刊、网络资源、缩微资料、光盘、磁盘等多种信息资源。</p>
                </section>
                <section id="67">
                    <title>6.2.4 编目分工精细化</title>
                    <p id="68">在联机合作编目条件下，通常90%以上的书目数据可以通过套录获取，而需作原始编目的数据占的份额很低，这使追求更高的工作效率和合理使用人力资源成为可能。因此，可以将原来以文种、流程设置工作岗位的原则，改为以原编、套录、总校和加工等按工作性质设置岗位的原则。采用这种分工模式不仅提高了编目工作的效率，同时也提高了编目工作的质量。而且可以将高级编目人员从技术含量低的重复劳动中解脱出来，让他们更多地从事提高书目质量、改善OPAC(Online Public Access Catalogue，联机公共目录查询系统）检索界面等对提高读者检索利用文献有意义的工作。此外，合作编目腾出的人力资源还可以从事网络资源编目和特种文献编目的相关工作。</p>
                </section>
            </section>
            <section id="69">
                <title>6.3 编目工作外延的扩大</title>
                <p id="70">随着文献编目工作环境的拓变、内涵的变化，编目人员完全可以从传统的高强度的重复劳动中解脱出来，利用已有的专业技能，从事下列一些传统编目以外的工作，以便更好地为读者服务。</p>
                <section id="71">
                    <title>6.3.1 加入咨询和导读队伍</title>
                    <p id="72">编目员对用户需求的了解、对藏书的分类布局和组织体系的熟悉程度是其他馆员无法比拟的，因此可以分担一定的参考咨询工作，走到公众服务的第一线。</p>
                </section>
                <section id="73">
                    <title>6.3.2 加入自动化管理的建设队伍</title>
                    <p id="74">图书馆自动化管理是一项工程浩大的任务，需要制定规范的工作条例以及投入大量的人力资源，编目员可以利用丰富的专业知识和娴熟的操作技能在其中担当组织、培训与管理等重要角色。</p>
                </section>
                <section id="75">
                    <title>6.3.3 加入数字图书馆建设的队伍</title>
                    <p id="76">编目员有得天独厚的技术背景，具备接受新事物的能力，了解用户需求，所以能参与开发和推广信息软件，制作和维护网页，成为数字图书馆建设的主力军。</p>
                </section>
                <section id="77">
                    <title>6.3.4 担任“特色数据库馆员”、“信息馆员”</title>
                    <p id="78">未来的社会是信息社会、知识社会，人们更需要的是深入文献实体的知识单元或信息单元。编目人员由文献组织者发展为知识组织者，编目工作不再停留于文献外表特征的描述，如题名、责任者、出版者、载体形态等信息，而转向加快二次文献数据库的建设开发馆藏资源，建设有本馆特色的数据库。</p>
                </section>
            </section>
        </section>
    </body>
    <bibliography/>
    <footnote/>
</article>
