<?xml version="1.0" encoding="utf-8" standalone="no"?>
<article id="29" type="book" filename="result" version="2.1.1.1">
    <title>第1节||数字图书馆战略管理的概念</title>
    <body>
        <section id="1">
            <title>1 图书馆战略管理的含义</title>
            <section id="2">
                <title>1.1 战略管理的概念</title>
                <p id="3">战略管理源于战争，在英文中，战略（strategy）一词起源于希腊文的“strategos”，意指将军的指挥艺术。战争是你死我活的竞争，战略之于战争的重要性可见一斑。战略管理从军事走向民间，首先是在企业管理中得到了较为广泛的应用和研究。企业身处竞争激烈的商场，虽然不像战争那样只有你死我活一条道路，它可以是互有胜负，或者虽输但不至于死，有时甚至可以达到双赢。但是，商场如战场，企业竞争结果的多项选择最终还是取决于战略决策的能力。所以，战略管理服务于竞争，图书馆引进战略管理的概念，同样是为了竞争取胜。对于图书馆而言，战略管理主要是指通过改变图书馆的馆藏资源、人力资源的配置以及信息服务手段，使其适应不断变化的信息环境，以满足用户需求的过程。</p>
            </section>
            <section id="4">
                <title>1.2 图书馆战略管理特点</title>
                <p id="5">图书馆的竞争环境如同身处温水中的青蛙，只要你稍一松懈，就会在舒适的环境中不知不觉地死去。因而，应对这种竞争环境，图书馆的战略管理必须搞清自己的特点。首先是自然性。图书馆的竞争是无形的，图书馆为适应这种无形的压力所采取的战略管理措施往往也是在不知不觉中得到实施。图书馆从来就没停止过战略思考，也没有停止过战略管理的努力。只是我们没有认真地总结这样的管理模式，而是让它自然地发展。所以，图书馆的战略管理具有顺应自然的特性，现在是到了该自觉应用的阶段。其次是非紧迫性。相对于图书馆的个体而言，竞争并不激烈，短期内并没有生死存亡的忧患，图书馆的战略管理并不十分紧迫。图书馆人在图书馆的发展战略问题上，并没有做好完全的准备，在不断变化的新概念面前仍显得手足无措、无所适从。不同的图书馆将在不同的平台上，展开一轮战略问题的思考。第三是兼容性。图书馆的战略管理需要有兼容性，这是因为图书馆竞争面对的竞争对手既有那些不同行业的潜在对手，也有同行业的飞速发展的图书馆。只有不断学习和包容各种竞争对手的战略，才能使图书馆在竞争中胜出，找到在不断变化中的读者价值链中的地位。</p>
            </section>
        </section>
        <section id="6">
            <title>2 图书馆战略管理的内容</title>
            <section id="7">
                <title>2.1 图书馆战略管理的目标和任务</title>
                <p id="8">图书馆战略管理的目标，就是图书馆立足社会的基本原则。战略管理为图书馆的根本利益服务，图书馆立足社会的基本原则就是满足阅读需求，为它的读者群体服务。因而，图书馆的战略目标应该符合如下几个基本条件或其中之一：符合母体的需求，延伸到满足社会需求；为需要服务的读者提供高效便捷的知识服务；资源得到最优配置，充分收藏各种载体资源，延伸图书馆的物理形态；利用一切有利条件，发展图书馆事业。</p>
                <p id="9">要实现上述战略目标，就必须明确图书馆立足社会的基本使命。图书馆的使命在这里又可以被称为战略管理任务。笔者以为，图书馆的使命仍然可以使用印度学者阮岗纳赞提出的图书馆五原则：书是为了用的；每位读者有其书；每本书有其读者；省读者的时间；图书馆是一个不断生长的有机体。尽管图书馆的内外环境已经发生了极大的变化，但是，作为图书馆这样的公益性机构，这五项基本原则的基本含义仍然有效。书代表的是知识资源，为读者提供含有知识的资源是图书馆永远不变的追求，也是推动图书馆事业不断发展的基本动力。</p>
            </section>
            <section id="10">
                <title>2.2 图书馆战略管理规划</title>
                <p id="11">图书馆战略规划具备理论标准化过程，包括数据资料的收集、问题方面的分析、任务标准的确立、方案设计的选择、颁布与评估等多个环节。通过这些环节图书馆的管理制度有了明确的改进，业务与管理工作方面体现出内容清楚、责任明确的特点，特别是战略绩效，因为图书馆主要是依靠服务来提高效益。因此，图书馆战略规划的使命就是以提供服务为主要目标，服务资源与服务项目占很大比重，根据实际情况制定适合本馆的发展方向、发展目标、实现策略，才能更好地为社会服务。</p>
                <p id="12">要实现图书馆战略管理目标和任务，就必须制定一套详细的图书馆战略管理规划，以便使图书馆的战略目标和任务得以实现。制定图书馆战略管理目标，必须遵循下述特点：第一，根据图书馆母体的目标和任务，如国家、地区、大学以及各类机构的总体目标和读者群，制定相应的战略管理规划。任何脱离其母体目标和任务的战略规划，都是不现实的，也是没有生命力的。第二，图书馆的战略管理规划，不受母体目标和任务的制约。任何一个图书馆不可能完全脱离整个图书馆事业的发展范畴，因而，为本馆制定战略规划，就必须考虑到整个图书馆界现有的发展水平。第三，最根本的也是最现实的影响因素，莫过于需求。这个需求概括地讲，就是社会需求，具体地讲则是母体和读者的需求。不能满足母体及读者的需求，图书馆就失去了它存在的理由。满足了上述条件，图书馆的战略管理规划就可以正确制定。根据图书馆在战略上的需求特点，战略管理规划可以分为下述几种类型：长期规划，一般在3～5年的规划，称为长期规划；中期规划，一般为1年的规划；短期规划，一般为3～5个月，是针对经常出现的战略性问题而制定的实施规划；应急规划，是为临时或突发的战略性事件而制定的规划。</p>
            </section>
            <section id="13">
                <title>2.3 图书馆战略管理策略</title>
                <p id="14">在制定图书馆战略管理规划后，具体落实战略规划，还需要具有相应的策略。近年来，适应图书馆发展战略的各种策略并不少见，大量引进企业管理方面的策略同样适用于图书馆战略管理实施。主要有：A．业务流程重组（Business Process Reengineering，简称BPR）。强调以业务流程为改造对象和中心，以关心客户的需求和满意度为目标，对现有的业务流程进行根本的再思考和彻底的再设计，利用先进的制造技术、信息技术以及现代的管理手段，最大限度地实现技术上的功能集成和管理上的职能集成，以打破传统的职能型组织结构，建立全新的过程型组织结构，从而实现图书馆管理的成本、质量、服务和速度等方面的根本改善。B．业务外包（Outsourcing）。原指一个机构的内部IT基础设施、工作人员、进程或应用转交给一个拥有相应资源的外部机构，如ASP等。目前我国的图书馆实施外包的业务主要是编目和IT技术，虽属于刚刚起步，但明显具有非常强大的生命力，并正在逐步地蔓延扩展到整个图书馆界。C．质量管理（Quality management）。就是在质量方面的指挥和控制活动，通常包括制定质量方针和质量目标，进行质量策划，实施质量控制，完成质量保证和质量改进的进程。质量管理最初应用在生产产品的过程中，起到对产品的耐用性、可靠性、安全性、维修性和经济性等方面的有效控制。目前，ISO（国际标准化组织）实施的9000系列质量管理标准，对服务产品也实施了有效管理。因而，图书馆作为一个服务机构实施质量管理是可以帮助提高管理水平的。</p>
            </section>
        </section>
        <section id="15">
            <title>3 图书馆战略管理模式</title>
            <p id="16">根据当今较为先进的发达国家图书馆以及我国较为先进的图书馆的实践，我国的图书馆战略管理大致可以概括为如下几种类型：资源最优配置战略、图书馆服务优化战略和图书馆综合优势战略，其中每一种模式都可以分为具体的战略选择。图书馆战略实施主要是树立目标、制定政策、激励馆员。各部门制订自己的计划，使制定的战略得以执行。实施方案主要包括图书馆文化，构建组织结构，信息资源，制定各种活动方案，以便有计划地实施。</p>
            <section id="17">
                <title>3.1 图书馆资源最优配置战略</title>
                <p id="18">“资源为主”是图书馆立足社会、满足社会需求的基本价值观。千百年来，从西方的亚历山大图书馆，到中国古代的藏书楼，乃至今日的各类图书馆，甚至在西方国家业已出现的所谓信息共享空间，收藏的多寡仍然是图书馆价值标志的基础。为此，在资源上的战略也呈现出图书馆管理理念的多样性。图书馆实施战略管理，有助于减少图书馆资源配置的盲目性和随意性、馆藏资源的合理化以及图书馆信息服务的开展。</p>
                <section id="19">
                    <title>3.1.1 珍藏战略</title>
                    <p id="20">对某些图书馆来说，如果拥有一些珍本、善本、孤本之类的藏书，那么，它就可以成为“镇馆之宝”。有了镇馆之宝的图书馆，可以围绕这些藏书，规划自己的藏书体系，从而成为一些研究者向往的地方。这种战略适用于一些小的地方馆，资金不足，资源不足，但是却有着难得的历史文献，这无疑是该图书馆的立足之本。</p>
                </section>
                <section id="21">
                    <title>3.1.2 全面化战略</title>
                    <p id="22">对于某些馆来说，有着雄厚的资金，或者有国家、地区政府的支持，进行文献资源的全面收藏，以文献的全面性、完整性获得社会的承认。像各国的国家图书馆，就有全面收藏国内出版物的任务。这样的馆当然是具有战略意义的馆，是读者乐意光顾的社会文化机构之一，也是非常具有价值的图书馆。</p>
                </section>
                <section id="23">
                    <title>3.1.3 特色化战略</title>
                    <p id="24">对于大多数图书馆来说，珍藏和全面化战略并不是最好的选择，走特色化道路可能是一种捷径。尤其是一些所依附的母体本身就有一些特色，那么，这样的图书馆走特色化道路无疑是最合适的了。如专业特色明显的大学图书馆、具有显著文化特色的地方图书馆等。围绕特色形成的馆藏，一定要具有系统化，才能真正做到特色化。</p>
                </section>
                <section id="25">
                    <title>3.1.4 数字化战略</title>
                    <p id="26">现阶段，图书馆的馆藏是印刷型和数字型并行的时代，因而，一个完全数字化的图书馆无疑也是一种特色。再加上系统的网络服务体系，那么，数字化图书馆就可以成为一种竞争优势。</p>
                </section>
            </section>
            <section id="27">
                <title>3.2 图书馆服务优化战略</title>
                <p id="28">图书馆有史以来，就是以能够提供服务、发挥馆藏作用而立足于社会的。社会需要图书馆，就在于它能够提供知识服务。所以，有了资源，更需要提供良好便捷的服务。图书馆服务可以作为各个图书馆发展的战略方向。图书馆要充分利用人力资源的开发，激励馆员的豪情，为实现自己的目标而努力工作。</p>
                <section id="29">
                    <title>3.2.1 学科馆员战略</title>
                    <p id="30">学科馆员在图书馆的兴起，表明了图书馆服务在向纵深发展。学科馆员是以图书馆的资源为基础，结合知识管理的新理念，为学校的教研人员提供深层次专业化服务。由于学科馆员深入了解课程，与研究人员联系紧密，服务更加到位，图书馆的资源优势更能体现，从而使图书馆的战略地位得到进一步加强。</p>
                </section>
                <section id="31">
                    <title>3.2.2 网络服务战略</title>
                    <p id="32">互联网不仅改变了图书馆传统的资源形态、服务方式，也改变了图书馆的传统管理模式。随着网络的不断更新升级，新的概念、工具不断产生，每一次都会对图书馆产生震动，带动图书馆向纵深发展。如何利用好网络这种快捷方便的工具，是图书馆在网络时代的战略选择。</p>
                </section>
                <section id="33">
                    <title>3.2.3 传统服务优化战略</title>
                    <p id="34">今天仍然还是一个数字与传统共存的时代，图书馆的传统服务仍然有着它的特定用户群，人们尚不完全能够适应纯数字化服务。传统服务优化并没有退出历史舞台，它仍然可以作为某些图书馆在特定对象和特定时期的一种战略选择。如何优化传统服务，使传统服务网络时代仍能够发挥它应有的作用，也是我们不容忽视的方面。</p>
                </section>
                <section id="35">
                    <title>3.2.4 特色服务战略</title>
                    <p id="36">在很多公共图书馆，提供一种特色的服务。如盲人导读、送书上门、定点服务等。特色服务也是一种重要的服务方式，如干部学院为干部专门编制专题文献，戏剧学院建设传统戏剧服饰、舞台道具阅览室等，这些都属于特色服务。图书馆能够强化这种服务，作为一种战略目标来实现它，那么，这种特色就是一种战略了。</p>
                </section>
            </section>
            <section id="37">
                <title>3.3 图书馆综合优势战略</title>
                <p id="38">除了具有某些特专、特色、特长或特大等显著特点的图书馆，很大一部分可能就是很普通的了。在既无特长又无业务特色可言的图书馆中，战略发展的模式仍可以走综合优势的道路。</p>
                <section id="39">
                    <title>3.3.1 馆藏和服务优化平衡战略</title>
                    <p id="40">对于一些具有一定实力的大馆来说，虽然不能选择全面化战略，但能够在相对的馆藏优势中，寻求服务优化，求得平衡发展。如一些省级大馆，并无责任、业务能力和资金来保证它在馆藏方面的竞争优势，但是，它们仍可以通过各种优质服务来平衡图书馆的整体发展。一方面，它们并不放弃寻求馆藏上的优势地位，一旦有了资金，仍然是努力方向，但是，服务优势必须一直坚持不懈地去创建。</p>
                </section>
                <section id="41">
                    <title>3.3.2 馆藏和服务特色平衡战略</title>
                    <p id="42">在一些不属于超一流的高校图书馆里，馆藏建设战略一直是一个摇摆不定的难题。根据本校的专业学科特点，或者地区社会经济特点，开展结合馆藏的特色服务，试图通过特色服务来提升图书馆的综合竞争力。这种战略发展模式是根据自身特点和环境特点做出的选择。</p>
                </section>
                <section id="43">
                    <title>3.3.3 馆藏和服务互补平衡战略</title>
                    <p id="44">在一个资金有限、人才不足、母体特色不明显、读者需求很普通的图书馆，它的处境决定了它只能走平衡发展的道路。馆藏建设力求符合一般读者的需要，服务保证基本的需求，使图书馆能够正常地运作。它可以被遗忘，但是绝对不能被嫌弃。这是这种图书馆发展的基本战略。</p>
                </section>
            </section>
        </section>
    </body>
    <bibliography/>
    <footnote/>
</article>
