<?xml version="1.0" encoding="utf-8" standalone="no"?>
<article id="34" type="book" filename="result" version="2.1.1.1">
    <title>第2节||数字图书馆用户研究和关系管理的意义</title>
    <body>
        <p id="1">数字图书馆用户研究和关系管理的意义有以下几个方面。</p>
        <section id="2">
            <title>1 是以用户为中心的管理模式的需要</title>
            <p id="3">数字图书馆建设的重点包括面向资源或产品、面向信息的传播交流方式和面向用户服务等三种形式。用户关系管理是从以产品或资源为中心的模式向以用户为中心的模式转变。随着现代管理技术的发展，资源和服务的同质化趋势越来越明显，因此通过产品或服务差别来创造竞争优势也就变得越来越困难。用户关系管理的根本目的就是通过各种渠道挖掘有关用户的相关信息，对用户信息进行分析和预测，以提供有针对性的服务。用户关系管理以用户为中心，强调以人为本的理念，通过将信息资源、业务流程与专业技术等进行有效的整合，并强化动态和个性化服务，以更低成本、更高效率满足用户的需求。</p>
        </section>
        <section id="4">
            <title>2 是个性化服务管理的需要</title>
            <p id="5">随着信息在社会中的作用增强，人们对信息的需求增加，信息需求更趋于个性化。数字图书馆用户服务的个性化是网络化发展的客观要求和发展趋势。个性化服务是许多用户对数字图书馆服务的基本要求，个性化服务水平体现了数字图书馆的服务质量。数字图书馆的特点也易于实现个性化服务，数字图书馆用户关系管理在收集挖掘用户信息的基础上，通过分析和预测用户的行为来为用户提供个性化的定制服务。除了管理用户的基本信息外，数字图书馆用户关系管理还区别对待不同的用户，掌握和引导现有用户或潜在用户，促使其选择利用数字图书馆有关的产品或服务。</p>
        </section>
        <section id="6">
            <title>3 是数字化管理的需要</title>
            <p id="7">由于采用了信息技术，数字图书馆提高了信息处理自动化的程度，实现了更大范围内的信息共享。用户关系管理系统能够自动收集和统计用户的大量信息，并进行多维的特征分析；能够处理复杂的数据和支持对用户行为的研究；将用户关系管理系统与数据仓库、数据分析、网络信息挖掘等技术相结合，可以发现有价值的用户。数字化用户关系管理通过建立一套完善的用户信息资源管理系统，通过对用户信息资源的整合和共享，从而吸引更多的用户，为用户提供更快速更有针对性的优质服务，提高用户对服务的满意度。用户关系管理系统通过对用户的分类和分析，掌握用户的偏好、愿望和需求等方面情况，然后制定管理策略，使服务更为有效。</p>
        </section>
        <section id="8">
            <title>4 可以充分利用数字图书馆用户资源</title>
            <p id="9">数字图书馆的用户资源是一项重要资源。任何一个机构要维持自己的生存发展，必须拥有一定的资源，并对有限的资源进行合理配置，以达到最佳的使用效果。每个单位所拥有的资源在数量、质量上都不尽相同，但都是有限的，这就要求充分有效地利用有限的资源，使之发挥最大的效用。用户关系管理认为用户资源是一种重要资源。用户资源对组织目标的实现具有很大的影响，用户的选择决定着一个组织的方向，因此，用户资源已成为组织发展的重要资源之一。用户关系管理系统对用户信息进行整合管理体现出将用户作为一种资源的管理思想，把用户资源纳入到管理中来，实现了用户服务的协同管理。通过用户关系管理系统与用户保持沟通，针对特定的用户进行专门化服务，实现用户资源的增值。</p>
        </section>
        <section id="10">
            <title>5 可以提高数字图书馆的竞争力</title>
            <p id="11">随着数字图书馆的进一步发展，数字图书馆之间的竞争会越来越激烈。目前有些数字图书馆的管理体制已是经营实体，国内外数字图书馆系统也开始展开对用户的争夺。用户关系管理利用先进的信技息技术，正确分析用户的需求，以最快的速度响应和满足用户的需求，从而能够在最大范围内吸引更多的用户。良好的用户关系管理不仅挽留现有的用户，而且还可挽回已经失去的用户，同时争取更多的用户。用户关系管理的目的是实现用户价值的最大化，不同的用户具有不同的关系价值，用户关系管理的实施让用户和潜在用户感到其受到重视，成为数字图书馆服务的使用者和支持者。因此，用户关系管理的实施有利于形成竞争优势，进而增强竞争力。</p>
        </section>
    </body>
    <bibliography/>
    <footnote/>
</article>
